model_name,split,image_path,gt_idx,scale_bin,best_score_all,match_metric,best_metric_all,best_metric_conf,best_metric_final,best_iou_all,best_iou_conf,best_iou_final,fn_type,gt_cls,gt_box_xyxy
bsd,val,/home/ubuntu/hpproject/yolo/dataset/yolo/datasetm6c/images/val/0030.png,0,>=64,0.4152880609035492,iou,0.5039669871330261,0.21569891273975372,0.21023774147033691,0.5039669871330261,0.21569891273975372,0.21023774147033691,regression_or_match_poor,0,"126.00,192.00,375.00,308.00"
bsd,val,/home/ubuntu/hpproject/yolo/dataset/yolo/datasetm6c/images/val/0051.png,2,32-64,0.43612292408943176,iou,0.6747958064079285,0.01607486791908741,0.015115810558199883,0.6747958064079285,0.01607486791908741,0.015115810558199883,regression_or_match_poor,0,"148.39,67.22,174.99,99.26"
bsd,val,/home/ubuntu/hpproject/yolo/dataset/yolo/datasetm6c/images/val/0055.png,1,>=64,0.36236846446990967,iou,0.7164735794067383,0.16824692487716675,0.16824692487716675,0.7164735794067383,0.16824692487716675,0.16824692487716675,regression_or_match_poor,0,"151.00,65.00,211.00,117.00"
bsd,val,/home/ubuntu/hpproject/yolo/dataset/yolo/datasetm6c/images/val/0066.png,1,16-32,0.0,iou,0.0,0.0,0.0,0.0,0.0,0.0,no_response,0,"178.00,160.00,197.00,203.00"
bsd,val,/home/ubuntu/hpproject/yolo/dataset/yolo/datasetm6c/images/val/0066.png,3,16-32,0.08755329996347427,iou,0.4852273464202881,0.0,0.0,0.4852273464202881,0.0,0.0,low_score,0,"301.00,109.00,342.00,124.00"
bsd,val,/home/ubuntu/hpproject/yolo/dataset/yolo/datasetm6c/images/val/0068.png,1,32-64,0.23749934136867523,iou,0.6059411764144897,0.0,0.0,0.6059411764144897,0.0,0.0,low_score,0,"124.00,211.00,155.00,235.00"
bsd,val,/home/ubuntu/hpproject/yolo/dataset/yolo/datasetm6c/images/val/0068.png,2,32-64,0.10469108074903488,iou,0.6907961964607239,0.0,0.0,0.6907961964607239,0.0,0.0,low_score,0,"245.00,204.00,283.00,244.00"
bsd,val,/home/ubuntu/hpproject/yolo/dataset/yolo/datasetm6c/images/val/0069.png,1,32-64,0.10018052905797958,iou,0.3533066511154175,0.0,0.0,0.3533066511154175,0.0,0.0,low_score,0,"213.83,122.63,243.66,150.93"
bsd,val,/home/ubuntu/hpproject/yolo/dataset/yolo/datasetm6c/images/val/0069.png,2,16-32,0.22482988238334656,iou,0.7259190082550049,0.0,0.0,0.7259190082550049,0.0,0.0,low_score,0,"145.00,243.47,169.47,271.77"
bsd,val,/home/ubuntu/hpproject/yolo/dataset/yolo/datasetm6c/images/val/0069.png,3,16-32,0.11071904748678207,iou,0.7386513352394104,0.0,0.0,0.7386513352394104,0.0,0.0,low_score,0,"421.86,195.29,438.68,225.88"
bsd,val,/home/ubuntu/hpproject/yolo/dataset/yolo/datasetm6c/images/val/0072.png,0,16-32,0.3201218247413635,iou,0.3221973776817322,0.15184183418750763,0.15184183418750763,0.3221973776817322,0.15184183418750763,0.15184183418750763,regression_or_match_poor,0,"222.00,150.00,241.00,164.00"
bsd,val,/home/ubuntu/hpproject/yolo/dataset/yolo/datasetm6c/images/val/0105.png,0,32-64,0.10343251377344131,iou,0.6813892126083374,0.0,0.0,0.6813892126083374,0.0,0.0,low_score,0,"145.00,170.00,205.00,198.00"
bsd,val,/home/ubuntu/hpproject/yolo/dataset/yolo/datasetm6c/images/val/0143.png,1,>=64,0.4090368151664734,iou,0.876302182674408,0.11231014132499695,0.10515972226858139,0.876302182674408,0.11231014132499695,0.10515972226858139,regression_or_match_poor,0,"271.00,247.00,318.00,294.00"
bsd,val,/home/ubuntu/hpproject/yolo/dataset/yolo/datasetm6c/images/val/0144.png,0,32-64,0.015064517967402935,iou,0.8308132290840149,0.0,0.0,0.8308132290840149,0.0,0.0,low_score,0,"312.00,269.00,350.00,305.00"
bsd,val,/home/ubuntu/hpproject/yolo/dataset/yolo/datasetm6c/images/val/0177.png,0,>=64,0.7370715737342834,iou,0.32580775022506714,0.32580775022506714,0.2999272644519806,0.32580775022506714,0.32580775022506714,0.2999272644519806,postproc_filtered,0,"93.00,323.00,261.00,416.00"
bsd,val,/home/ubuntu/hpproject/yolo/dataset/yolo/datasetm6c/images/val/0188.png,1,32-64,0.23729750514030457,iou,0.567809522151947,0.0,0.0,0.567809522151947,0.0,0.0,low_score,0,"293.00,111.00,340.00,184.00"
bsd,val,/home/ubuntu/hpproject/yolo/dataset/yolo/datasetm6c/images/val/0221.png,0,<16,0.6338526606559753,iou,0.0005084170261397958,0.0005084170261397958,0.0005084170261397958,0.0005084170261397958,0.0005084170261397958,0.0005084170261397958,regression_or_match_poor,0,"200.00,228.00,201.00,229.00"
bsd,val,/home/ubuntu/hpproject/yolo/dataset/yolo/datasetm6c/images/val/0221.png,3,>=64,0.28698036074638367,iou,0.5936595797538757,0.14361082017421722,0.13517463207244873,0.5936595797538757,0.14361082017421722,0.13517463207244873,regression_or_match_poor,0,"263.00,200.00,331.00,285.00"
bsd,val,/home/ubuntu/hpproject/yolo/dataset/yolo/datasetm6c/images/val/0221.png,4,32-64,0.28698036074638367,iou,0.32513219118118286,0.08970804512500763,0.08970804512500763,0.32513219118118286,0.08970804512500763,0.08970804512500763,regression_or_match_poor,0,"232.00,144.00,283.00,195.00"
bsd,val,/home/ubuntu/hpproject/yolo/dataset/yolo/datasetm6c/images/val/0221.png,5,>=64,0.28698036074638367,iou,0.45305120944976807,0.25211912393569946,0.25211912393569946,0.45305120944976807,0.25211912393569946,0.25211912393569946,regression_or_match_poor,0,"143.00,129.00,229.00,214.00"
bsd,val,/home/ubuntu/hpproject/yolo/dataset/yolo/datasetm6c/images/val/0234.png,0,16-32,0.07092949002981186,iou,0.7848042845726013,0.0,0.0,0.7848042845726013,0.0,0.0,low_score,0,"212.04,221.24,272.37,247.89"
bsd,val,/home/ubuntu/hpproject/yolo/dataset/yolo/datasetm6c/images/val/0234.png,1,16-32,0.15147753059864044,iou,0.3053199350833893,0.0,0.0,0.3053199350833893,0.0,0.0,low_score,0,"255.13,153.08,270.80,169.53"
bsd,val,/home/ubuntu/hpproject/yolo/dataset/yolo/datasetm6c/images/val/0234.png,2,32-64,0.0,iou,0.0,0.0,0.0,0.0,0.0,0.0,no_response,0,"361.70,260.42,396.96,297.25"
bsd,val,/home/ubuntu/hpproject/yolo/dataset/yolo/datasetm6c/images/val/0262.png,0,16-32,0.08073266595602036,iou,0.7743550539016724,0.0,0.0,0.7743550539016724,0.0,0.0,low_score,0,"309.00,219.00,345.00,249.00"
bsd,val,/home/ubuntu/hpproject/yolo/dataset/yolo/datasetm6c/images/val/0262.png,1,16-32,0.09315351396799088,iou,0.7911522388458252,0.0,0.0,0.7911522388458252,0.0,0.0,low_score,0,"246.00,193.00,280.00,217.00"
bsd,val,/home/ubuntu/hpproject/yolo/dataset/yolo/datasetm6c/images/val/0262.png,2,32-64,0.08073266595602036,iou,0.21083106100559235,0.0,0.0,0.21083106100559235,0.0,0.0,low_score,0,"323.00,186.00,399.00,231.00"
bsd,val,/home/ubuntu/hpproject/yolo/dataset/yolo/datasetm6c/images/val/0324.png,0,32-64,0.14846310019493103,iou,0.579049289226532,0.0,0.0,0.579049289226532,0.0,0.0,low_score,0,"216.00,230.00,251.00,269.00"
bsd,val,/home/ubuntu/hpproject/yolo/dataset/yolo/datasetm6c/images/val/0349.png,0,16-32,0.0,iou,0.0,0.0,0.0,0.0,0.0,0.0,no_response,0,"411.00,225.00,442.00,250.00"
bsd,val,/home/ubuntu/hpproject/yolo/dataset/yolo/datasetm6c/images/val/0351.png,0,32-64,0.8314635157585144,iou,0.840791642665863,0.04566861689090729,0.038666971027851105,0.840791642665863,0.04566861689090729,0.038666971027851105,regression_or_match_poor,0,"141.00,168.00,181.00,196.00"
bsd,val,/home/ubuntu/hpproject/yolo/dataset/yolo/datasetm6c/images/val/0359.png,0,32-64,0.1360890418291092,iou,0.7383741140365601,0.0,0.0,0.7383741140365601,0.0,0.0,low_score,0,"177.00,290.00,235.00,322.00"
bsd,val,/home/ubuntu/hpproject/yolo/dataset/yolo/datasetm6c/images/val/0359.png,1,16-32,0.22521522641181946,iou,0.875139594078064,0.0,0.0,0.875139594078064,0.0,0.0,low_score,0,"368.00,255.00,391.00,283.00"
bsd,val,/home/ubuntu/hpproject/yolo/dataset/yolo/datasetm6c/images/val/0359.png,2,32-64,0.0,iou,0.0,0.0,0.0,0.0,0.0,0.0,no_response,0,"245.00,225.00,281.00,252.00"
bsd,val,/home/ubuntu/hpproject/yolo/dataset/yolo/datasetm6c/images/val/0359.png,3,16-32,0.1413821578025818,iou,0.7497540712356567,0.0,0.0,0.7497540712356567,0.0,0.0,low_score,0,"367.00,178.00,390.00,207.00"
bsd,val,/home/ubuntu/hpproject/yolo/dataset/yolo/datasetm6c/images/val/0359.png,4,32-64,0.18664313852787018,iou,0.6997939944267273,0.0,0.0,0.6997939944267273,0.0,0.0,low_score,0,"238.00,81.00,284.00,107.00"
bsd,val,/home/ubuntu/hpproject/yolo/dataset/yolo/datasetm6c/images/val/0363.png,2,32-64,0.703347384929657,iou,0.24968893826007843,0.008144734427332878,0.005253716837614775,0.24968893826007843,0.008144734427332878,0.005253716837614775,regression_or_match_poor,0,"264.00,90.00,290.00,117.00"
bsd,val,/home/ubuntu/hpproject/yolo/dataset/yolo/datasetm6c/images/val/0371.png,0,16-32,0.1371365189552307,iou,0.9333244562149048,0.0,0.0,0.9333244562149048,0.0,0.0,low_score,0,"377.00,109.00,404.00,150.00"
bsd,val,/home/ubuntu/hpproject/yolo/dataset/yolo/datasetm6c/images/val/0371.png,3,32-64,0.1027468591928482,iou,0.24165217578411102,0.0,0.0,0.24165217578411102,0.0,0.0,low_score,0,"255.00,144.00,330.00,188.00"
bsd,val,/home/ubuntu/hpproject/yolo/dataset/yolo/datasetm6c/images/val/0371.png,4,32-64,0.19961409270763397,iou,0.6978297829627991,0.0,0.0,0.6978297829627991,0.0,0.0,low_score,0,"405.00,311.00,447.00,354.00"
bsd,val,/home/ubuntu/hpproject/yolo/dataset/yolo/datasetm6c/images/val/0376.png,0,<16,0.0,iou,0.0,0.0,0.0,0.0,0.0,0.0,no_response,0,"423.00,339.00,436.00,384.00"
bsd,val,/home/ubuntu/hpproject/yolo/dataset/yolo/datasetm6c/images/val/0376.png,1,16-32,0.030888335779309273,iou,0.7329011559486389,0.0,0.0,0.7329011559486389,0.0,0.0,low_score,0,"456.00,174.00,473.00,212.00"
bsd,val,/home/ubuntu/hpproject/yolo/dataset/yolo/datasetm6c/images/val/0380.png,0,32-64,0.1915857344865799,iou,0.20120900869369507,0.0,0.0,0.20120900869369507,0.0,0.0,low_score,0,"330.00,350.00,376.00,383.00"
bsd,val,/home/ubuntu/hpproject/yolo/dataset/yolo/datasetm6c/images/val/0380.png,1,32-64,0.1915857344865799,iou,0.14682279527187347,0.0,0.0,0.14682279527187347,0.0,0.0,low_score,0,"389.00,302.00,419.00,333.00"
bsd,val,/home/ubuntu/hpproject/yolo/dataset/yolo/datasetm6c/images/val/0380.png,3,32-64,0.03373466432094574,iou,0.6074609160423279,0.0,0.0,0.6074609160423279,0.0,0.0,low_score,0,"399.00,163.00,431.00,203.00"
bsd,val,/home/ubuntu/hpproject/yolo/dataset/yolo/datasetm6c/images/val/0380.png,4,16-32,0.061400607228279114,iou,0.8042998909950256,0.0,0.0,0.8042998909950256,0.0,0.0,low_score,0,"356.00,130.00,379.00,161.00"
bsd,val,/home/ubuntu/hpproject/yolo/dataset/yolo/datasetm6c/images/val/0409.png,0,32-64,0.11587448418140411,iou,0.8369913697242737,0.0,0.0,0.8369913697242737,0.0,0.0,low_score,0,"215.00,66.00,249.00,133.00"
bsd,val,/home/ubuntu/hpproject/yolo/dataset/yolo/datasetm6c/images/val/0433.png,0,32-64,0.06932926177978516,iou,0.2981153726577759,0.0,0.0,0.2981153726577759,0.0,0.0,low_score,0,"286.00,326.00,332.00,374.00"
bsd,val,/home/ubuntu/hpproject/yolo/dataset/yolo/datasetm6c/images/val/0433.png,1,32-64,0.0,iou,0.0,0.0,0.0,0.0,0.0,0.0,no_response,0,"357.00,289.00,391.00,333.00"
bsd,val,/home/ubuntu/hpproject/yolo/dataset/yolo/datasetm6c/images/val/0433.png,2,>=64,0.016682568937540054,iou,0.1170136108994484,0.0,0.0,0.1170136108994484,0.0,0.0,low_score,0,"344.00,198.00,423.00,294.00"
bsd,val,/home/ubuntu/hpproject/yolo/dataset/yolo/datasetm6c/images/val/0433.png,3,32-64,0.0,iou,0.0,0.0,0.0,0.0,0.0,0.0,no_response,0,"272.00,146.00,305.00,177.00"
bsd,val,/home/ubuntu/hpproject/yolo/dataset/yolo/datasetm6c/images/val/0433.png,5,16-32,0.015610127709805965,iou,0.7619197368621826,0.0,0.0,0.7619197368621826,0.0,0.0,low_score,0,"291.00,112.00,314.00,138.00"
bsd,test,/home/ubuntu/hpproject/yolo/dataset/yolo/datasetm6c/images/test/0031.png,0,>=64,0.17179255187511444,iou,0.36995458602905273,0.0,0.0,0.36995458602905273,0.0,0.0,low_score,0,"73.00,101.00,303.00,239.00"
bsd,test,/home/ubuntu/hpproject/yolo/dataset/yolo/datasetm6c/images/test/0049.png,0,32-64,0.17239555716514587,iou,0.8076984286308289,0.0,0.0,0.8076984286308289,0.0,0.0,low_score,0,"135.00,177.00,237.00,203.00"
bsd,test,/home/ubuntu/hpproject/yolo/dataset/yolo/datasetm6c/images/test/0127.png,1,32-64,0.6941129565238953,iou,0.2011377215385437,0.18821248412132263,0.1830691248178482,0.2011377215385437,0.18821248412132263,0.1830691248178482,regression_or_match_poor,0,"173.00,129.00,230.00,177.00"
bsd,test,/home/ubuntu/hpproject/yolo/dataset/yolo/datasetm6c/images/test/0140.png,0,32-64,0.06608055531978607,iou,0.6974877119064331,0.0,0.0,0.6974877119064331,0.0,0.0,low_score,0,"324.00,143.00,355.00,183.00"
bsd,test,/home/ubuntu/hpproject/yolo/dataset/yolo/datasetm6c/images/test/0149.png,0,32-64,0.06207788735628128,iou,0.7656185030937195,0.0,0.0,0.7656185030937195,0.0,0.0,low_score,0,"247.00,165.00,284.00,203.00"
bsd,test,/home/ubuntu/hpproject/yolo/dataset/yolo/datasetm6c/images/test/0149.png,1,32-64,0.06207788735628128,iou,0.660001814365387,0.0,0.0,0.660001814365387,0.0,0.0,low_score,0,"284.00,132.00,311.00,161.00"
bsd,test,/home/ubuntu/hpproject/yolo/dataset/yolo/datasetm6c/images/test/0161.png,1,>=64,0.1976255625486374,iou,0.8809759616851807,0.0,0.0,0.8809759616851807,0.0,0.0,low_score,0,"150.00,88.00,208.00,150.00"
bsd,test,/home/ubuntu/hpproject/yolo/dataset/yolo/datasetm6c/images/test/0171.png,2,32-64,0.4748322665691376,iou,0.845626175403595,0.20735299587249756,0.14357814192771912,0.845626175403595,0.20735299587249756,0.14357814192771912,regression_or_match_poor,0,"179.00,221.00,240.00,253.00"
bsd,test,/home/ubuntu/hpproject/yolo/dataset/yolo/datasetm6c/images/test/0193.png,0,>=64,0.22312121093273163,iou,0.8792730569839478,0.0,0.0,0.8792730569839478,0.0,0.0,low_score,0,"241.00,182.00,308.00,255.00"
bsd,test,/home/ubuntu/hpproject/yolo/dataset/yolo/datasetm6c/images/test/0193.png,1,32-64,0.22312121093273163,iou,0.1059899553656578,0.0,0.0,0.1059899553656578,0.0,0.0,low_score,0,"245.00,152.00,275.00,189.00"
bsd,test,/home/ubuntu/hpproject/yolo/dataset/yolo/datasetm6c/images/test/0204.png,0,32-64,0.133645161986351,iou,0.6931646466255188,0.0,0.0,0.6931646466255188,0.0,0.0,low_score,0,"246.00,149.00,288.00,207.00"
bsd,test,/home/ubuntu/hpproject/yolo/dataset/yolo/datasetm6c/images/test/0213.png,0,32-64,0.021024692803621292,iou,0.4790232181549072,0.0,0.0,0.4790232181549072,0.0,0.0,low_score,0,"163.00,243.00,189.00,288.00"
bsd,test,/home/ubuntu/hpproject/yolo/dataset/yolo/datasetm6c/images/test/0213.png,1,32-64,0.0,iou,0.0,0.0,0.0,0.0,0.0,0.0,no_response,0,"119.00,230.00,154.00,290.00"
bsd,test,/home/ubuntu/hpproject/yolo/dataset/yolo/datasetm6c/images/test/0232.png,1,32-64,0.0,iou,0.0,0.0,0.0,0.0,0.0,0.0,no_response,0,"391.47,235.35,422.03,316.05"
bsd,test,/home/ubuntu/hpproject/yolo/dataset/yolo/datasetm6c/images/test/0241.png,0,32-64,0.03806867077946663,iou,0.2421213686466217,0.0,0.0,0.2421213686466217,0.0,0.0,low_score,0,"188.00,142.00,307.00,195.00"
bsd,test,/home/ubuntu/hpproject/yolo/dataset/yolo/datasetm6c/images/test/0258.png,0,16-32,0.20278604328632355,iou,0.7853615283966064,0.0,0.0,0.7853615283966064,0.0,0.0,low_score,0,"394.00,266.00,422.00,316.00"
bsd,test,/home/ubuntu/hpproject/yolo/dataset/yolo/datasetm6c/images/test/0299.png,0,32-64,0.023652581498026848,iou,0.8560768961906433,0.0,0.0,0.8560768961906433,0.0,0.0,low_score,0,"246.00,168.00,282.00,216.00"
bsd,test,/home/ubuntu/hpproject/yolo/dataset/yolo/datasetm6c/images/test/0299.png,2,32-64,0.06379376351833344,iou,0.6886927485466003,0.0,0.0,0.6886927485466003,0.0,0.0,low_score,0,"450.00,388.00,505.00,442.00"
bsd,test,/home/ubuntu/hpproject/yolo/dataset/yolo/datasetm6c/images/test/0340.png,0,<16,0.20191648602485657,iou,0.383370965719223,0.0,0.0,0.383370965719223,0.0,0.0,low_score,0,"225.00,357.00,239.00,376.00"
bsd,test,/home/ubuntu/hpproject/yolo/dataset/yolo/datasetm6c/images/test/0340.png,2,16-32,0.0,iou,0.0,0.0,0.0,0.0,0.0,0.0,no_response,0,"227.96,250.75,246.03,270.45"
bsd,test,/home/ubuntu/hpproject/yolo/dataset/yolo/datasetm6c/images/test/0365.png,0,16-32,0.3465439975261688,iou,0.49581289291381836,0.06024092435836792,0.06024092435836792,0.49581289291381836,0.06024092435836792,0.06024092435836792,regression_or_match_poor,0,"191.00,152.00,225.00,175.00"
bsd,test,/home/ubuntu/hpproject/yolo/dataset/yolo/datasetm6c/images/test/0365.png,1,32-64,0.3465439975261688,iou,0.5668918490409851,0.08861639350652695,0.08861639350652695,0.5668918490409851,0.08861639350652695,0.08861639350652695,regression_or_match_poor,0,"146.00,141.00,180.00,180.00"
bsd,test,/home/ubuntu/hpproject/yolo/dataset/yolo/datasetm6c/images/test/0374.png,0,32-64,0.36362284421920776,iou,0.7609520554542542,0.17712931334972382,0.1752987802028656,0.7609520554542542,0.17712931334972382,0.1752987802028656,regression_or_match_poor,0,"290.00,192.00,350.00,220.00"
bsd,test,/home/ubuntu/hpproject/yolo/dataset/yolo/datasetm6c/images/test/0374.png,1,32-64,0.36362284421920776,iou,0.7613694667816162,0.21766221523284912,0.2156791388988495,0.7613694667816162,0.21766221523284912,0.2156791388988495,regression_or_match_poor,0,"351.00,143.00,390.00,196.00"
bsd,test,/home/ubuntu/hpproject/yolo/dataset/yolo/datasetm6c/images/test/0378.png,2,32-64,0.7464281916618347,iou,0.7505840063095093,0.3269999027252197,0.27710631489753723,0.7505840063095093,0.3269999027252197,0.27710631489753723,postproc_filtered,0,"335.00,309.00,380.00,355.00"
bsd,test,/home/ubuntu/hpproject/yolo/dataset/yolo/datasetm6c/images/test/0407.png,0,16-32,0.0,iou,0.0,0.0,0.0,0.0,0.0,0.0,no_response,0,"167.00,328.00,190.00,354.00"
bsd,test,/home/ubuntu/hpproject/yolo/dataset/yolo/datasetm6c/images/test/0419.png,0,32-64,0.045800741761922836,iou,0.724750816822052,0.0,0.0,0.724750816822052,0.0,0.0,low_score,0,"139.42,142.89,183.31,203.62"
bsd,test,/home/ubuntu/hpproject/yolo/dataset/yolo/datasetm6c/images/test/0419.png,1,32-64,0.3285849094390869,iou,0.3724021017551422,0.2572057247161865,0.24364939332008362,0.3724021017551422,0.2572057247161865,0.24364939332008362,regression_or_match_poor,0,"188.44,172.89,233.80,208.01"
bsd,test,/home/ubuntu/hpproject/yolo/dataset/yolo/datasetm6c/images/test/0423.png,0,32-64,0.08216339349746704,iou,0.8780843615531921,0.0,0.0,0.8780843615531921,0.0,0.0,low_score,0,"245.00,349.00,280.00,380.00"
bsd,test,/home/ubuntu/hpproject/yolo/dataset/yolo/datasetm6c/images/test/0423.png,1,16-32,0.10294190049171448,iou,0.7646434903144836,0.0,0.0,0.7646434903144836,0.0,0.0,low_score,0,"124.00,320.00,144.00,344.00"
bsd,test,/home/ubuntu/hpproject/yolo/dataset/yolo/datasetm6c/images/test/0423.png,2,16-32,0.2005361169576645,iou,0.72184157371521,0.0,0.0,0.72184157371521,0.0,0.0,low_score,0,"95.00,275.00,116.00,302.00"
bsd,test,/home/ubuntu/hpproject/yolo/dataset/yolo/datasetm6c/images/test/0423.png,4,32-64,0.7223122715950012,iou,0.8289754986763,0.05589454248547554,0.055499594658613205,0.8289754986763,0.05589454248547554,0.055499594658613205,regression_or_match_poor,0,"266.00,116.00,302.00,147.00"
bsd,test,/home/ubuntu/hpproject/yolo/dataset/yolo/datasetm6c/images/test/0423.png,5,32-64,0.14430440962314606,iou,0.05490440875291824,0.0,0.0,0.05490440875291824,0.0,0.0,low_score,0,"228.00,97.00,263.00,123.00"
bsd,test,/home/ubuntu/hpproject/yolo/dataset/yolo/datasetm6c/images/test/0426.png,0,16-32,0.18388937413692474,iou,0.9104300141334534,0.0,0.0,0.9104300141334534,0.0,0.0,low_score,0,"248.00,324.00,271.00,345.00"
bsd,test,/home/ubuntu/hpproject/yolo/dataset/yolo/datasetm6c/images/test/0426.png,2,32-64,0.7236568927764893,iou,0.24671868979930878,0.24671868979930878,0.2230719029903412,0.24671868979930878,0.24671868979930878,0.2230719029903412,regression_or_match_poor,0,"190.00,260.00,237.00,295.00"
bsd,test,/home/ubuntu/hpproject/yolo/dataset/yolo/datasetm6c/images/test/0426.png,3,32-64,0.22800807654857635,iou,0.9105644822120667,0.0,0.0,0.9105644822120667,0.0,0.0,low_score,0,"185.00,194.00,253.00,227.00"
bsd,test,/home/ubuntu/hpproject/yolo/dataset/yolo/datasetm6c/images/test/0426.png,4,32-64,0.05168069526553154,iou,0.46943673491477966,0.0,0.0,0.46943673491477966,0.0,0.0,low_score,0,"234.00,147.00,271.00,176.00"
bsd,test,/home/ubuntu/hpproject/yolo/dataset/yolo/datasetm6c/images/test/0426.png,6,16-32,0.03639420494437218,iou,0.7505682110786438,0.0,0.0,0.7505682110786438,0.0,0.0,low_score,0,"214.00,126.00,235.00,159.00"
bsd,test,/home/ubuntu/hpproject/yolo/dataset/yolo/datasetm6c/images/test/0426.png,7,32-64,0.2775188684463501,iou,0.6060484051704407,0.07024362683296204,0.07024362683296204,0.6060484051704407,0.07024362683296204,0.07024362683296204,regression_or_match_poor,0,"281.00,122.00,312.00,158.00"
bsd,test,/home/ubuntu/hpproject/yolo/dataset/yolo/datasetm6c/images/test/0430.png,0,32-64,0.2323586642742157,iou,0.8886623382568359,0.0,0.0,0.8886623382568359,0.0,0.0,low_score,0,"194.00,163.00,254.00,189.00"
bsd,test,/home/ubuntu/hpproject/yolo/dataset/yolo/datasetm6c/images/test/0430.png,1,32-64,0.14548060297966003,iou,0.8091842532157898,0.0,0.0,0.8091842532157898,0.0,0.0,low_score,0,"200.00,127.00,284.00,160.00"
bsd,test,/home/ubuntu/hpproject/yolo/dataset/yolo/datasetm6c/images/test/0432.png,2,32-64,0.01354136224836111,iou,0.5044572949409485,0.0,0.0,0.5044572949409485,0.0,0.0,low_score,0,"385.00,143.00,414.00,197.00"
bsd,test,/home/ubuntu/hpproject/yolo/dataset/yolo/datasetm6c/images/test/0432.png,4,16-32,0.0517314188182354,iou,0.6103554964065552,0.0,0.0,0.6103554964065552,0.0,0.0,low_score,0,"340.00,102.00,364.00,133.00"
bsd,test,/home/ubuntu/hpproject/yolo/dataset/yolo/datasetm6c/images/test/0436.png,0,32-64,0.0784577876329422,iou,0.8412477970123291,0.0,0.0,0.8412477970123291,0.0,0.0,low_score,0,"135.00,286.00,174.00,328.00"
bsd,test,/home/ubuntu/hpproject/yolo/dataset/yolo/datasetm6c/images/test/0450.png,0,32-64,0.11043627560138702,iou,0.5763033032417297,0.0,0.0,0.5763033032417297,0.0,0.0,low_score,0,"154.00,156.00,204.00,193.00"
bsd,test,/home/ubuntu/hpproject/yolo/dataset/yolo/datasetm6c/images/test/0450.png,1,32-64,0.044673848897218704,iou,0.5342887043952942,0.0,0.0,0.5342887043952942,0.0,0.0,low_score,0,"207.00,119.00,282.00,154.00"
baseline,val,/home/ubuntu/hpproject/yolo/dataset/yolo/datasetm6c/images/val/0051.png,0,32-64,0.0,iou,0.0,0.0,0.0,0.0,0.0,0.0,no_response,0,"95.18,101.68,124.81,167.58"
baseline,val,/home/ubuntu/hpproject/yolo/dataset/yolo/datasetm6c/images/val/0051.png,1,32-64,0.0,iou,0.0,0.0,0.0,0.0,0.0,0.0,no_response,0,"151.41,131.31,181.04,170.61"
baseline,val,/home/ubuntu/hpproject/yolo/dataset/yolo/datasetm6c/images/val/0051.png,2,32-64,0.016133537515997887,iou,0.5228272676467896,0.0,0.0,0.5228272676467896,0.0,0.0,low_score,0,"148.39,67.22,174.99,99.26"
baseline,val,/home/ubuntu/hpproject/yolo/dataset/yolo/datasetm6c/images/val/0055.png,0,>=64,0.9165963530540466,iou,0.28101101517677307,0.28074273467063904,0.28074273467063904,0.28101101517677307,0.28074273467063904,0.28074273467063904,regression_or_match_poor,0,"122.00,134.00,191.00,199.00"
baseline,val,/home/ubuntu/hpproject/yolo/dataset/yolo/datasetm6c/images/val/0055.png,1,>=64,0.9165963530540466,iou,0.19548559188842773,0.1952989399433136,0.1952989399433136,0.19548559188842773,0.1952989399433136,0.1952989399433136,regression_or_match_poor,0,"151.00,65.00,211.00,117.00"
baseline,val,/home/ubuntu/hpproject/yolo/dataset/yolo/datasetm6c/images/val/0066.png,1,16-32,0.0,iou,0.0,0.0,0.0,0.0,0.0,0.0,no_response,0,"178.00,160.00,197.00,203.00"
baseline,val,/home/ubuntu/hpproject/yolo/dataset/yolo/datasetm6c/images/val/0066.png,3,16-32,0.045253440737724304,iou,0.42461106181144714,0.0,0.0,0.42461106181144714,0.0,0.0,low_score,0,"301.00,109.00,342.00,124.00"
baseline,val,/home/ubuntu/hpproject/yolo/dataset/yolo/datasetm6c/images/val/0068.png,2,32-64,0.01861034706234932,iou,0.6562684774398804,0.0,0.0,0.6562684774398804,0.0,0.0,low_score,0,"245.00,204.00,283.00,244.00"
baseline,val,/home/ubuntu/hpproject/yolo/dataset/yolo/datasetm6c/images/val/0069.png,0,16-32,0.0,iou,0.0,0.0,0.0,0.0,0.0,0.0,no_response,0,"246.72,163.93,276.55,179.99"
baseline,val,/home/ubuntu/hpproject/yolo/dataset/yolo/datasetm6c/images/val/0069.png,1,32-64,0.0,iou,0.0,0.0,0.0,0.0,0.0,0.0,no_response,0,"213.83,122.63,243.66,150.93"
baseline,val,/home/ubuntu/hpproject/yolo/dataset/yolo/datasetm6c/images/val/0069.png,2,16-32,0.20875686407089233,iou,0.1430678516626358,0.0,0.0,0.1430678516626358,0.0,0.0,low_score,0,"145.00,243.47,169.47,271.77"
baseline,val,/home/ubuntu/hpproject/yolo/dataset/yolo/datasetm6c/images/val/0072.png,0,16-32,0.0,iou,0.0,0.0,0.0,0.0,0.0,0.0,no_response,0,"222.00,150.00,241.00,164.00"
baseline,val,/home/ubuntu/hpproject/yolo/dataset/yolo/datasetm6c/images/val/0072.png,1,32-64,0.060364414006471634,iou,0.6327580809593201,0.0,0.0,0.6327580809593201,0.0,0.0,low_score,0,"163.00,192.00,201.00,221.00"
baseline,val,/home/ubuntu/hpproject/yolo/dataset/yolo/datasetm6c/images/val/0094.png,1,32-64,0.42961233854293823,iou,0.4587162733078003,0.15781047940254211,0.15055161714553833,0.4587162733078003,0.15781047940254211,0.15055161714553833,regression_or_match_poor,0,"441.00,210.00,485.00,273.00"
baseline,val,/home/ubuntu/hpproject/yolo/dataset/yolo/datasetm6c/images/val/0103.png,0,>=64,0.0,iou,0.0,0.0,0.0,0.0,0.0,0.0,no_response,0,"211.00,112.00,291.00,194.00"
baseline,val,/home/ubuntu/hpproject/yolo/dataset/yolo/datasetm6c/images/val/0105.png,0,32-64,0.0,iou,0.0,0.0,0.0,0.0,0.0,0.0,no_response,0,"145.00,170.00,205.00,198.00"
baseline,val,/home/ubuntu/hpproject/yolo/dataset/yolo/datasetm6c/images/val/0105.png,1,32-64,0.0,iou,0.0,0.0,0.0,0.0,0.0,0.0,no_response,0,"171.00,83.00,210.00,139.00"
baseline,val,/home/ubuntu/hpproject/yolo/dataset/yolo/datasetm6c/images/val/0143.png,2,>=64,0.6295490860939026,iou,0.2213560938835144,0.17264768481254578,0.16638818383216858,0.2213560938835144,0.17264768481254578,0.16638818383216858,regression_or_match_poor,0,"108.00,194.00,308.00,263.00"
baseline,val,/home/ubuntu/hpproject/yolo/dataset/yolo/datasetm6c/images/val/0144.png,0,32-64,0.0,iou,0.0,0.0,0.0,0.0,0.0,0.0,no_response,0,"312.00,269.00,350.00,305.00"
baseline,val,/home/ubuntu/hpproject/yolo/dataset/yolo/datasetm6c/images/val/0146.png,0,32-64,0.1560378223657608,iou,0.7755969166755676,0.0,0.0,0.7755969166755676,0.0,0.0,low_score,0,"193.00,310.00,234.00,338.00"
baseline,val,/home/ubuntu/hpproject/yolo/dataset/yolo/datasetm6c/images/val/0172.png,0,32-64,0.534582257270813,iou,0.515130877494812,0.0005539414705708623,0.0,0.515130877494812,0.0005539414705708623,0.0,regression_or_match_poor,0,"271.00,159.00,317.00,216.00"
baseline,val,/home/ubuntu/hpproject/yolo/dataset/yolo/datasetm6c/images/val/0177.png,0,>=64,0.6533267498016357,iou,0.2094576060771942,0.2094576060771942,0.19694337248802185,0.2094576060771942,0.2094576060771942,0.19694337248802185,regression_or_match_poor,0,"93.00,323.00,261.00,416.00"
baseline,val,/home/ubuntu/hpproject/yolo/dataset/yolo/datasetm6c/images/val/0188.png,1,32-64,0.010564112104475498,iou,0.3496846854686737,0.0,0.0,0.3496846854686737,0.0,0.0,low_score,0,"293.00,111.00,340.00,184.00"
baseline,val,/home/ubuntu/hpproject/yolo/dataset/yolo/datasetm6c/images/val/0221.png,0,<16,0.24248912930488586,iou,0.0005443014088086784,0.0,0.0,0.0005443014088086784,0.0,0.0,low_score,0,"200.00,228.00,201.00,229.00"
baseline,val,/home/ubuntu/hpproject/yolo/dataset/yolo/datasetm6c/images/val/0221.png,2,16-32,0.24248912930488586,iou,0.5197506546974182,0.0,0.0,0.5197506546974182,0.0,0.0,low_score,0,"200.00,229.00,243.00,251.00"
baseline,val,/home/ubuntu/hpproject/yolo/dataset/yolo/datasetm6c/images/val/0221.png,3,>=64,0.042231347411870956,iou,0.020473359152674675,0.0,0.0,0.020473359152674675,0.0,0.0,low_score,0,"263.00,200.00,331.00,285.00"
baseline,val,/home/ubuntu/hpproject/yolo/dataset/yolo/datasetm6c/images/val/0221.png,4,32-64,0.7844117283821106,iou,0.6982890963554382,0.03767765685915947,0.03326093405485153,0.6982890963554382,0.03767765685915947,0.03326093405485153,regression_or_match_poor,0,"232.00,144.00,283.00,195.00"
baseline,val,/home/ubuntu/hpproject/yolo/dataset/yolo/datasetm6c/images/val/0234.png,0,16-32,0.0,iou,0.0,0.0,0.0,0.0,0.0,0.0,no_response,0,"212.04,221.24,272.37,247.89"
baseline,val,/home/ubuntu/hpproject/yolo/dataset/yolo/datasetm6c/images/val/0234.png,1,16-32,0.0,iou,0.0,0.0,0.0,0.0,0.0,0.0,no_response,0,"255.13,153.08,270.80,169.53"
baseline,val,/home/ubuntu/hpproject/yolo/dataset/yolo/datasetm6c/images/val/0234.png,2,32-64,0.0,iou,0.0,0.0,0.0,0.0,0.0,0.0,no_response,0,"361.70,260.42,396.96,297.25"
baseline,val,/home/ubuntu/hpproject/yolo/dataset/yolo/datasetm6c/images/val/0262.png,0,16-32,0.0,iou,0.0,0.0,0.0,0.0,0.0,0.0,no_response,0,"309.00,219.00,345.00,249.00"
baseline,val,/home/ubuntu/hpproject/yolo/dataset/yolo/datasetm6c/images/val/0262.png,1,16-32,0.2056725174188614,iou,0.899120569229126,0.0,0.0,0.899120569229126,0.0,0.0,low_score,0,"246.00,193.00,280.00,217.00"
baseline,val,/home/ubuntu/hpproject/yolo/dataset/yolo/datasetm6c/images/val/0262.png,2,32-64,0.0,iou,0.0,0.0,0.0,0.0,0.0,0.0,no_response,0,"323.00,186.00,399.00,231.00"
baseline,val,/home/ubuntu/hpproject/yolo/dataset/yolo/datasetm6c/images/val/0324.png,0,32-64,0.039473988115787506,iou,0.48329833149909973,0.0,0.0,0.48329833149909973,0.0,0.0,low_score,0,"216.00,230.00,251.00,269.00"
baseline,val,/home/ubuntu/hpproject/yolo/dataset/yolo/datasetm6c/images/val/0349.png,0,16-32,0.0,iou,0.0,0.0,0.0,0.0,0.0,0.0,no_response,0,"411.00,225.00,442.00,250.00"
baseline,val,/home/ubuntu/hpproject/yolo/dataset/yolo/datasetm6c/images/val/0359.png,0,32-64,0.1291636824607849,iou,0.8942512273788452,0.0,0.0,0.8942512273788452,0.0,0.0,low_score,0,"177.00,290.00,235.00,322.00"
baseline,val,/home/ubuntu/hpproject/yolo/dataset/yolo/datasetm6c/images/val/0359.png,2,32-64,0.011371503584086895,iou,0.1777031570672989,0.0,0.0,0.1777031570672989,0.0,0.0,low_score,0,"245.00,225.00,281.00,252.00"
baseline,val,/home/ubuntu/hpproject/yolo/dataset/yolo/datasetm6c/images/val/0359.png,3,16-32,0.4465971291065216,iou,0.4472387433052063,0.16402989625930786,0.16278953850269318,0.4472387433052063,0.16402989625930786,0.16278953850269318,regression_or_match_poor,0,"367.00,178.00,390.00,207.00"
baseline,val,/home/ubuntu/hpproject/yolo/dataset/yolo/datasetm6c/images/val/0363.png,1,16-32,0.02711915783584118,iou,0.41223129630088806,0.0,0.0,0.41223129630088806,0.0,0.0,low_score,0,"185.00,118.00,209.00,168.00"
baseline,val,/home/ubuntu/hpproject/yolo/dataset/yolo/datasetm6c/images/val/0363.png,2,32-64,0.3784828782081604,iou,0.2456205040216446,0.004379390738904476,0.0036134819965809584,0.2456205040216446,0.004379390738904476,0.0036134819965809584,regression_or_match_poor,0,"264.00,90.00,290.00,117.00"
baseline,val,/home/ubuntu/hpproject/yolo/dataset/yolo/datasetm6c/images/val/0371.png,2,16-32,0.5769525170326233,iou,0.23985475301742554,0.08580625802278519,0.05045735463500023,0.23985475301742554,0.08580625802278519,0.05045735463500023,regression_or_match_poor,0,"245.00,211.00,304.00,229.00"
baseline,val,/home/ubuntu/hpproject/yolo/dataset/yolo/datasetm6c/images/val/0371.png,3,32-64,0.0,iou,0.0,0.0,0.0,0.0,0.0,0.0,no_response,0,"255.00,144.00,330.00,188.00"
baseline,val,/home/ubuntu/hpproject/yolo/dataset/yolo/datasetm6c/images/val/0376.png,0,<16,0.0,iou,0.0,0.0,0.0,0.0,0.0,0.0,no_response,0,"423.00,339.00,436.00,384.00"
baseline,val,/home/ubuntu/hpproject/yolo/dataset/yolo/datasetm6c/images/val/0376.png,1,16-32,0.0,iou,0.0,0.0,0.0,0.0,0.0,0.0,no_response,0,"456.00,174.00,473.00,212.00"
baseline,val,/home/ubuntu/hpproject/yolo/dataset/yolo/datasetm6c/images/val/0376.png,2,16-32,0.7755287885665894,iou,0.6934090852737427,0.38991227746009827,0.291858047246933,0.6934090852737427,0.38991227746009827,0.291858047246933,postproc_filtered,0,"301.00,157.00,327.00,193.00"
baseline,val,/home/ubuntu/hpproject/yolo/dataset/yolo/datasetm6c/images/val/0376.png,3,16-32,0.04499515891075134,iou,0.43529003858566284,0.0,0.0,0.43529003858566284,0.0,0.0,low_score,0,"360.00,131.00,395.00,157.00"
baseline,val,/home/ubuntu/hpproject/yolo/dataset/yolo/datasetm6c/images/val/0380.png,1,32-64,0.0,iou,0.0,0.0,0.0,0.0,0.0,0.0,no_response,0,"389.00,302.00,419.00,333.00"
baseline,val,/home/ubuntu/hpproject/yolo/dataset/yolo/datasetm6c/images/val/0380.png,2,16-32,0.0,iou,0.0,0.0,0.0,0.0,0.0,0.0,no_response,0,"295.00,192.00,320.00,215.00"
baseline,val,/home/ubuntu/hpproject/yolo/dataset/yolo/datasetm6c/images/val/0380.png,3,32-64,0.0,iou,0.0,0.0,0.0,0.0,0.0,0.0,no_response,0,"399.00,163.00,431.00,203.00"
baseline,val,/home/ubuntu/hpproject/yolo/dataset/yolo/datasetm6c/images/val/0380.png,4,16-32,0.0,iou,0.0,0.0,0.0,0.0,0.0,0.0,no_response,0,"356.00,130.00,379.00,161.00"
baseline,val,/home/ubuntu/hpproject/yolo/dataset/yolo/datasetm6c/images/val/0409.png,0,32-64,0.1180550828576088,iou,0.8630043864250183,0.0,0.0,0.8630043864250183,0.0,0.0,low_score,0,"215.00,66.00,249.00,133.00"
baseline,val,/home/ubuntu/hpproject/yolo/dataset/yolo/datasetm6c/images/val/0433.png,0,32-64,0.0,iou,0.0,0.0,0.0,0.0,0.0,0.0,no_response,0,"286.00,326.00,332.00,374.00"
baseline,val,/home/ubuntu/hpproject/yolo/dataset/yolo/datasetm6c/images/val/0433.png,1,32-64,0.0,iou,0.0,0.0,0.0,0.0,0.0,0.0,no_response,0,"357.00,289.00,391.00,333.00"
baseline,val,/home/ubuntu/hpproject/yolo/dataset/yolo/datasetm6c/images/val/0433.png,2,>=64,0.0,iou,0.0,0.0,0.0,0.0,0.0,0.0,no_response,0,"344.00,198.00,423.00,294.00"
baseline,val,/home/ubuntu/hpproject/yolo/dataset/yolo/datasetm6c/images/val/0433.png,3,32-64,0.0,iou,0.0,0.0,0.0,0.0,0.0,0.0,no_response,0,"272.00,146.00,305.00,177.00"
baseline,val,/home/ubuntu/hpproject/yolo/dataset/yolo/datasetm6c/images/val/0433.png,5,16-32,0.11866288632154465,iou,0.6557572484016418,0.0,0.0,0.6557572484016418,0.0,0.0,low_score,0,"291.00,112.00,314.00,138.00"
baseline,val,/home/ubuntu/hpproject/yolo/dataset/yolo/datasetm6c/images/val/0433.png,6,32-64,0.0,iou,0.0,0.0,0.0,0.0,0.0,0.0,no_response,0,"232.00,84.00,269.00,119.00"
baseline,test,/home/ubuntu/hpproject/yolo/dataset/yolo/datasetm6c/images/test/0031.png,0,>=64,0.6036814451217651,iou,0.29399558901786804,0.275614470243454,0.275614470243454,0.29399558901786804,0.275614470243454,0.275614470243454,regression_or_match_poor,0,"73.00,101.00,303.00,239.00"
baseline,test,/home/ubuntu/hpproject/yolo/dataset/yolo/datasetm6c/images/test/0127.png,1,32-64,0.7390593886375427,iou,0.16709479689598083,0.1415073424577713,0.09659715741872787,0.16709479689598083,0.1415073424577713,0.09659715741872787,regression_or_match_poor,0,"173.00,129.00,230.00,177.00"
baseline,test,/home/ubuntu/hpproject/yolo/dataset/yolo/datasetm6c/images/test/0140.png,0,32-64,0.0,iou,0.0,0.0,0.0,0.0,0.0,0.0,no_response,0,"324.00,143.00,355.00,183.00"
baseline,test,/home/ubuntu/hpproject/yolo/dataset/yolo/datasetm6c/images/test/0149.png,1,32-64,0.49927374720573425,iou,0.006567995063960552,0.006563371513038874,0.0041910395957529545,0.006567995063960552,0.006563371513038874,0.0041910395957529545,regression_or_match_poor,0,"284.00,132.00,311.00,161.00"
baseline,test,/home/ubuntu/hpproject/yolo/dataset/yolo/datasetm6c/images/test/0161.png,1,>=64,0.14591149985790253,iou,0.35447970032691956,0.0,0.0,0.35447970032691956,0.0,0.0,low_score,0,"150.00,88.00,208.00,150.00"
baseline,test,/home/ubuntu/hpproject/yolo/dataset/yolo/datasetm6c/images/test/0171.png,1,32-64,0.5350203514099121,iou,0.8919526934623718,0.055436041206121445,0.0547800213098526,0.8919526934623718,0.055436041206121445,0.0547800213098526,regression_or_match_poor,0,"204.00,241.00,301.00,283.00"
baseline,test,/home/ubuntu/hpproject/yolo/dataset/yolo/datasetm6c/images/test/0193.png,0,>=64,0.019297854974865913,iou,0.3569965958595276,0.0,0.0,0.3569965958595276,0.0,0.0,low_score,0,"241.00,182.00,308.00,255.00"
baseline,test,/home/ubuntu/hpproject/yolo/dataset/yolo/datasetm6c/images/test/0193.png,1,32-64,0.0,iou,0.0,0.0,0.0,0.0,0.0,0.0,no_response,0,"245.00,152.00,275.00,189.00"
baseline,test,/home/ubuntu/hpproject/yolo/dataset/yolo/datasetm6c/images/test/0204.png,0,32-64,0.0,iou,0.0,0.0,0.0,0.0,0.0,0.0,no_response,0,"246.00,149.00,288.00,207.00"
baseline,test,/home/ubuntu/hpproject/yolo/dataset/yolo/datasetm6c/images/test/0213.png,0,32-64,0.0,iou,0.0,0.0,0.0,0.0,0.0,0.0,no_response,0,"163.00,243.00,189.00,288.00"
baseline,test,/home/ubuntu/hpproject/yolo/dataset/yolo/datasetm6c/images/test/0213.png,1,32-64,0.0,iou,0.0,0.0,0.0,0.0,0.0,0.0,no_response,0,"119.00,230.00,154.00,290.00"
baseline,test,/home/ubuntu/hpproject/yolo/dataset/yolo/datasetm6c/images/test/0218.png,0,>=64,0.856829822063446,iou,0.43930763006210327,0.26271671056747437,0.2530554234981537,0.43930763006210327,0.26271671056747437,0.2530554234981537,regression_or_match_poor,0,"183.00,130.00,260.00,178.00"
baseline,test,/home/ubuntu/hpproject/yolo/dataset/yolo/datasetm6c/images/test/0232.png,1,32-64,0.0,iou,0.0,0.0,0.0,0.0,0.0,0.0,no_response,0,"391.47,235.35,422.03,316.05"
baseline,test,/home/ubuntu/hpproject/yolo/dataset/yolo/datasetm6c/images/test/0241.png,0,32-64,0.0,iou,0.0,0.0,0.0,0.0,0.0,0.0,no_response,0,"188.00,142.00,307.00,195.00"
baseline,test,/home/ubuntu/hpproject/yolo/dataset/yolo/datasetm6c/images/test/0295.png,0,32-64,0.013148987665772438,iou,0.33477920293807983,0.0,0.0,0.33477920293807983,0.0,0.0,low_score,0,"303.00,134.00,358.00,175.00"
baseline,test,/home/ubuntu/hpproject/yolo/dataset/yolo/datasetm6c/images/test/0299.png,0,32-64,0.0,iou,0.0,0.0,0.0,0.0,0.0,0.0,no_response,0,"246.00,168.00,282.00,216.00"
baseline,test,/home/ubuntu/hpproject/yolo/dataset/yolo/datasetm6c/images/test/0299.png,1,32-64,0.0,iou,0.0,0.0,0.0,0.0,0.0,0.0,no_response,0,"241.00,109.00,283.00,150.00"
baseline,test,/home/ubuntu/hpproject/yolo/dataset/yolo/datasetm6c/images/test/0340.png,2,16-32,0.0,iou,0.0,0.0,0.0,0.0,0.0,0.0,no_response,0,"227.96,250.75,246.03,270.45"
baseline,test,/home/ubuntu/hpproject/yolo/dataset/yolo/datasetm6c/images/test/0344.png,1,32-64,0.07057351619005203,iou,0.682549238204956,0.0,0.0,0.682549238204956,0.0,0.0,low_score,0,"260.00,376.00,297.00,404.00"
baseline,test,/home/ubuntu/hpproject/yolo/dataset/yolo/datasetm6c/images/test/0362.png,0,32-64,0.15211795270442963,iou,0.7379902005195618,0.0,0.0,0.7379902005195618,0.0,0.0,low_score,0,"170.04,131.12,197.43,169.20"
baseline,test,/home/ubuntu/hpproject/yolo/dataset/yolo/datasetm6c/images/test/0365.png,0,16-32,0.25447195768356323,iou,0.26309046149253845,0.24549230933189392,0.24549230933189392,0.26309046149253845,0.24549230933189392,0.24549230933189392,regression_or_match_poor,0,"191.00,152.00,225.00,175.00"
baseline,test,/home/ubuntu/hpproject/yolo/dataset/yolo/datasetm6c/images/test/0374.png,0,32-64,0.0,iou,0.0,0.0,0.0,0.0,0.0,0.0,no_response,0,"290.00,192.00,350.00,220.00"
baseline,test,/home/ubuntu/hpproject/yolo/dataset/yolo/datasetm6c/images/test/0374.png,1,32-64,0.1239139586687088,iou,0.8318523168563843,0.0,0.0,0.8318523168563843,0.0,0.0,low_score,0,"351.00,143.00,390.00,196.00"
baseline,test,/home/ubuntu/hpproject/yolo/dataset/yolo/datasetm6c/images/test/0378.png,0,16-32,0.10238908231258392,iou,0.7450024485588074,0.0,0.0,0.7450024485588074,0.0,0.0,low_score,0,"207.00,382.00,257.00,404.00"
baseline,test,/home/ubuntu/hpproject/yolo/dataset/yolo/datasetm6c/images/test/0378.png,4,16-32,0.775620698928833,iou,0.950229287147522,0.02001906931400299,0.016722016036510468,0.950229287147522,0.02001906931400299,0.016722016036510468,regression_or_match_poor,0,"296.00,190.00,323.00,216.00"
baseline,test,/home/ubuntu/hpproject/yolo/dataset/yolo/datasetm6c/images/test/0407.png,0,16-32,0.0,iou,0.0,0.0,0.0,0.0,0.0,0.0,no_response,0,"167.00,328.00,190.00,354.00"
baseline,test,/home/ubuntu/hpproject/yolo/dataset/yolo/datasetm6c/images/test/0419.png,0,32-64,0.0,iou,0.0,0.0,0.0,0.0,0.0,0.0,no_response,0,"139.42,142.89,183.31,203.62"
baseline,test,/home/ubuntu/hpproject/yolo/dataset/yolo/datasetm6c/images/test/0419.png,1,32-64,0.0,iou,0.0,0.0,0.0,0.0,0.0,0.0,no_response,0,"188.44,172.89,233.80,208.01"
baseline,test,/home/ubuntu/hpproject/yolo/dataset/yolo/datasetm6c/images/test/0423.png,1,16-32,0.016853200271725655,iou,0.00865926407277584,0.0,0.0,0.00865926407277584,0.0,0.0,low_score,0,"124.00,320.00,144.00,344.00"
baseline,test,/home/ubuntu/hpproject/yolo/dataset/yolo/datasetm6c/images/test/0423.png,2,16-32,0.060900937765836716,iou,0.5270681977272034,0.0,0.0,0.5270681977272034,0.0,0.0,low_score,0,"95.00,275.00,116.00,302.00"
baseline,test,/home/ubuntu/hpproject/yolo/dataset/yolo/datasetm6c/images/test/0423.png,4,32-64,0.43795281648635864,iou,0.9343981146812439,0.07389498502016068,0.0691414549946785,0.9343981146812439,0.07389498502016068,0.0691414549946785,regression_or_match_poor,0,"266.00,116.00,302.00,147.00"
baseline,test,/home/ubuntu/hpproject/yolo/dataset/yolo/datasetm6c/images/test/0423.png,5,32-64,0.43795281648635864,iou,0.059538181871175766,0.025226043537259102,0.018178381025791168,0.059538181871175766,0.025226043537259102,0.018178381025791168,regression_or_match_poor,0,"228.00,97.00,263.00,123.00"
baseline,test,/home/ubuntu/hpproject/yolo/dataset/yolo/datasetm6c/images/test/0426.png,0,16-32,0.1782197505235672,iou,0.7835029363632202,0.0,0.0,0.7835029363632202,0.0,0.0,low_score,0,"248.00,324.00,271.00,345.00"
baseline,test,/home/ubuntu/hpproject/yolo/dataset/yolo/datasetm6c/images/test/0426.png,1,32-64,0.02801522985100746,iou,0.883256733417511,0.0,0.0,0.883256733417511,0.0,0.0,low_score,0,"232.00,282.00,281.00,313.00"
baseline,test,/home/ubuntu/hpproject/yolo/dataset/yolo/datasetm6c/images/test/0426.png,2,32-64,0.02801522985100746,iou,0.04236789420247078,0.0,0.0,0.04236789420247078,0.0,0.0,low_score,0,"190.00,260.00,237.00,295.00"
baseline,test,/home/ubuntu/hpproject/yolo/dataset/yolo/datasetm6c/images/test/0426.png,3,32-64,0.12337366491556168,iou,0.3143090605735779,0.0,0.0,0.3143090605735779,0.0,0.0,low_score,0,"185.00,194.00,253.00,227.00"
baseline,test,/home/ubuntu/hpproject/yolo/dataset/yolo/datasetm6c/images/test/0426.png,4,32-64,0.12337366491556168,iou,0.017899349331855774,0.0,0.0,0.017899349331855774,0.0,0.0,low_score,0,"234.00,147.00,271.00,176.00"
baseline,test,/home/ubuntu/hpproject/yolo/dataset/yolo/datasetm6c/images/test/0426.png,5,16-32,0.03863474354147911,iou,0.7384559512138367,0.0,0.0,0.7384559512138367,0.0,0.0,low_score,0,"166.00,141.00,195.00,158.00"
baseline,test,/home/ubuntu/hpproject/yolo/dataset/yolo/datasetm6c/images/test/0426.png,6,16-32,0.0,iou,0.0,0.0,0.0,0.0,0.0,0.0,no_response,0,"214.00,126.00,235.00,159.00"
baseline,test,/home/ubuntu/hpproject/yolo/dataset/yolo/datasetm6c/images/test/0426.png,7,32-64,0.014129879884421825,iou,0.08505094796419144,0.0,0.0,0.08505094796419144,0.0,0.0,low_score,0,"281.00,122.00,312.00,158.00"
baseline,test,/home/ubuntu/hpproject/yolo/dataset/yolo/datasetm6c/images/test/0426.png,8,32-64,0.014129879884421825,iou,0.5021346211433411,0.0,0.0,0.5021346211433411,0.0,0.0,low_score,0,"248.00,108.00,285.00,138.00"
baseline,test,/home/ubuntu/hpproject/yolo/dataset/yolo/datasetm6c/images/test/0426.png,9,32-64,0.02434949018061161,iou,0.4129963517189026,0.0,0.0,0.4129963517189026,0.0,0.0,low_score,0,"179.00,98.00,243.00,123.00"
baseline,test,/home/ubuntu/hpproject/yolo/dataset/yolo/datasetm6c/images/test/0430.png,1,32-64,0.1801392138004303,iou,0.5950127840042114,0.0,0.0,0.5950127840042114,0.0,0.0,low_score,0,"200.00,127.00,284.00,160.00"
baseline,test,/home/ubuntu/hpproject/yolo/dataset/yolo/datasetm6c/images/test/0432.png,2,32-64,0.0,iou,0.0,0.0,0.0,0.0,0.0,0.0,no_response,0,"385.00,143.00,414.00,197.00"
baseline,test,/home/ubuntu/hpproject/yolo/dataset/yolo/datasetm6c/images/test/0432.png,4,16-32,0.05037261173129082,iou,0.8708845376968384,0.0,0.0,0.8708845376968384,0.0,0.0,low_score,0,"340.00,102.00,364.00,133.00"
baseline,test,/home/ubuntu/hpproject/yolo/dataset/yolo/datasetm6c/images/test/0436.png,0,32-64,0.0,iou,0.0,0.0,0.0,0.0,0.0,0.0,no_response,0,"135.00,286.00,174.00,328.00"
baseline,test,/home/ubuntu/hpproject/yolo/dataset/yolo/datasetm6c/images/test/0450.png,0,32-64,0.02707623690366745,iou,0.6558899879455566,0.0,0.0,0.6558899879455566,0.0,0.0,low_score,0,"154.00,156.00,204.00,193.00"
baseline,test,/home/ubuntu/hpproject/yolo/dataset/yolo/datasetm6c/images/test/0450.png,1,32-64,0.17051643133163452,iou,0.809795618057251,0.0,0.0,0.809795618057251,0.0,0.0,low_score,0,"207.00,119.00,282.00,154.00"
our,val,/home/ubuntu/hpproject/yolo/dataset/yolo/datasetm6c/images/val/0021.png,0,32-64,0.11806675791740417,iou,0.6456416845321655,0.0,0.0,0.6456416845321655,0.0,0.0,low_score,0,"233.00,94.00,273.00,157.00"
our,val,/home/ubuntu/hpproject/yolo/dataset/yolo/datasetm6c/images/val/0051.png,0,32-64,0.10479530692100525,iou,0.6650048494338989,0.0,0.0,0.6650048494338989,0.0,0.0,low_score,0,"95.18,101.68,124.81,167.58"
our,val,/home/ubuntu/hpproject/yolo/dataset/yolo/datasetm6c/images/val/0055.png,1,>=64,0.5256249308586121,iou,0.4711560606956482,0.006556900218129158,0.0,0.4711560606956482,0.006556900218129158,0.0,regression_or_match_poor,0,"151.00,65.00,211.00,117.00"
our,val,/home/ubuntu/hpproject/yolo/dataset/yolo/datasetm6c/images/val/0061.png,0,32-64,0.6020920872688293,iou,0.8220185041427612,0.24628470838069916,0.2427717000246048,0.8220185041427612,0.24628470838069916,0.2427717000246048,regression_or_match_poor,0,"300.00,141.00,332.00,173.00"
our,val,/home/ubuntu/hpproject/yolo/dataset/yolo/datasetm6c/images/val/0066.png,1,16-32,0.0,iou,0.0,0.0,0.0,0.0,0.0,0.0,no_response,0,"178.00,160.00,197.00,203.00"
our,val,/home/ubuntu/hpproject/yolo/dataset/yolo/datasetm6c/images/val/0066.png,3,16-32,0.15459193289279938,iou,0.5775018334388733,0.0,0.0,0.5775018334388733,0.0,0.0,low_score,0,"301.00,109.00,342.00,124.00"
our,val,/home/ubuntu/hpproject/yolo/dataset/yolo/datasetm6c/images/val/0068.png,1,32-64,0.0982290655374527,iou,0.5659210085868835,0.0,0.0,0.5659210085868835,0.0,0.0,low_score,0,"124.00,211.00,155.00,235.00"
our,val,/home/ubuntu/hpproject/yolo/dataset/yolo/datasetm6c/images/val/0068.png,2,32-64,0.024468183517456055,iou,0.33816367387771606,0.0,0.0,0.33816367387771606,0.0,0.0,low_score,0,"245.00,204.00,283.00,244.00"
our,val,/home/ubuntu/hpproject/yolo/dataset/yolo/datasetm6c/images/val/0069.png,1,32-64,0.12380416691303253,iou,0.7307922840118408,0.0,0.0,0.7307922840118408,0.0,0.0,low_score,0,"213.83,122.63,243.66,150.93"
our,val,/home/ubuntu/hpproject/yolo/dataset/yolo/datasetm6c/images/val/0069.png,3,16-32,0.1048300489783287,iou,0.6777424216270447,0.0,0.0,0.6777424216270447,0.0,0.0,low_score,0,"421.86,195.29,438.68,225.88"
our,val,/home/ubuntu/hpproject/yolo/dataset/yolo/datasetm6c/images/val/0072.png,0,16-32,0.16621659696102142,iou,0.36610570549964905,0.0,0.0,0.36610570549964905,0.0,0.0,low_score,0,"222.00,150.00,241.00,164.00"
our,val,/home/ubuntu/hpproject/yolo/dataset/yolo/datasetm6c/images/val/0105.png,0,32-64,0.09927663207054138,iou,0.4773556590080261,0.0,0.0,0.4773556590080261,0.0,0.0,low_score,0,"145.00,170.00,205.00,198.00"
our,val,/home/ubuntu/hpproject/yolo/dataset/yolo/datasetm6c/images/val/0143.png,1,>=64,0.606031596660614,iou,0.8983460664749146,0.08902101963758469,0.058452654629945755,0.8983460664749146,0.08902101963758469,0.058452654629945755,regression_or_match_poor,0,"271.00,247.00,318.00,294.00"
our,val,/home/ubuntu/hpproject/yolo/dataset/yolo/datasetm6c/images/val/0143.png,2,>=64,0.606031596660614,iou,0.27647316455841064,0.2235369086265564,0.2235369086265564,0.27647316455841064,0.2235369086265564,0.2235369086265564,regression_or_match_poor,0,"108.00,194.00,308.00,263.00"
our,val,/home/ubuntu/hpproject/yolo/dataset/yolo/datasetm6c/images/val/0144.png,0,32-64,0.0,iou,0.0,0.0,0.0,0.0,0.0,0.0,no_response,0,"312.00,269.00,350.00,305.00"
our,val,/home/ubuntu/hpproject/yolo/dataset/yolo/datasetm6c/images/val/0154.png,0,>=64,0.1977912038564682,iou,0.9238237738609314,0.0,0.0,0.9238237738609314,0.0,0.0,low_score,0,"277.00,269.00,365.00,342.00"
our,val,/home/ubuntu/hpproject/yolo/dataset/yolo/datasetm6c/images/val/0177.png,0,>=64,0.8054766058921814,iou,0.30943363904953003,0.2819885313510895,0.2772487998008728,0.30943363904953003,0.2819885313510895,0.2772487998008728,regression_or_match_poor,0,"93.00,323.00,261.00,416.00"
our,val,/home/ubuntu/hpproject/yolo/dataset/yolo/datasetm6c/images/val/0188.png,1,32-64,0.13762101531028748,iou,0.6004959940910339,0.0,0.0,0.6004959940910339,0.0,0.0,low_score,0,"293.00,111.00,340.00,184.00"
our,val,/home/ubuntu/hpproject/yolo/dataset/yolo/datasetm6c/images/val/0221.png,0,<16,0.49111101031303406,iou,0.0006294096820056438,0.0004699038399849087,0.0004699038399849087,0.0006294096820056438,0.0004699038399849087,0.0004699038399849087,regression_or_match_poor,0,"200.00,228.00,201.00,229.00"
our,val,/home/ubuntu/hpproject/yolo/dataset/yolo/datasetm6c/images/val/0221.png,1,16-32,0.44623246788978577,iou,0.7844662070274353,0.2888258993625641,0.2888258993625641,0.7844662070274353,0.2888258993625641,0.2888258993625641,regression_or_match_poor,0,"164.00,236.00,191.00,257.00"
our,val,/home/ubuntu/hpproject/yolo/dataset/yolo/datasetm6c/images/val/0221.png,4,32-64,0.572068989276886,iou,0.3807874917984009,0.17119716107845306,0.1607034057378769,0.3807874917984009,0.17119716107845306,0.1607034057378769,regression_or_match_poor,0,"232.00,144.00,283.00,195.00"
our,val,/home/ubuntu/hpproject/yolo/dataset/yolo/datasetm6c/images/val/0234.png,0,16-32,0.06257598102092743,iou,0.7242352366447449,0.0,0.0,0.7242352366447449,0.0,0.0,low_score,0,"212.04,221.24,272.37,247.89"
our,val,/home/ubuntu/hpproject/yolo/dataset/yolo/datasetm6c/images/val/0234.png,2,32-64,0.0,iou,0.0,0.0,0.0,0.0,0.0,0.0,no_response,0,"361.70,260.42,396.96,297.25"
our,val,/home/ubuntu/hpproject/yolo/dataset/yolo/datasetm6c/images/val/0262.png,0,16-32,0.057375360280275345,iou,0.5961031317710876,0.0,0.0,0.5961031317710876,0.0,0.0,low_score,0,"309.00,219.00,345.00,249.00"
our,val,/home/ubuntu/hpproject/yolo/dataset/yolo/datasetm6c/images/val/0262.png,1,16-32,0.07230228930711746,iou,0.8999643325805664,0.0,0.0,0.8999643325805664,0.0,0.0,low_score,0,"246.00,193.00,280.00,217.00"
our,val,/home/ubuntu/hpproject/yolo/dataset/yolo/datasetm6c/images/val/0262.png,2,32-64,0.057375360280275345,iou,0.16920334100723267,0.0,0.0,0.16920334100723267,0.0,0.0,low_score,0,"323.00,186.00,399.00,231.00"
our,val,/home/ubuntu/hpproject/yolo/dataset/yolo/datasetm6c/images/val/0349.png,0,16-32,0.4554142355918884,iou,0.1893250048160553,0.11515185981988907,0.09639856964349747,0.1893250048160553,0.11515185981988907,0.09639856964349747,regression_or_match_poor,0,"411.00,225.00,442.00,250.00"
our,val,/home/ubuntu/hpproject/yolo/dataset/yolo/datasetm6c/images/val/0359.png,2,32-64,0.060377832502126694,iou,0.4580373466014862,0.0,0.0,0.4580373466014862,0.0,0.0,low_score,0,"245.00,225.00,281.00,252.00"
our,val,/home/ubuntu/hpproject/yolo/dataset/yolo/datasetm6c/images/val/0359.png,3,16-32,0.03833873197436333,iou,0.16503970324993134,0.0,0.0,0.16503970324993134,0.0,0.0,low_score,0,"367.00,178.00,390.00,207.00"
our,val,/home/ubuntu/hpproject/yolo/dataset/yolo/datasetm6c/images/val/0359.png,4,32-64,0.11982446908950806,iou,0.6128774881362915,0.0,0.0,0.6128774881362915,0.0,0.0,low_score,0,"238.00,81.00,284.00,107.00"
our,val,/home/ubuntu/hpproject/yolo/dataset/yolo/datasetm6c/images/val/0363.png,2,32-64,0.35824188590049744,iou,0.49040403962135315,0.004435861948877573,0.004435861948877573,0.49040403962135315,0.004435861948877573,0.004435861948877573,regression_or_match_poor,0,"264.00,90.00,290.00,117.00"
our,val,/home/ubuntu/hpproject/yolo/dataset/yolo/datasetm6c/images/val/0371.png,2,16-32,0.5287649631500244,iou,0.498716801404953,0.2007097750902176,0.18793858587741852,0.498716801404953,0.2007097750902176,0.18793858587741852,regression_or_match_poor,0,"245.00,211.00,304.00,229.00"
our,val,/home/ubuntu/hpproject/yolo/dataset/yolo/datasetm6c/images/val/0371.png,3,32-64,0.30088239908218384,iou,0.6513039469718933,0.2298666089773178,0.2202761322259903,0.6513039469718933,0.2298666089773178,0.2202761322259903,regression_or_match_poor,0,"255.00,144.00,330.00,188.00"
our,val,/home/ubuntu/hpproject/yolo/dataset/yolo/datasetm6c/images/val/0376.png,0,<16,0.0,iou,0.0,0.0,0.0,0.0,0.0,0.0,no_response,0,"423.00,339.00,436.00,384.00"
our,val,/home/ubuntu/hpproject/yolo/dataset/yolo/datasetm6c/images/val/0376.png,1,16-32,0.0,iou,0.0,0.0,0.0,0.0,0.0,0.0,no_response,0,"456.00,174.00,473.00,212.00"
our,val,/home/ubuntu/hpproject/yolo/dataset/yolo/datasetm6c/images/val/0380.png,0,32-64,0.20747506618499756,iou,0.7131098508834839,0.0,0.0,0.7131098508834839,0.0,0.0,low_score,0,"330.00,350.00,376.00,383.00"
our,val,/home/ubuntu/hpproject/yolo/dataset/yolo/datasetm6c/images/val/0380.png,1,32-64,0.0,iou,0.0,0.0,0.0,0.0,0.0,0.0,no_response,0,"389.00,302.00,419.00,333.00"
our,val,/home/ubuntu/hpproject/yolo/dataset/yolo/datasetm6c/images/val/0380.png,3,32-64,0.0,iou,0.0,0.0,0.0,0.0,0.0,0.0,no_response,0,"399.00,163.00,431.00,203.00"
our,val,/home/ubuntu/hpproject/yolo/dataset/yolo/datasetm6c/images/val/0380.png,4,16-32,0.17479857802391052,iou,0.8725900053977966,0.0,0.0,0.8725900053977966,0.0,0.0,low_score,0,"356.00,130.00,379.00,161.00"
our,val,/home/ubuntu/hpproject/yolo/dataset/yolo/datasetm6c/images/val/0433.png,0,32-64,0.0,iou,0.0,0.0,0.0,0.0,0.0,0.0,no_response,0,"286.00,326.00,332.00,374.00"
our,val,/home/ubuntu/hpproject/yolo/dataset/yolo/datasetm6c/images/val/0433.png,1,32-64,0.03562713786959648,iou,0.18487952649593353,0.0,0.0,0.18487952649593353,0.0,0.0,low_score,0,"357.00,289.00,391.00,333.00"
our,val,/home/ubuntu/hpproject/yolo/dataset/yolo/datasetm6c/images/val/0433.png,2,>=64,0.03562713786959648,iou,0.5518473982810974,0.0,0.0,0.5518473982810974,0.0,0.0,low_score,0,"344.00,198.00,423.00,294.00"
our,val,/home/ubuntu/hpproject/yolo/dataset/yolo/datasetm6c/images/val/0433.png,3,32-64,0.0,iou,0.0,0.0,0.0,0.0,0.0,0.0,no_response,0,"272.00,146.00,305.00,177.00"
our,val,/home/ubuntu/hpproject/yolo/dataset/yolo/datasetm6c/images/val/0433.png,5,16-32,0.17619743943214417,iou,0.7408723831176758,0.0,0.0,0.7408723831176758,0.0,0.0,low_score,0,"291.00,112.00,314.00,138.00"
our,val,/home/ubuntu/hpproject/yolo/dataset/yolo/datasetm6c/images/val/0433.png,6,32-64,0.18921329081058502,iou,0.8608083128929138,0.0,0.0,0.8608083128929138,0.0,0.0,low_score,0,"232.00,84.00,269.00,119.00"
our,test,/home/ubuntu/hpproject/yolo/dataset/yolo/datasetm6c/images/test/0031.png,0,>=64,0.8758665323257446,iou,0.28973454236984253,0.28973454236984253,0.27754998207092285,0.28973454236984253,0.28973454236984253,0.27754998207092285,regression_or_match_poor,0,"73.00,101.00,303.00,239.00"
our,test,/home/ubuntu/hpproject/yolo/dataset/yolo/datasetm6c/images/test/0127.png,1,32-64,0.5187503695487976,iou,0.8601691722869873,0.21991974115371704,0.21867109835147858,0.8601691722869873,0.21991974115371704,0.21867109835147858,regression_or_match_poor,0,"173.00,129.00,230.00,177.00"
our,test,/home/ubuntu/hpproject/yolo/dataset/yolo/datasetm6c/images/test/0140.png,0,32-64,0.10457779467105865,iou,0.7537714242935181,0.0,0.0,0.7537714242935181,0.0,0.0,low_score,0,"324.00,143.00,355.00,183.00"
our,test,/home/ubuntu/hpproject/yolo/dataset/yolo/datasetm6c/images/test/0149.png,1,32-64,0.31179079413414,iou,0.22769124805927277,0.0018891916843131185,0.0007593503687530756,0.22769124805927277,0.0018891916843131185,0.0007593503687530756,regression_or_match_poor,0,"284.00,132.00,311.00,161.00"
our,test,/home/ubuntu/hpproject/yolo/dataset/yolo/datasetm6c/images/test/0161.png,1,>=64,0.11130958050489426,iou,0.8445491790771484,0.0,0.0,0.8445491790771484,0.0,0.0,low_score,0,"150.00,88.00,208.00,150.00"
our,test,/home/ubuntu/hpproject/yolo/dataset/yolo/datasetm6c/images/test/0173.png,1,32-64,0.22911110520362854,iou,0.8494135141372681,0.0,0.0,0.8494135141372681,0.0,0.0,low_score,0,"261.00,102.00,299.00,151.00"
our,test,/home/ubuntu/hpproject/yolo/dataset/yolo/datasetm6c/images/test/0193.png,1,32-64,0.7435289025306702,iou,0.17875470221042633,0.053631491959095,0.04566989094018936,0.17875470221042633,0.053631491959095,0.04566989094018936,regression_or_match_poor,0,"245.00,152.00,275.00,189.00"
our,test,/home/ubuntu/hpproject/yolo/dataset/yolo/datasetm6c/images/test/0204.png,0,32-64,0.030082104727625847,iou,0.5469749569892883,0.0,0.0,0.5469749569892883,0.0,0.0,low_score,0,"246.00,149.00,288.00,207.00"
our,test,/home/ubuntu/hpproject/yolo/dataset/yolo/datasetm6c/images/test/0213.png,0,32-64,0.16118061542510986,iou,0.8050749897956848,0.0,0.0,0.8050749897956848,0.0,0.0,low_score,0,"163.00,243.00,189.00,288.00"
our,test,/home/ubuntu/hpproject/yolo/dataset/yolo/datasetm6c/images/test/0213.png,1,32-64,0.0,iou,0.0,0.0,0.0,0.0,0.0,0.0,no_response,0,"119.00,230.00,154.00,290.00"
our,test,/home/ubuntu/hpproject/yolo/dataset/yolo/datasetm6c/images/test/0232.png,1,32-64,0.0,iou,0.0,0.0,0.0,0.0,0.0,0.0,no_response,0,"391.47,235.35,422.03,316.05"
our,test,/home/ubuntu/hpproject/yolo/dataset/yolo/datasetm6c/images/test/0299.png,0,32-64,0.10253141075372696,iou,0.8333812355995178,0.0,0.0,0.8333812355995178,0.0,0.0,low_score,0,"246.00,168.00,282.00,216.00"
our,test,/home/ubuntu/hpproject/yolo/dataset/yolo/datasetm6c/images/test/0299.png,1,32-64,0.0,iou,0.0,0.0,0.0,0.0,0.0,0.0,no_response,0,"241.00,109.00,283.00,150.00"
our,test,/home/ubuntu/hpproject/yolo/dataset/yolo/datasetm6c/images/test/0340.png,0,<16,0.06376811861991882,iou,0.48427826166152954,0.0,0.0,0.48427826166152954,0.0,0.0,low_score,0,"225.00,357.00,239.00,376.00"
our,test,/home/ubuntu/hpproject/yolo/dataset/yolo/datasetm6c/images/test/0340.png,2,16-32,0.0,iou,0.0,0.0,0.0,0.0,0.0,0.0,no_response,0,"227.96,250.75,246.03,270.45"
our,test,/home/ubuntu/hpproject/yolo/dataset/yolo/datasetm6c/images/test/0344.png,1,32-64,0.10329539328813553,iou,0.7473013401031494,0.0,0.0,0.7473013401031494,0.0,0.0,low_score,0,"260.00,376.00,297.00,404.00"
our,test,/home/ubuntu/hpproject/yolo/dataset/yolo/datasetm6c/images/test/0365.png,0,16-32,0.44033318758010864,iou,0.7972860336303711,0.2834987938404083,0.2761954367160797,0.7972860336303711,0.2834987938404083,0.2761954367160797,regression_or_match_poor,0,"191.00,152.00,225.00,175.00"
our,test,/home/ubuntu/hpproject/yolo/dataset/yolo/datasetm6c/images/test/0374.png,0,32-64,0.23005463182926178,iou,0.8413932919502258,0.0,0.0,0.8413932919502258,0.0,0.0,low_score,0,"290.00,192.00,350.00,220.00"
our,test,/home/ubuntu/hpproject/yolo/dataset/yolo/datasetm6c/images/test/0374.png,1,32-64,0.1642594188451767,iou,0.8348418474197388,0.0,0.0,0.8348418474197388,0.0,0.0,low_score,0,"351.00,143.00,390.00,196.00"
our,test,/home/ubuntu/hpproject/yolo/dataset/yolo/datasetm6c/images/test/0378.png,1,32-64,0.2253306657075882,iou,0.5184085965156555,0.0,0.0,0.5184085965156555,0.0,0.0,low_score,0,"263.00,327.00,313.00,359.00"
our,test,/home/ubuntu/hpproject/yolo/dataset/yolo/datasetm6c/images/test/0378.png,4,16-32,0.25521591305732727,iou,0.947523295879364,0.010098719038069248,0.010098719038069248,0.947523295879364,0.010098719038069248,0.010098719038069248,regression_or_match_poor,0,"296.00,190.00,323.00,216.00"
our,test,/home/ubuntu/hpproject/yolo/dataset/yolo/datasetm6c/images/test/0407.png,0,16-32,0.15475958585739136,iou,0.028651876375079155,0.0,0.0,0.028651876375079155,0.0,0.0,low_score,0,"167.00,328.00,190.00,354.00"
our,test,/home/ubuntu/hpproject/yolo/dataset/yolo/datasetm6c/images/test/0419.png,0,32-64,0.12159368395805359,iou,0.7849540710449219,0.0,0.0,0.7849540710449219,0.0,0.0,low_score,0,"139.42,142.89,183.31,203.62"
our,test,/home/ubuntu/hpproject/yolo/dataset/yolo/datasetm6c/images/test/0419.png,1,32-64,0.33018794655799866,iou,0.3301943242549896,0.22185088694095612,0.22185088694095612,0.3301943242549896,0.22185088694095612,0.22185088694095612,regression_or_match_poor,0,"188.44,172.89,233.80,208.01"
our,test,/home/ubuntu/hpproject/yolo/dataset/yolo/datasetm6c/images/test/0423.png,2,16-32,0.2129075825214386,iou,0.6576684713363647,0.0,0.0,0.6576684713363647,0.0,0.0,low_score,0,"95.00,275.00,116.00,302.00"
our,test,/home/ubuntu/hpproject/yolo/dataset/yolo/datasetm6c/images/test/0423.png,4,32-64,0.5474950075149536,iou,0.8189127445220947,0.07752489298582077,0.07363651692867279,0.8189127445220947,0.07752489298582077,0.07363651692867279,regression_or_match_poor,0,"266.00,116.00,302.00,147.00"
our,test,/home/ubuntu/hpproject/yolo/dataset/yolo/datasetm6c/images/test/0423.png,5,32-64,0.5474950075149536,iou,0.7845209836959839,0.008567096665501595,0.0046987636014819145,0.7845209836959839,0.008567096665501595,0.0046987636014819145,regression_or_match_poor,0,"228.00,97.00,263.00,123.00"
our,test,/home/ubuntu/hpproject/yolo/dataset/yolo/datasetm6c/images/test/0426.png,0,16-32,0.033447518944740295,iou,0.9631730318069458,0.0,0.0,0.9631730318069458,0.0,0.0,low_score,0,"248.00,324.00,271.00,345.00"
our,test,/home/ubuntu/hpproject/yolo/dataset/yolo/datasetm6c/images/test/0426.png,2,32-64,0.45515960454940796,iou,0.33072593808174133,0.25087499618530273,0.2456967681646347,0.33072593808174133,0.25087499618530273,0.2456967681646347,regression_or_match_poor,0,"190.00,260.00,237.00,295.00"
our,test,/home/ubuntu/hpproject/yolo/dataset/yolo/datasetm6c/images/test/0426.png,5,16-32,0.11975976079702377,iou,0.9448487758636475,0.0,0.0,0.9448487758636475,0.0,0.0,low_score,0,"166.00,141.00,195.00,158.00"
our,test,/home/ubuntu/hpproject/yolo/dataset/yolo/datasetm6c/images/test/0426.png,6,16-32,0.02710902690887451,iou,0.10724247246980667,0.0,0.0,0.10724247246980667,0.0,0.0,low_score,0,"214.00,126.00,235.00,159.00"
our,test,/home/ubuntu/hpproject/yolo/dataset/yolo/datasetm6c/images/test/0426.png,7,32-64,0.31725239753723145,iou,0.061865709722042084,0.01142832450568676,0.007479282096028328,0.061865709722042084,0.01142832450568676,0.007479282096028328,regression_or_match_poor,0,"281.00,122.00,312.00,158.00"
our,test,/home/ubuntu/hpproject/yolo/dataset/yolo/datasetm6c/images/test/0426.png,9,32-64,0.02710902690887451,iou,0.3391871750354767,0.0,0.0,0.3391871750354767,0.0,0.0,low_score,0,"179.00,98.00,243.00,123.00"
our,test,/home/ubuntu/hpproject/yolo/dataset/yolo/datasetm6c/images/test/0432.png,2,32-64,0.029043151065707207,iou,0.721147894859314,0.0,0.0,0.721147894859314,0.0,0.0,low_score,0,"385.00,143.00,414.00,197.00"
our,test,/home/ubuntu/hpproject/yolo/dataset/yolo/datasetm6c/images/test/0432.png,4,16-32,0.11190534383058548,iou,0.12922066450119019,0.0,0.0,0.12922066450119019,0.0,0.0,low_score,0,"340.00,102.00,364.00,133.00"
our,test,/home/ubuntu/hpproject/yolo/dataset/yolo/datasetm6c/images/test/0436.png,0,32-64,0.021398724988102913,iou,0.7859137058258057,0.0,0.0,0.7859137058258057,0.0,0.0,low_score,0,"135.00,286.00,174.00,328.00"
our,test,/home/ubuntu/hpproject/yolo/dataset/yolo/datasetm6c/images/test/0450.png,1,32-64,0.07674609869718552,iou,0.8651487231254578,0.0,0.0,0.8651487231254578,0.0,0.0,low_score,0,"207.00,119.00,282.00,154.00"
hmc,val,/home/ubuntu/hpproject/yolo/dataset/yolo/datasetm6c/images/val/0030.png,0,>=64,0.0981811061501503,iou,0.3103947043418884,0.0,0.0,0.3103947043418884,0.0,0.0,low_score,0,"126.00,192.00,375.00,308.00"
hmc,val,/home/ubuntu/hpproject/yolo/dataset/yolo/datasetm6c/images/val/0051.png,0,32-64,0.08995892852544785,iou,0.48253434896469116,0.0,0.0,0.48253434896469116,0.0,0.0,low_score,0,"95.18,101.68,124.81,167.58"
hmc,val,/home/ubuntu/hpproject/yolo/dataset/yolo/datasetm6c/images/val/0051.png,2,32-64,0.0,iou,0.0,0.0,0.0,0.0,0.0,0.0,no_response,0,"148.39,67.22,174.99,99.26"
hmc,val,/home/ubuntu/hpproject/yolo/dataset/yolo/datasetm6c/images/val/0055.png,1,>=64,0.47230494022369385,iou,0.2020793855190277,0.07196380198001862,0.02522345632314682,0.2020793855190277,0.07196380198001862,0.02522345632314682,regression_or_match_poor,0,"151.00,65.00,211.00,117.00"
hmc,val,/home/ubuntu/hpproject/yolo/dataset/yolo/datasetm6c/images/val/0061.png,0,32-64,0.8057918548583984,iou,0.792869508266449,0.20829911530017853,0.1976342648267746,0.792869508266449,0.20829911530017853,0.1976342648267746,regression_or_match_poor,0,"300.00,141.00,332.00,173.00"
hmc,val,/home/ubuntu/hpproject/yolo/dataset/yolo/datasetm6c/images/val/0066.png,1,16-32,0.0,iou,0.0,0.0,0.0,0.0,0.0,0.0,no_response,0,"178.00,160.00,197.00,203.00"
hmc,val,/home/ubuntu/hpproject/yolo/dataset/yolo/datasetm6c/images/val/0066.png,2,32-64,0.39192286133766174,iou,0.3397974967956543,0.24687223136425018,0.24687223136425018,0.3397974967956543,0.24687223136425018,0.24687223136425018,regression_or_match_poor,0,"256.00,122.00,324.00,153.00"
hmc,val,/home/ubuntu/hpproject/yolo/dataset/yolo/datasetm6c/images/val/0066.png,3,16-32,0.08843467384576797,iou,0.6653969287872314,0.0,0.0,0.6653969287872314,0.0,0.0,low_score,0,"301.00,109.00,342.00,124.00"
hmc,val,/home/ubuntu/hpproject/yolo/dataset/yolo/datasetm6c/images/val/0068.png,1,32-64,0.13181547820568085,iou,0.5040785670280457,0.0,0.0,0.5040785670280457,0.0,0.0,low_score,0,"124.00,211.00,155.00,235.00"
hmc,val,/home/ubuntu/hpproject/yolo/dataset/yolo/datasetm6c/images/val/0068.png,2,32-64,0.014913850463926792,iou,0.2644023001194,0.0,0.0,0.2644023001194,0.0,0.0,low_score,0,"245.00,204.00,283.00,244.00"
hmc,val,/home/ubuntu/hpproject/yolo/dataset/yolo/datasetm6c/images/val/0069.png,0,16-32,0.3409496247768402,iou,0.6182044744491577,0.03279232606291771,0.02455432154238224,0.6182044744491577,0.03279232606291771,0.02455432154238224,regression_or_match_poor,0,"246.72,163.93,276.55,179.99"
hmc,val,/home/ubuntu/hpproject/yolo/dataset/yolo/datasetm6c/images/val/0069.png,2,16-32,0.0,iou,0.0,0.0,0.0,0.0,0.0,0.0,no_response,0,"145.00,243.47,169.47,271.77"
hmc,val,/home/ubuntu/hpproject/yolo/dataset/yolo/datasetm6c/images/val/0069.png,3,16-32,0.0,iou,0.0,0.0,0.0,0.0,0.0,0.0,no_response,0,"421.86,195.29,438.68,225.88"
hmc,val,/home/ubuntu/hpproject/yolo/dataset/yolo/datasetm6c/images/val/0072.png,0,16-32,0.0,iou,0.0,0.0,0.0,0.0,0.0,0.0,no_response,0,"222.00,150.00,241.00,164.00"
hmc,val,/home/ubuntu/hpproject/yolo/dataset/yolo/datasetm6c/images/val/0072.png,1,32-64,0.16682420670986176,iou,0.7315481901168823,0.0,0.0,0.7315481901168823,0.0,0.0,low_score,0,"163.00,192.00,201.00,221.00"
hmc,val,/home/ubuntu/hpproject/yolo/dataset/yolo/datasetm6c/images/val/0094.png,1,32-64,0.05979624763131142,iou,0.6783585548400879,0.0,0.0,0.6783585548400879,0.0,0.0,low_score,0,"441.00,210.00,485.00,273.00"
hmc,val,/home/ubuntu/hpproject/yolo/dataset/yolo/datasetm6c/images/val/0103.png,0,>=64,0.21947002410888672,iou,0.49170446395874023,0.0,0.0,0.49170446395874023,0.0,0.0,low_score,0,"211.00,112.00,291.00,194.00"
hmc,val,/home/ubuntu/hpproject/yolo/dataset/yolo/datasetm6c/images/val/0105.png,0,32-64,0.0,iou,0.0,0.0,0.0,0.0,0.0,0.0,no_response,0,"145.00,170.00,205.00,198.00"
hmc,val,/home/ubuntu/hpproject/yolo/dataset/yolo/datasetm6c/images/val/0105.png,1,32-64,0.048580411821603775,iou,0.379158079624176,0.0,0.0,0.379158079624176,0.0,0.0,low_score,0,"171.00,83.00,210.00,139.00"
hmc,val,/home/ubuntu/hpproject/yolo/dataset/yolo/datasetm6c/images/val/0143.png,2,>=64,0.8424056172370911,iou,0.106203593313694,0.106203593313694,0.07646253705024719,0.106203593313694,0.106203593313694,0.07646253705024719,regression_or_match_poor,0,"108.00,194.00,308.00,263.00"
hmc,val,/home/ubuntu/hpproject/yolo/dataset/yolo/datasetm6c/images/val/0144.png,0,32-64,0.0,iou,0.0,0.0,0.0,0.0,0.0,0.0,no_response,0,"312.00,269.00,350.00,305.00"
hmc,val,/home/ubuntu/hpproject/yolo/dataset/yolo/datasetm6c/images/val/0146.png,0,32-64,0.0,iou,0.0,0.0,0.0,0.0,0.0,0.0,no_response,0,"193.00,310.00,234.00,338.00"
hmc,val,/home/ubuntu/hpproject/yolo/dataset/yolo/datasetm6c/images/val/0154.png,0,>=64,0.19618692994117737,iou,0.8841882348060608,0.0,0.0,0.8841882348060608,0.0,0.0,low_score,0,"277.00,269.00,365.00,342.00"
hmc,val,/home/ubuntu/hpproject/yolo/dataset/yolo/datasetm6c/images/val/0177.png,0,>=64,0.8304415941238403,iou,0.41240063309669495,0.2576863467693329,0.2441568374633789,0.41240063309669495,0.2576863467693329,0.2441568374633789,regression_or_match_poor,0,"93.00,323.00,261.00,416.00"
hmc,val,/home/ubuntu/hpproject/yolo/dataset/yolo/datasetm6c/images/val/0221.png,0,<16,0.6471992135047913,iou,0.000490827311296016,0.0002631712122820318,0.0002631712122820318,0.000490827311296016,0.0002631712122820318,0.0002631712122820318,regression_or_match_poor,0,"200.00,228.00,201.00,229.00"
hmc,val,/home/ubuntu/hpproject/yolo/dataset/yolo/datasetm6c/images/val/0221.png,1,16-32,0.6471992135047913,iou,0.8887803554534912,0.21066398918628693,0.18358878791332245,0.8887803554534912,0.21066398918628693,0.18358878791332245,regression_or_match_poor,0,"164.00,236.00,191.00,257.00"
hmc,val,/home/ubuntu/hpproject/yolo/dataset/yolo/datasetm6c/images/val/0221.png,3,>=64,0.7312970161437988,iou,0.5630372762680054,0.15724003314971924,0.15724003314971924,0.5630372762680054,0.15724003314971924,0.15724003314971924,regression_or_match_poor,0,"263.00,200.00,331.00,285.00"
hmc,val,/home/ubuntu/hpproject/yolo/dataset/yolo/datasetm6c/images/val/0221.png,4,32-64,0.7312970161437988,iou,0.1536531150341034,0.1485678106546402,0.12261870503425598,0.1536531150341034,0.1485678106546402,0.12261870503425598,regression_or_match_poor,0,"232.00,144.00,283.00,195.00"
hmc,val,/home/ubuntu/hpproject/yolo/dataset/yolo/datasetm6c/images/val/0234.png,0,16-32,0.45027920603752136,iou,0.7444164156913757,0.021096261218190193,0.0,0.7444164156913757,0.021096261218190193,0.0,regression_or_match_poor,0,"212.04,221.24,272.37,247.89"
hmc,val,/home/ubuntu/hpproject/yolo/dataset/yolo/datasetm6c/images/val/0234.png,1,16-32,0.2290032058954239,iou,0.2629070281982422,0.0,0.0,0.2629070281982422,0.0,0.0,low_score,0,"255.13,153.08,270.80,169.53"
hmc,val,/home/ubuntu/hpproject/yolo/dataset/yolo/datasetm6c/images/val/0234.png,2,32-64,0.0,iou,0.0,0.0,0.0,0.0,0.0,0.0,no_response,0,"361.70,260.42,396.96,297.25"
hmc,val,/home/ubuntu/hpproject/yolo/dataset/yolo/datasetm6c/images/val/0262.png,0,16-32,0.018621966242790222,iou,0.8313368558883667,0.0,0.0,0.8313368558883667,0.0,0.0,low_score,0,"309.00,219.00,345.00,249.00"
hmc,val,/home/ubuntu/hpproject/yolo/dataset/yolo/datasetm6c/images/val/0262.png,1,16-32,0.15081001818180084,iou,0.844545304775238,0.0,0.0,0.844545304775238,0.0,0.0,low_score,0,"246.00,193.00,280.00,217.00"
hmc,val,/home/ubuntu/hpproject/yolo/dataset/yolo/datasetm6c/images/val/0262.png,2,32-64,0.018621966242790222,iou,0.07591304183006287,0.0,0.0,0.07591304183006287,0.0,0.0,low_score,0,"323.00,186.00,399.00,231.00"
hmc,val,/home/ubuntu/hpproject/yolo/dataset/yolo/datasetm6c/images/val/0324.png,0,32-64,0.11336029320955276,iou,0.8479697704315186,0.0,0.0,0.8479697704315186,0.0,0.0,low_score,0,"216.00,230.00,251.00,269.00"
hmc,val,/home/ubuntu/hpproject/yolo/dataset/yolo/datasetm6c/images/val/0349.png,0,16-32,0.0,iou,0.0,0.0,0.0,0.0,0.0,0.0,no_response,0,"411.00,225.00,442.00,250.00"
hmc,val,/home/ubuntu/hpproject/yolo/dataset/yolo/datasetm6c/images/val/0359.png,2,32-64,0.21565215289592743,iou,0.2951093912124634,0.0,0.0,0.2951093912124634,0.0,0.0,low_score,0,"245.00,225.00,281.00,252.00"
hmc,val,/home/ubuntu/hpproject/yolo/dataset/yolo/datasetm6c/images/val/0359.png,3,16-32,0.22155940532684326,iou,0.7177326083183289,0.0,0.0,0.7177326083183289,0.0,0.0,low_score,0,"367.00,178.00,390.00,207.00"
hmc,val,/home/ubuntu/hpproject/yolo/dataset/yolo/datasetm6c/images/val/0363.png,1,16-32,0.01710410602390766,iou,0.7149665951728821,0.0,0.0,0.7149665951728821,0.0,0.0,low_score,0,"185.00,118.00,209.00,168.00"
hmc,val,/home/ubuntu/hpproject/yolo/dataset/yolo/datasetm6c/images/val/0363.png,2,32-64,0.7615417838096619,iou,0.0030128019861876965,0.0030128019861876965,0.0028828508220613003,0.0030128019861876965,0.0030128019861876965,0.0028828508220613003,regression_or_match_poor,0,"264.00,90.00,290.00,117.00"
hmc,val,/home/ubuntu/hpproject/yolo/dataset/yolo/datasetm6c/images/val/0371.png,0,16-32,0.1527131348848343,iou,0.9039252996444702,0.0,0.0,0.9039252996444702,0.0,0.0,low_score,0,"377.00,109.00,404.00,150.00"
hmc,val,/home/ubuntu/hpproject/yolo/dataset/yolo/datasetm6c/images/val/0371.png,1,16-32,0.7517220377922058,iou,0.7605475783348083,0.2546735405921936,0.2478194385766983,0.7605475783348083,0.2546735405921936,0.2478194385766983,regression_or_match_poor,0,"290.00,231.00,349.00,252.00"
hmc,val,/home/ubuntu/hpproject/yolo/dataset/yolo/datasetm6c/images/val/0371.png,2,16-32,0.7517220377922058,iou,0.20475268363952637,0.20074406266212463,0.19774451851844788,0.20475268363952637,0.20074406266212463,0.19774451851844788,regression_or_match_poor,0,"245.00,211.00,304.00,229.00"
hmc,val,/home/ubuntu/hpproject/yolo/dataset/yolo/datasetm6c/images/val/0371.png,3,32-64,0.0,iou,0.0,0.0,0.0,0.0,0.0,0.0,no_response,0,"255.00,144.00,330.00,188.00"
hmc,val,/home/ubuntu/hpproject/yolo/dataset/yolo/datasetm6c/images/val/0376.png,0,<16,0.0,iou,0.0,0.0,0.0,0.0,0.0,0.0,no_response,0,"423.00,339.00,436.00,384.00"
hmc,val,/home/ubuntu/hpproject/yolo/dataset/yolo/datasetm6c/images/val/0376.png,1,16-32,0.0,iou,0.0,0.0,0.0,0.0,0.0,0.0,no_response,0,"456.00,174.00,473.00,212.00"
hmc,val,/home/ubuntu/hpproject/yolo/dataset/yolo/datasetm6c/images/val/0376.png,2,16-32,0.047045886516571045,iou,0.5848338007926941,0.0,0.0,0.5848338007926941,0.0,0.0,low_score,0,"301.00,157.00,327.00,193.00"
hmc,val,/home/ubuntu/hpproject/yolo/dataset/yolo/datasetm6c/images/val/0376.png,3,16-32,0.0714038610458374,iou,0.5143512487411499,0.0,0.0,0.5143512487411499,0.0,0.0,low_score,0,"360.00,131.00,395.00,157.00"
hmc,val,/home/ubuntu/hpproject/yolo/dataset/yolo/datasetm6c/images/val/0380.png,0,32-64,0.0,iou,0.0,0.0,0.0,0.0,0.0,0.0,no_response,0,"330.00,350.00,376.00,383.00"
hmc,val,/home/ubuntu/hpproject/yolo/dataset/yolo/datasetm6c/images/val/0380.png,1,32-64,0.0,iou,0.0,0.0,0.0,0.0,0.0,0.0,no_response,0,"389.00,302.00,419.00,333.00"
hmc,val,/home/ubuntu/hpproject/yolo/dataset/yolo/datasetm6c/images/val/0380.png,3,32-64,0.0,iou,0.0,0.0,0.0,0.0,0.0,0.0,no_response,0,"399.00,163.00,431.00,203.00"
hmc,val,/home/ubuntu/hpproject/yolo/dataset/yolo/datasetm6c/images/val/0380.png,4,16-32,0.0,iou,0.0,0.0,0.0,0.0,0.0,0.0,no_response,0,"356.00,130.00,379.00,161.00"
hmc,val,/home/ubuntu/hpproject/yolo/dataset/yolo/datasetm6c/images/val/0433.png,0,32-64,0.06018016114830971,iou,0.25335368514060974,0.0,0.0,0.25335368514060974,0.0,0.0,low_score,0,"286.00,326.00,332.00,374.00"
hmc,val,/home/ubuntu/hpproject/yolo/dataset/yolo/datasetm6c/images/val/0433.png,1,32-64,0.0,iou,0.0,0.0,0.0,0.0,0.0,0.0,no_response,0,"357.00,289.00,391.00,333.00"
hmc,val,/home/ubuntu/hpproject/yolo/dataset/yolo/datasetm6c/images/val/0433.png,2,>=64,0.0,iou,0.0,0.0,0.0,0.0,0.0,0.0,no_response,0,"344.00,198.00,423.00,294.00"
hmc,val,/home/ubuntu/hpproject/yolo/dataset/yolo/datasetm6c/images/val/0433.png,3,32-64,0.0,iou,0.0,0.0,0.0,0.0,0.0,0.0,no_response,0,"272.00,146.00,305.00,177.00"
hmc,val,/home/ubuntu/hpproject/yolo/dataset/yolo/datasetm6c/images/val/0433.png,5,16-32,0.16168314218521118,iou,0.7416228652000427,0.0,0.0,0.7416228652000427,0.0,0.0,low_score,0,"291.00,112.00,314.00,138.00"
hmc,val,/home/ubuntu/hpproject/yolo/dataset/yolo/datasetm6c/images/val/0433.png,6,32-64,0.028233597055077553,iou,0.8794324398040771,0.0,0.0,0.8794324398040771,0.0,0.0,low_score,0,"232.00,84.00,269.00,119.00"
hmc,test,/home/ubuntu/hpproject/yolo/dataset/yolo/datasetm6c/images/test/0031.png,0,>=64,0.06212659180164337,iou,0.32791170477867126,0.0,0.0,0.32791170477867126,0.0,0.0,low_score,0,"73.00,101.00,303.00,239.00"
hmc,test,/home/ubuntu/hpproject/yolo/dataset/yolo/datasetm6c/images/test/0049.png,0,32-64,0.07695671916007996,iou,0.5785210132598877,0.0,0.0,0.5785210132598877,0.0,0.0,low_score,0,"135.00,177.00,237.00,203.00"
hmc,test,/home/ubuntu/hpproject/yolo/dataset/yolo/datasetm6c/images/test/0127.png,1,32-64,0.5994269847869873,iou,0.17586499452590942,0.16905419528484344,0.15106338262557983,0.17586499452590942,0.16905419528484344,0.15106338262557983,regression_or_match_poor,0,"173.00,129.00,230.00,177.00"
hmc,test,/home/ubuntu/hpproject/yolo/dataset/yolo/datasetm6c/images/test/0140.png,0,32-64,0.061103079468011856,iou,0.5060527920722961,0.0,0.0,0.5060527920722961,0.0,0.0,low_score,0,"324.00,143.00,355.00,183.00"
hmc,test,/home/ubuntu/hpproject/yolo/dataset/yolo/datasetm6c/images/test/0149.png,1,32-64,0.31389176845550537,iou,0.005199534818530083,0.0051139588467776775,0.0051139588467776775,0.005199534818530083,0.0051139588467776775,0.0051139588467776775,regression_or_match_poor,0,"284.00,132.00,311.00,161.00"
hmc,test,/home/ubuntu/hpproject/yolo/dataset/yolo/datasetm6c/images/test/0171.png,2,32-64,0.7499616146087646,iou,0.8935262560844421,0.21581430733203888,0.21581430733203888,0.8935262560844421,0.21581430733203888,0.21581430733203888,regression_or_match_poor,0,"179.00,221.00,240.00,253.00"
hmc,test,/home/ubuntu/hpproject/yolo/dataset/yolo/datasetm6c/images/test/0193.png,0,>=64,0.0,iou,0.0,0.0,0.0,0.0,0.0,0.0,no_response,0,"241.00,182.00,308.00,255.00"
hmc,test,/home/ubuntu/hpproject/yolo/dataset/yolo/datasetm6c/images/test/0193.png,1,32-64,0.0,iou,0.0,0.0,0.0,0.0,0.0,0.0,no_response,0,"245.00,152.00,275.00,189.00"
hmc,test,/home/ubuntu/hpproject/yolo/dataset/yolo/datasetm6c/images/test/0204.png,0,32-64,0.0,iou,0.0,0.0,0.0,0.0,0.0,0.0,no_response,0,"246.00,149.00,288.00,207.00"
hmc,test,/home/ubuntu/hpproject/yolo/dataset/yolo/datasetm6c/images/test/0213.png,0,32-64,0.0,iou,0.0,0.0,0.0,0.0,0.0,0.0,no_response,0,"163.00,243.00,189.00,288.00"
hmc,test,/home/ubuntu/hpproject/yolo/dataset/yolo/datasetm6c/images/test/0213.png,1,32-64,0.0,iou,0.0,0.0,0.0,0.0,0.0,0.0,no_response,0,"119.00,230.00,154.00,290.00"
hmc,test,/home/ubuntu/hpproject/yolo/dataset/yolo/datasetm6c/images/test/0232.png,0,16-32,0.0,iou,0.0,0.0,0.0,0.0,0.0,0.0,no_response,0,"375.80,154.64,402.44,191.47"
hmc,test,/home/ubuntu/hpproject/yolo/dataset/yolo/datasetm6c/images/test/0232.png,1,32-64,0.0,iou,0.0,0.0,0.0,0.0,0.0,0.0,no_response,0,"391.47,235.35,422.03,316.05"
hmc,test,/home/ubuntu/hpproject/yolo/dataset/yolo/datasetm6c/images/test/0241.png,0,32-64,0.2691173255443573,iou,0.2333521842956543,0.19227324426174164,0.15081998705863953,0.2333521842956543,0.19227324426174164,0.15081998705863953,regression_or_match_poor,0,"188.00,142.00,307.00,195.00"
hmc,test,/home/ubuntu/hpproject/yolo/dataset/yolo/datasetm6c/images/test/0295.png,0,32-64,0.0372592993080616,iou,0.46448543667793274,0.0,0.0,0.46448543667793274,0.0,0.0,low_score,0,"303.00,134.00,358.00,175.00"
hmc,test,/home/ubuntu/hpproject/yolo/dataset/yolo/datasetm6c/images/test/0299.png,0,32-64,0.0,iou,0.0,0.0,0.0,0.0,0.0,0.0,no_response,0,"246.00,168.00,282.00,216.00"
hmc,test,/home/ubuntu/hpproject/yolo/dataset/yolo/datasetm6c/images/test/0299.png,1,32-64,0.0,iou,0.0,0.0,0.0,0.0,0.0,0.0,no_response,0,"241.00,109.00,283.00,150.00"
hmc,test,/home/ubuntu/hpproject/yolo/dataset/yolo/datasetm6c/images/test/0299.png,2,32-64,0.012727255001664162,iou,0.6086820363998413,0.0,0.0,0.6086820363998413,0.0,0.0,low_score,0,"450.00,388.00,505.00,442.00"
hmc,test,/home/ubuntu/hpproject/yolo/dataset/yolo/datasetm6c/images/test/0340.png,0,<16,0.0,iou,0.0,0.0,0.0,0.0,0.0,0.0,no_response,0,"225.00,357.00,239.00,376.00"
hmc,test,/home/ubuntu/hpproject/yolo/dataset/yolo/datasetm6c/images/test/0340.png,1,16-32,0.0,iou,0.0,0.0,0.0,0.0,0.0,0.0,no_response,0,"331.42,346.81,349.48,377.19"
hmc,test,/home/ubuntu/hpproject/yolo/dataset/yolo/datasetm6c/images/test/0340.png,2,16-32,0.0,iou,0.0,0.0,0.0,0.0,0.0,0.0,no_response,0,"227.96,250.75,246.03,270.45"
hmc,test,/home/ubuntu/hpproject/yolo/dataset/yolo/datasetm6c/images/test/0344.png,1,32-64,0.15466542541980743,iou,0.5307949781417847,0.0,0.0,0.5307949781417847,0.0,0.0,low_score,0,"260.00,376.00,297.00,404.00"
hmc,test,/home/ubuntu/hpproject/yolo/dataset/yolo/datasetm6c/images/test/0365.png,0,16-32,0.8387598395347595,iou,0.31243395805358887,0.3015724718570709,0.28789952397346497,0.31243395805358887,0.3015724718570709,0.28789952397346497,postproc_filtered,0,"191.00,152.00,225.00,175.00"
hmc,test,/home/ubuntu/hpproject/yolo/dataset/yolo/datasetm6c/images/test/0374.png,0,32-64,0.705181896686554,iou,0.17948223650455475,0.17948223650455475,0.17642755806446075,0.17948223650455475,0.17948223650455475,0.17642755806446075,regression_or_match_poor,0,"290.00,192.00,350.00,220.00"
hmc,test,/home/ubuntu/hpproject/yolo/dataset/yolo/datasetm6c/images/test/0374.png,1,32-64,0.705181896686554,iou,0.22082625329494476,0.22082625329494476,0.21497130393981934,0.22082625329494476,0.22082625329494476,0.21497130393981934,regression_or_match_poor,0,"351.00,143.00,390.00,196.00"
hmc,test,/home/ubuntu/hpproject/yolo/dataset/yolo/datasetm6c/images/test/0407.png,0,16-32,0.0,iou,0.0,0.0,0.0,0.0,0.0,0.0,no_response,0,"167.00,328.00,190.00,354.00"
hmc,test,/home/ubuntu/hpproject/yolo/dataset/yolo/datasetm6c/images/test/0419.png,0,32-64,0.0,iou,0.0,0.0,0.0,0.0,0.0,0.0,no_response,0,"139.42,142.89,183.31,203.62"
hmc,test,/home/ubuntu/hpproject/yolo/dataset/yolo/datasetm6c/images/test/0419.png,1,32-64,0.6069005727767944,iou,0.20150239765644073,0.20150239765644073,0.18258564174175262,0.20150239765644073,0.20150239765644073,0.18258564174175262,regression_or_match_poor,0,"188.44,172.89,233.80,208.01"
hmc,test,/home/ubuntu/hpproject/yolo/dataset/yolo/datasetm6c/images/test/0422.png,0,>=64,0.0788547471165657,iou,0.8927337527275085,0.0,0.0,0.8927337527275085,0.0,0.0,low_score,0,"224.00,298.00,292.00,363.00"
hmc,test,/home/ubuntu/hpproject/yolo/dataset/yolo/datasetm6c/images/test/0423.png,1,16-32,0.0,iou,0.0,0.0,0.0,0.0,0.0,0.0,no_response,0,"124.00,320.00,144.00,344.00"
hmc,test,/home/ubuntu/hpproject/yolo/dataset/yolo/datasetm6c/images/test/0423.png,2,16-32,0.010387859307229519,iou,0.16493374109268188,0.0,0.0,0.16493374109268188,0.0,0.0,low_score,0,"95.00,275.00,116.00,302.00"
hmc,test,/home/ubuntu/hpproject/yolo/dataset/yolo/datasetm6c/images/test/0423.png,5,32-64,0.5759660601615906,iou,0.053359631448984146,0.044403545558452606,0.04142393544316292,0.053359631448984146,0.044403545558452606,0.04142393544316292,regression_or_match_poor,0,"228.00,97.00,263.00,123.00"
hmc,test,/home/ubuntu/hpproject/yolo/dataset/yolo/datasetm6c/images/test/0426.png,0,16-32,0.0,iou,0.0,0.0,0.0,0.0,0.0,0.0,no_response,0,"248.00,324.00,271.00,345.00"
hmc,test,/home/ubuntu/hpproject/yolo/dataset/yolo/datasetm6c/images/test/0426.png,2,32-64,0.7309762239456177,iou,0.23434509336948395,0.23434509336948395,0.22101831436157227,0.23434509336948395,0.23434509336948395,0.22101831436157227,regression_or_match_poor,0,"190.00,260.00,237.00,295.00"
hmc,test,/home/ubuntu/hpproject/yolo/dataset/yolo/datasetm6c/images/test/0426.png,3,32-64,0.6673251390457153,iou,0.26837143301963806,0.26837143301963806,0.2339920997619629,0.26837143301963806,0.26837143301963806,0.2339920997619629,regression_or_match_poor,0,"185.00,194.00,253.00,227.00"
hmc,test,/home/ubuntu/hpproject/yolo/dataset/yolo/datasetm6c/images/test/0426.png,4,32-64,0.6673251390457153,iou,0.09350884705781937,0.08752728253602982,0.08620315045118332,0.09350884705781937,0.08752728253602982,0.08620315045118332,regression_or_match_poor,0,"234.00,147.00,271.00,176.00"
hmc,test,/home/ubuntu/hpproject/yolo/dataset/yolo/datasetm6c/images/test/0426.png,6,16-32,0.6673251390457153,iou,0.07250469923019409,0.013984525576233864,0.01213615108281374,0.07250469923019409,0.013984525576233864,0.01213615108281374,regression_or_match_poor,0,"214.00,126.00,235.00,159.00"
hmc,test,/home/ubuntu/hpproject/yolo/dataset/yolo/datasetm6c/images/test/0426.png,7,32-64,0.6673251390457153,iou,0.09192824363708496,0.016010763123631477,0.013087745755910873,0.09192824363708496,0.016010763123631477,0.013087745755910873,regression_or_match_poor,0,"281.00,122.00,312.00,158.00"
hmc,test,/home/ubuntu/hpproject/yolo/dataset/yolo/datasetm6c/images/test/0426.png,8,32-64,0.07943814247846603,iou,0.8824709057807922,0.0,0.0,0.8824709057807922,0.0,0.0,low_score,0,"248.00,108.00,285.00,138.00"
hmc,test,/home/ubuntu/hpproject/yolo/dataset/yolo/datasetm6c/images/test/0430.png,1,32-64,0.09108436852693558,iou,0.7295588254928589,0.0,0.0,0.7295588254928589,0.0,0.0,low_score,0,"200.00,127.00,284.00,160.00"
hmc,test,/home/ubuntu/hpproject/yolo/dataset/yolo/datasetm6c/images/test/0432.png,0,32-64,0.0,iou,0.0,0.0,0.0,0.0,0.0,0.0,no_response,0,"320.00,356.00,354.00,383.00"
hmc,test,/home/ubuntu/hpproject/yolo/dataset/yolo/datasetm6c/images/test/0432.png,2,32-64,0.0,iou,0.0,0.0,0.0,0.0,0.0,0.0,no_response,0,"385.00,143.00,414.00,197.00"
hmc,test,/home/ubuntu/hpproject/yolo/dataset/yolo/datasetm6c/images/test/0432.png,4,16-32,0.044156063348054886,iou,0.7154215574264526,0.0,0.0,0.7154215574264526,0.0,0.0,low_score,0,"340.00,102.00,364.00,133.00"
hmc,test,/home/ubuntu/hpproject/yolo/dataset/yolo/datasetm6c/images/test/0436.png,0,32-64,0.0,iou,0.0,0.0,0.0,0.0,0.0,0.0,no_response,0,"135.00,286.00,174.00,328.00"
hmc,test,/home/ubuntu/hpproject/yolo/dataset/yolo/datasetm6c/images/test/0450.png,0,32-64,0.2596127688884735,iou,0.444679319858551,0.19253909587860107,0.19253909587860107,0.444679319858551,0.19253909587860107,0.19253909587860107,regression_or_match_poor,0,"154.00,156.00,204.00,193.00"
hmc,test,/home/ubuntu/hpproject/yolo/dataset/yolo/datasetm6c/images/test/0450.png,1,32-64,0.2596127688884735,iou,0.030526768416166306,0.030526768416166306,0.030526768416166306,0.030526768416166306,0.030526768416166306,0.030526768416166306,regression_or_match_poor,0,"207.00,119.00,282.00,154.00"
al3,val,/home/ubuntu/hpproject/yolo/dataset/yolo/datasetm6c/images/val/0021.png,0,32-64,0.03942436724901199,iou,0.6504665613174438,0.0,0.0,0.6504665613174438,0.0,0.0,low_score,0,"233.00,94.00,273.00,157.00"
al3,val,/home/ubuntu/hpproject/yolo/dataset/yolo/datasetm6c/images/val/0051.png,0,32-64,0.09253375232219696,iou,0.4396387040615082,0.0,0.0,0.4396387040615082,0.0,0.0,low_score,0,"95.18,101.68,124.81,167.58"
al3,val,/home/ubuntu/hpproject/yolo/dataset/yolo/datasetm6c/images/val/0055.png,1,>=64,0.5600982904434204,iou,0.6279054284095764,0.024163035675883293,0.011567039415240288,0.6279054284095764,0.024163035675883293,0.011567039415240288,regression_or_match_poor,0,"151.00,65.00,211.00,117.00"
al3,val,/home/ubuntu/hpproject/yolo/dataset/yolo/datasetm6c/images/val/0066.png,1,16-32,0.0,iou,0.0,0.0,0.0,0.0,0.0,0.0,no_response,0,"178.00,160.00,197.00,203.00"
al3,val,/home/ubuntu/hpproject/yolo/dataset/yolo/datasetm6c/images/val/0066.png,3,16-32,0.11521708965301514,iou,0.5796442031860352,0.0,0.0,0.5796442031860352,0.0,0.0,low_score,0,"301.00,109.00,342.00,124.00"
al3,val,/home/ubuntu/hpproject/yolo/dataset/yolo/datasetm6c/images/val/0068.png,2,32-64,0.02548311837017536,iou,0.792008638381958,0.0,0.0,0.792008638381958,0.0,0.0,low_score,0,"245.00,204.00,283.00,244.00"
al3,val,/home/ubuntu/hpproject/yolo/dataset/yolo/datasetm6c/images/val/0069.png,0,16-32,0.19320730865001678,iou,0.6685378551483154,0.0,0.0,0.6685378551483154,0.0,0.0,low_score,0,"246.72,163.93,276.55,179.99"
al3,val,/home/ubuntu/hpproject/yolo/dataset/yolo/datasetm6c/images/val/0069.png,1,32-64,0.03092382289469242,iou,0.5467105507850647,0.0,0.0,0.5467105507850647,0.0,0.0,low_score,0,"213.83,122.63,243.66,150.93"
al3,val,/home/ubuntu/hpproject/yolo/dataset/yolo/datasetm6c/images/val/0072.png,0,16-32,0.09482287615537643,iou,0.14139635860919952,0.0,0.0,0.14139635860919952,0.0,0.0,low_score,0,"222.00,150.00,241.00,164.00"
al3,val,/home/ubuntu/hpproject/yolo/dataset/yolo/datasetm6c/images/val/0084.png,0,32-64,0.24899683892726898,iou,0.8101488351821899,0.0,0.0,0.8101488351821899,0.0,0.0,low_score,0,"253.00,119.00,292.00,159.00"
al3,val,/home/ubuntu/hpproject/yolo/dataset/yolo/datasetm6c/images/val/0094.png,1,32-64,0.10926587879657745,iou,0.5790858268737793,0.0,0.0,0.5790858268737793,0.0,0.0,low_score,0,"441.00,210.00,485.00,273.00"
al3,val,/home/ubuntu/hpproject/yolo/dataset/yolo/datasetm6c/images/val/0105.png,0,32-64,0.064845971763134,iou,0.5219444632530212,0.0,0.0,0.5219444632530212,0.0,0.0,low_score,0,"145.00,170.00,205.00,198.00"
al3,val,/home/ubuntu/hpproject/yolo/dataset/yolo/datasetm6c/images/val/0105.png,1,32-64,0.12941747903823853,iou,0.8503706455230713,0.0,0.0,0.8503706455230713,0.0,0.0,low_score,0,"171.00,83.00,210.00,139.00"
al3,val,/home/ubuntu/hpproject/yolo/dataset/yolo/datasetm6c/images/val/0143.png,0,>=64,0.7851950526237488,iou,0.5474389791488647,0.049759093672037125,0.049325037747621536,0.5474389791488647,0.049759093672037125,0.049325037747621536,regression_or_match_poor,0,"94.00,275.00,315.00,346.00"
al3,val,/home/ubuntu/hpproject/yolo/dataset/yolo/datasetm6c/images/val/0143.png,2,>=64,0.7851950526237488,iou,0.27756085991859436,0.02181287482380867,0.01599215343594551,0.27756085991859436,0.02181287482380867,0.01599215343594551,regression_or_match_poor,0,"108.00,194.00,308.00,263.00"
al3,val,/home/ubuntu/hpproject/yolo/dataset/yolo/datasetm6c/images/val/0144.png,0,32-64,0.036509908735752106,iou,0.6576640009880066,0.0,0.0,0.6576640009880066,0.0,0.0,low_score,0,"312.00,269.00,350.00,305.00"
al3,val,/home/ubuntu/hpproject/yolo/dataset/yolo/datasetm6c/images/val/0154.png,1,>=64,0.21500642597675323,iou,0.6669231653213501,0.0,0.0,0.6669231653213501,0.0,0.0,low_score,0,"202.00,136.00,309.00,188.00"
al3,val,/home/ubuntu/hpproject/yolo/dataset/yolo/datasetm6c/images/val/0177.png,0,>=64,0.6892662048339844,iou,0.2787076532840729,0.2787076532840729,0.27300602197647095,0.2787076532840729,0.2787076532840729,0.27300602197647095,regression_or_match_poor,0,"93.00,323.00,261.00,416.00"
al3,val,/home/ubuntu/hpproject/yolo/dataset/yolo/datasetm6c/images/val/0188.png,1,32-64,0.22542478144168854,iou,0.4554261267185211,0.0,0.0,0.4554261267185211,0.0,0.0,low_score,0,"293.00,111.00,340.00,184.00"
al3,val,/home/ubuntu/hpproject/yolo/dataset/yolo/datasetm6c/images/val/0221.png,0,<16,0.549394965171814,iou,0.0005903153796680272,0.00019503652583807707,0.00019503652583807707,0.0005903153796680272,0.00019503652583807707,0.00019503652583807707,regression_or_match_poor,0,"200.00,228.00,201.00,229.00"
al3,val,/home/ubuntu/hpproject/yolo/dataset/yolo/datasetm6c/images/val/0221.png,3,>=64,0.718290388584137,iou,0.6890168190002441,0.06771726161241531,0.06466392427682877,0.6890168190002441,0.06771726161241531,0.06466392427682877,regression_or_match_poor,0,"263.00,200.00,331.00,285.00"
al3,val,/home/ubuntu/hpproject/yolo/dataset/yolo/datasetm6c/images/val/0221.png,4,32-64,0.718290388584137,iou,0.7101532816886902,0.15037566423416138,0.13815540075302124,0.7101532816886902,0.15037566423416138,0.13815540075302124,regression_or_match_poor,0,"232.00,144.00,283.00,195.00"
al3,val,/home/ubuntu/hpproject/yolo/dataset/yolo/datasetm6c/images/val/0234.png,0,16-32,0.010179848410189152,iou,0.0001208581670653075,0.0,0.0,0.0001208581670653075,0.0,0.0,low_score,0,"212.04,221.24,272.37,247.89"
al3,val,/home/ubuntu/hpproject/yolo/dataset/yolo/datasetm6c/images/val/0234.png,1,16-32,0.0881851315498352,iou,0.5222591161727905,0.0,0.0,0.5222591161727905,0.0,0.0,low_score,0,"255.13,153.08,270.80,169.53"
al3,val,/home/ubuntu/hpproject/yolo/dataset/yolo/datasetm6c/images/val/0234.png,2,32-64,0.0,iou,0.0,0.0,0.0,0.0,0.0,0.0,no_response,0,"361.70,260.42,396.96,297.25"
al3,val,/home/ubuntu/hpproject/yolo/dataset/yolo/datasetm6c/images/val/0262.png,0,16-32,0.12001106142997742,iou,0.6528615355491638,0.0,0.0,0.6528615355491638,0.0,0.0,low_score,0,"309.00,219.00,345.00,249.00"
al3,val,/home/ubuntu/hpproject/yolo/dataset/yolo/datasetm6c/images/val/0262.png,2,32-64,0.12001106142997742,iou,0.2888526916503906,0.0,0.0,0.2888526916503906,0.0,0.0,low_score,0,"323.00,186.00,399.00,231.00"
al3,val,/home/ubuntu/hpproject/yolo/dataset/yolo/datasetm6c/images/val/0324.png,0,32-64,0.07023034244775772,iou,0.49555814266204834,0.0,0.0,0.49555814266204834,0.0,0.0,low_score,0,"216.00,230.00,251.00,269.00"
al3,val,/home/ubuntu/hpproject/yolo/dataset/yolo/datasetm6c/images/val/0349.png,0,16-32,0.012662702240049839,iou,0.0837986096739769,0.0,0.0,0.0837986096739769,0.0,0.0,low_score,0,"411.00,225.00,442.00,250.00"
al3,val,/home/ubuntu/hpproject/yolo/dataset/yolo/datasetm6c/images/val/0351.png,1,>=64,0.35655900835990906,iou,0.7009762525558472,0.013641659170389175,0.011976397596299648,0.7009762525558472,0.013641659170389175,0.011976397596299648,regression_or_match_poor,0,"175.00,126.00,304.00,252.00"
al3,val,/home/ubuntu/hpproject/yolo/dataset/yolo/datasetm6c/images/val/0359.png,2,32-64,0.11058084666728973,iou,0.1643170863389969,0.0,0.0,0.1643170863389969,0.0,0.0,low_score,0,"245.00,225.00,281.00,252.00"
al3,val,/home/ubuntu/hpproject/yolo/dataset/yolo/datasetm6c/images/val/0359.png,3,16-32,0.1539117693901062,iou,0.8878273367881775,0.0,0.0,0.8878273367881775,0.0,0.0,low_score,0,"367.00,178.00,390.00,207.00"
al3,val,/home/ubuntu/hpproject/yolo/dataset/yolo/datasetm6c/images/val/0363.png,1,16-32,0.08935027569532394,iou,0.6442970037460327,0.0,0.0,0.6442970037460327,0.0,0.0,low_score,0,"185.00,118.00,209.00,168.00"
al3,val,/home/ubuntu/hpproject/yolo/dataset/yolo/datasetm6c/images/val/0363.png,2,32-64,0.6492133736610413,iou,0.36328670382499695,0.019471971318125725,0.0016780747100710869,0.36328670382499695,0.019471971318125725,0.0016780747100710869,regression_or_match_poor,0,"264.00,90.00,290.00,117.00"
al3,val,/home/ubuntu/hpproject/yolo/dataset/yolo/datasetm6c/images/val/0371.png,2,16-32,0.6768856048583984,iou,0.5284062027931213,0.24549147486686707,0.23596645891666412,0.5284062027931213,0.24549147486686707,0.23596645891666412,regression_or_match_poor,0,"245.00,211.00,304.00,229.00"
al3,val,/home/ubuntu/hpproject/yolo/dataset/yolo/datasetm6c/images/val/0371.png,3,32-64,0.59489506483078,iou,0.6619953513145447,0.20167426764965057,0.18911707401275635,0.6619953513145447,0.20167426764965057,0.18911707401275635,regression_or_match_poor,0,"255.00,144.00,330.00,188.00"
al3,val,/home/ubuntu/hpproject/yolo/dataset/yolo/datasetm6c/images/val/0376.png,0,<16,0.0,iou,0.0,0.0,0.0,0.0,0.0,0.0,no_response,0,"423.00,339.00,436.00,384.00"
al3,val,/home/ubuntu/hpproject/yolo/dataset/yolo/datasetm6c/images/val/0376.png,1,16-32,0.0,iou,0.0,0.0,0.0,0.0,0.0,0.0,no_response,0,"456.00,174.00,473.00,212.00"
al3,val,/home/ubuntu/hpproject/yolo/dataset/yolo/datasetm6c/images/val/0376.png,3,16-32,0.11528684198856354,iou,0.7624426484107971,0.0,0.0,0.7624426484107971,0.0,0.0,low_score,0,"360.00,131.00,395.00,157.00"
al3,val,/home/ubuntu/hpproject/yolo/dataset/yolo/datasetm6c/images/val/0380.png,0,32-64,0.14313575625419617,iou,0.555583119392395,0.0,0.0,0.555583119392395,0.0,0.0,low_score,0,"330.00,350.00,376.00,383.00"
al3,val,/home/ubuntu/hpproject/yolo/dataset/yolo/datasetm6c/images/val/0380.png,1,32-64,0.014510280452668667,iou,0.11278406530618668,0.0,0.0,0.11278406530618668,0.0,0.0,low_score,0,"389.00,302.00,419.00,333.00"
al3,val,/home/ubuntu/hpproject/yolo/dataset/yolo/datasetm6c/images/val/0380.png,3,32-64,0.0,iou,0.0,0.0,0.0,0.0,0.0,0.0,no_response,0,"399.00,163.00,431.00,203.00"
al3,val,/home/ubuntu/hpproject/yolo/dataset/yolo/datasetm6c/images/val/0433.png,0,32-64,0.0,iou,0.0,0.0,0.0,0.0,0.0,0.0,no_response,0,"286.00,326.00,332.00,374.00"
al3,val,/home/ubuntu/hpproject/yolo/dataset/yolo/datasetm6c/images/val/0433.png,1,32-64,0.015321807935833931,iou,0.12713883817195892,0.0,0.0,0.12713883817195892,0.0,0.0,low_score,0,"357.00,289.00,391.00,333.00"
al3,val,/home/ubuntu/hpproject/yolo/dataset/yolo/datasetm6c/images/val/0433.png,2,>=64,0.015321807935833931,iou,0.6740899682044983,0.0,0.0,0.6740899682044983,0.0,0.0,low_score,0,"344.00,198.00,423.00,294.00"
al3,val,/home/ubuntu/hpproject/yolo/dataset/yolo/datasetm6c/images/val/0433.png,3,32-64,0.0,iou,0.0,0.0,0.0,0.0,0.0,0.0,no_response,0,"272.00,146.00,305.00,177.00"
al3,val,/home/ubuntu/hpproject/yolo/dataset/yolo/datasetm6c/images/val/0433.png,5,16-32,0.0,iou,0.0,0.0,0.0,0.0,0.0,0.0,no_response,0,"291.00,112.00,314.00,138.00"
al3,val,/home/ubuntu/hpproject/yolo/dataset/yolo/datasetm6c/images/val/0433.png,6,32-64,0.05025913938879967,iou,0.6635065674781799,0.0,0.0,0.6635065674781799,0.0,0.0,low_score,0,"232.00,84.00,269.00,119.00"
al3,test,/home/ubuntu/hpproject/yolo/dataset/yolo/datasetm6c/images/test/0127.png,1,32-64,0.6913124322891235,iou,0.18140587210655212,0.18140587210655212,0.18025311827659607,0.18140587210655212,0.18140587210655212,0.18025311827659607,regression_or_match_poor,0,"173.00,129.00,230.00,177.00"
al3,test,/home/ubuntu/hpproject/yolo/dataset/yolo/datasetm6c/images/test/0140.png,0,32-64,0.22903501987457275,iou,0.6156812906265259,0.0,0.0,0.6156812906265259,0.0,0.0,low_score,0,"324.00,143.00,355.00,183.00"
al3,test,/home/ubuntu/hpproject/yolo/dataset/yolo/datasetm6c/images/test/0149.png,1,32-64,0.6198592185974121,iou,0.006025702226907015,0.0005836962372995913,0.0001789484522305429,0.006025702226907015,0.0005836962372995913,0.0001789484522305429,regression_or_match_poor,0,"284.00,132.00,311.00,161.00"
al3,test,/home/ubuntu/hpproject/yolo/dataset/yolo/datasetm6c/images/test/0161.png,1,>=64,0.06887181848287582,iou,0.767299473285675,0.0,0.0,0.767299473285675,0.0,0.0,low_score,0,"150.00,88.00,208.00,150.00"
al3,test,/home/ubuntu/hpproject/yolo/dataset/yolo/datasetm6c/images/test/0193.png,1,32-64,0.8226208090782166,iou,0.13004249334335327,0.0582573302090168,0.0582573302090168,0.13004249334335327,0.0582573302090168,0.0582573302090168,regression_or_match_poor,0,"245.00,152.00,275.00,189.00"
al3,test,/home/ubuntu/hpproject/yolo/dataset/yolo/datasetm6c/images/test/0204.png,0,32-64,0.06603386998176575,iou,0.43459436297416687,0.0,0.0,0.43459436297416687,0.0,0.0,low_score,0,"246.00,149.00,288.00,207.00"
al3,test,/home/ubuntu/hpproject/yolo/dataset/yolo/datasetm6c/images/test/0213.png,0,32-64,0.2284160852432251,iou,0.7866630554199219,0.0,0.0,0.7866630554199219,0.0,0.0,low_score,0,"163.00,243.00,189.00,288.00"
al3,test,/home/ubuntu/hpproject/yolo/dataset/yolo/datasetm6c/images/test/0213.png,1,32-64,0.035516880452632904,iou,0.6547979116439819,0.0,0.0,0.6547979116439819,0.0,0.0,low_score,0,"119.00,230.00,154.00,290.00"
al3,test,/home/ubuntu/hpproject/yolo/dataset/yolo/datasetm6c/images/test/0218.png,0,>=64,0.803007185459137,iou,0.6979583501815796,0.26851731538772583,0.2570531368255615,0.6979583501815796,0.26851731538772583,0.2570531368255615,regression_or_match_poor,0,"183.00,130.00,260.00,178.00"
al3,test,/home/ubuntu/hpproject/yolo/dataset/yolo/datasetm6c/images/test/0232.png,1,32-64,0.0,iou,0.0,0.0,0.0,0.0,0.0,0.0,no_response,0,"391.47,235.35,422.03,316.05"
al3,test,/home/ubuntu/hpproject/yolo/dataset/yolo/datasetm6c/images/test/0241.png,0,32-64,0.10555718094110489,iou,0.1869649440050125,0.0,0.0,0.1869649440050125,0.0,0.0,low_score,0,"188.00,142.00,307.00,195.00"
al3,test,/home/ubuntu/hpproject/yolo/dataset/yolo/datasetm6c/images/test/0295.png,0,32-64,0.21528758108615875,iou,0.9291814565658569,0.0,0.0,0.9291814565658569,0.0,0.0,low_score,0,"303.00,134.00,358.00,175.00"
al3,test,/home/ubuntu/hpproject/yolo/dataset/yolo/datasetm6c/images/test/0299.png,0,32-64,0.013936012051999569,iou,0.8784143924713135,0.0,0.0,0.8784143924713135,0.0,0.0,low_score,0,"246.00,168.00,282.00,216.00"
al3,test,/home/ubuntu/hpproject/yolo/dataset/yolo/datasetm6c/images/test/0299.png,1,32-64,0.0,iou,0.0,0.0,0.0,0.0,0.0,0.0,no_response,0,"241.00,109.00,283.00,150.00"
al3,test,/home/ubuntu/hpproject/yolo/dataset/yolo/datasetm6c/images/test/0340.png,0,<16,0.11634700745344162,iou,0.4481707215309143,0.0,0.0,0.4481707215309143,0.0,0.0,low_score,0,"225.00,357.00,239.00,376.00"
al3,test,/home/ubuntu/hpproject/yolo/dataset/yolo/datasetm6c/images/test/0340.png,2,16-32,0.0,iou,0.0,0.0,0.0,0.0,0.0,0.0,no_response,0,"227.96,250.75,246.03,270.45"
al3,test,/home/ubuntu/hpproject/yolo/dataset/yolo/datasetm6c/images/test/0365.png,0,16-32,0.4911796748638153,iou,0.7307378649711609,0.27892300486564636,0.27453720569610596,0.7307378649711609,0.27892300486564636,0.27453720569610596,regression_or_match_poor,0,"191.00,152.00,225.00,175.00"
al3,test,/home/ubuntu/hpproject/yolo/dataset/yolo/datasetm6c/images/test/0374.png,1,32-64,0.19069024920463562,iou,0.861473798751831,0.0,0.0,0.861473798751831,0.0,0.0,low_score,0,"351.00,143.00,390.00,196.00"
al3,test,/home/ubuntu/hpproject/yolo/dataset/yolo/datasetm6c/images/test/0378.png,1,32-64,0.1352899670600891,iou,0.6452900171279907,0.0,0.0,0.6452900171279907,0.0,0.0,low_score,0,"263.00,327.00,313.00,359.00"
al3,test,/home/ubuntu/hpproject/yolo/dataset/yolo/datasetm6c/images/test/0407.png,0,16-32,0.050032470375299454,iou,0.018794259056448936,0.0,0.0,0.018794259056448936,0.0,0.0,low_score,0,"167.00,328.00,190.00,354.00"
al3,test,/home/ubuntu/hpproject/yolo/dataset/yolo/datasetm6c/images/test/0419.png,0,32-64,0.12759838998317719,iou,0.6779602766036987,0.0,0.0,0.6779602766036987,0.0,0.0,low_score,0,"139.42,142.89,183.31,203.62"
al3,test,/home/ubuntu/hpproject/yolo/dataset/yolo/datasetm6c/images/test/0419.png,1,32-64,0.18283137679100037,iou,0.32993125915527344,0.0,0.0,0.32993125915527344,0.0,0.0,low_score,0,"188.44,172.89,233.80,208.01"
al3,test,/home/ubuntu/hpproject/yolo/dataset/yolo/datasetm6c/images/test/0423.png,2,16-32,0.26895079016685486,iou,0.7729056477546692,0.12675811350345612,0.12675811350345612,0.7729056477546692,0.12675811350345612,0.12675811350345612,regression_or_match_poor,0,"95.00,275.00,116.00,302.00"
al3,test,/home/ubuntu/hpproject/yolo/dataset/yolo/datasetm6c/images/test/0423.png,5,32-64,0.667067289352417,iou,0.744193434715271,0.008126470260322094,0.004357399884611368,0.744193434715271,0.008126470260322094,0.004357399884611368,regression_or_match_poor,0,"228.00,97.00,263.00,123.00"
al3,test,/home/ubuntu/hpproject/yolo/dataset/yolo/datasetm6c/images/test/0426.png,0,16-32,0.13095128536224365,iou,0.8642937541007996,0.0,0.0,0.8642937541007996,0.0,0.0,low_score,0,"248.00,324.00,271.00,345.00"
al3,test,/home/ubuntu/hpproject/yolo/dataset/yolo/datasetm6c/images/test/0426.png,2,32-64,0.7711600661277771,iou,0.5992845892906189,0.23639898002147675,0.221212238073349,0.5992845892906189,0.23639898002147675,0.221212238073349,regression_or_match_poor,0,"190.00,260.00,237.00,295.00"
al3,test,/home/ubuntu/hpproject/yolo/dataset/yolo/datasetm6c/images/test/0426.png,4,32-64,0.08631303906440735,iou,0.5985682010650635,0.0,0.0,0.5985682010650635,0.0,0.0,low_score,0,"234.00,147.00,271.00,176.00"
al3,test,/home/ubuntu/hpproject/yolo/dataset/yolo/datasetm6c/images/test/0426.png,6,16-32,0.09046022593975067,iou,0.389349102973938,0.0,0.0,0.389349102973938,0.0,0.0,low_score,0,"214.00,126.00,235.00,159.00"
al3,test,/home/ubuntu/hpproject/yolo/dataset/yolo/datasetm6c/images/test/0426.png,7,32-64,0.189011350274086,iou,0.9265826344490051,0.0,0.0,0.9265826344490051,0.0,0.0,low_score,0,"281.00,122.00,312.00,158.00"
al3,test,/home/ubuntu/hpproject/yolo/dataset/yolo/datasetm6c/images/test/0426.png,8,32-64,0.189011350274086,iou,0.8567835688591003,0.0,0.0,0.8567835688591003,0.0,0.0,low_score,0,"248.00,108.00,285.00,138.00"
al3,test,/home/ubuntu/hpproject/yolo/dataset/yolo/datasetm6c/images/test/0426.png,9,32-64,0.1730482280254364,iou,0.4408547282218933,0.0,0.0,0.4408547282218933,0.0,0.0,low_score,0,"179.00,98.00,243.00,123.00"
al3,test,/home/ubuntu/hpproject/yolo/dataset/yolo/datasetm6c/images/test/0432.png,2,32-64,0.030522555112838745,iou,0.7695080041885376,0.0,0.0,0.7695080041885376,0.0,0.0,low_score,0,"385.00,143.00,414.00,197.00"
al3,test,/home/ubuntu/hpproject/yolo/dataset/yolo/datasetm6c/images/test/0432.png,4,16-32,0.03271865472197533,iou,0.41865965723991394,0.0,0.0,0.41865965723991394,0.0,0.0,low_score,0,"340.00,102.00,364.00,133.00"
al3,test,/home/ubuntu/hpproject/yolo/dataset/yolo/datasetm6c/images/test/0436.png,0,32-64,0.0,iou,0.0,0.0,0.0,0.0,0.0,0.0,no_response,0,"135.00,286.00,174.00,328.00"
al3,test,/home/ubuntu/hpproject/yolo/dataset/yolo/datasetm6c/images/test/0450.png,0,32-64,0.5475826859474182,iou,0.6490426063537598,0.2013636827468872,0.19703997671604156,0.6490426063537598,0.2013636827468872,0.19703997671604156,regression_or_match_poor,0,"154.00,156.00,204.00,193.00"
al3,test,/home/ubuntu/hpproject/yolo/dataset/yolo/datasetm6c/images/test/0450.png,1,32-64,0.0,iou,0.0,0.0,0.0,0.0,0.0,0.0,no_response,0,"207.00,119.00,282.00,154.00"
al2,val,/home/ubuntu/hpproject/yolo/dataset/yolo/datasetm6c/images/val/0021.png,0,32-64,0.0770198330283165,iou,0.6681919693946838,0.0,0.0,0.6681919693946838,0.0,0.0,low_score,0,"233.00,94.00,273.00,157.00"
al2,val,/home/ubuntu/hpproject/yolo/dataset/yolo/datasetm6c/images/val/0051.png,0,32-64,0.07893673330545425,iou,0.39838308095932007,0.0,0.0,0.39838308095932007,0.0,0.0,low_score,0,"95.18,101.68,124.81,167.58"
al2,val,/home/ubuntu/hpproject/yolo/dataset/yolo/datasetm6c/images/val/0055.png,0,>=64,0.1966770589351654,iou,0.7804676294326782,0.0,0.0,0.7804676294326782,0.0,0.0,low_score,0,"122.00,134.00,191.00,199.00"
al2,val,/home/ubuntu/hpproject/yolo/dataset/yolo/datasetm6c/images/val/0055.png,1,>=64,0.12341532856225967,iou,0.8941501379013062,0.0,0.0,0.8941501379013062,0.0,0.0,low_score,0,"151.00,65.00,211.00,117.00"
al2,val,/home/ubuntu/hpproject/yolo/dataset/yolo/datasetm6c/images/val/0061.png,0,32-64,0.7224579453468323,iou,0.7905576825141907,0.2633817195892334,0.23832860589027405,0.7905576825141907,0.2633817195892334,0.23832860589027405,regression_or_match_poor,0,"300.00,141.00,332.00,173.00"
al2,val,/home/ubuntu/hpproject/yolo/dataset/yolo/datasetm6c/images/val/0066.png,1,16-32,0.0,iou,0.0,0.0,0.0,0.0,0.0,0.0,no_response,0,"178.00,160.00,197.00,203.00"
al2,val,/home/ubuntu/hpproject/yolo/dataset/yolo/datasetm6c/images/val/0066.png,3,16-32,0.10054776817560196,iou,0.5659226179122925,0.0,0.0,0.5659226179122925,0.0,0.0,low_score,0,"301.00,109.00,342.00,124.00"
al2,val,/home/ubuntu/hpproject/yolo/dataset/yolo/datasetm6c/images/val/0068.png,1,32-64,0.0,iou,0.0,0.0,0.0,0.0,0.0,0.0,no_response,0,"124.00,211.00,155.00,235.00"
al2,val,/home/ubuntu/hpproject/yolo/dataset/yolo/datasetm6c/images/val/0068.png,2,32-64,0.0,iou,0.0,0.0,0.0,0.0,0.0,0.0,no_response,0,"245.00,204.00,283.00,244.00"
al2,val,/home/ubuntu/hpproject/yolo/dataset/yolo/datasetm6c/images/val/0069.png,0,16-32,0.19806241989135742,iou,0.6475480794906616,0.0,0.0,0.6475480794906616,0.0,0.0,low_score,0,"246.72,163.93,276.55,179.99"
al2,val,/home/ubuntu/hpproject/yolo/dataset/yolo/datasetm6c/images/val/0069.png,1,32-64,0.024432875216007233,iou,0.6225971579551697,0.0,0.0,0.6225971579551697,0.0,0.0,low_score,0,"213.83,122.63,243.66,150.93"
al2,val,/home/ubuntu/hpproject/yolo/dataset/yolo/datasetm6c/images/val/0069.png,2,16-32,0.16017113626003265,iou,0.714289128780365,0.0,0.0,0.714289128780365,0.0,0.0,low_score,0,"145.00,243.47,169.47,271.77"
al2,val,/home/ubuntu/hpproject/yolo/dataset/yolo/datasetm6c/images/val/0069.png,3,16-32,0.2112344354391098,iou,0.7136736512184143,0.0,0.0,0.7136736512184143,0.0,0.0,low_score,0,"421.86,195.29,438.68,225.88"
al2,val,/home/ubuntu/hpproject/yolo/dataset/yolo/datasetm6c/images/val/0072.png,0,16-32,0.1872742921113968,iou,0.2747734785079956,0.0,0.0,0.2747734785079956,0.0,0.0,low_score,0,"222.00,150.00,241.00,164.00"
al2,val,/home/ubuntu/hpproject/yolo/dataset/yolo/datasetm6c/images/val/0094.png,1,32-64,0.6878523230552673,iou,0.6069881916046143,0.15173815190792084,0.14427638053894043,0.6069881916046143,0.15173815190792084,0.14427638053894043,regression_or_match_poor,0,"441.00,210.00,485.00,273.00"
al2,val,/home/ubuntu/hpproject/yolo/dataset/yolo/datasetm6c/images/val/0105.png,0,32-64,0.079944908618927,iou,0.6709428429603577,0.0,0.0,0.6709428429603577,0.0,0.0,low_score,0,"145.00,170.00,205.00,198.00"
al2,val,/home/ubuntu/hpproject/yolo/dataset/yolo/datasetm6c/images/val/0143.png,1,>=64,0.2956654727458954,iou,0.8514600992202759,0.08435335010290146,0.08359218388795853,0.8514600992202759,0.08435335010290146,0.08359218388795853,regression_or_match_poor,0,"271.00,247.00,318.00,294.00"
al2,val,/home/ubuntu/hpproject/yolo/dataset/yolo/datasetm6c/images/val/0143.png,2,>=64,0.3544304370880127,iou,0.3217485845088959,0.24739700555801392,0.24481487274169922,0.3217485845088959,0.24739700555801392,0.24481487274169922,regression_or_match_poor,0,"108.00,194.00,308.00,263.00"
al2,val,/home/ubuntu/hpproject/yolo/dataset/yolo/datasetm6c/images/val/0144.png,0,32-64,0.023481551557779312,iou,0.7251794934272766,0.0,0.0,0.7251794934272766,0.0,0.0,low_score,0,"312.00,269.00,350.00,305.00"
al2,val,/home/ubuntu/hpproject/yolo/dataset/yolo/datasetm6c/images/val/0177.png,0,>=64,0.9106614589691162,iou,0.6875624060630798,0.2568751573562622,0.2522909939289093,0.6875624060630798,0.2568751573562622,0.2522909939289093,regression_or_match_poor,0,"93.00,323.00,261.00,416.00"
al2,val,/home/ubuntu/hpproject/yolo/dataset/yolo/datasetm6c/images/val/0188.png,1,32-64,0.1057313084602356,iou,0.514763355255127,0.0,0.0,0.514763355255127,0.0,0.0,low_score,0,"293.00,111.00,340.00,184.00"
al2,val,/home/ubuntu/hpproject/yolo/dataset/yolo/datasetm6c/images/val/0221.png,0,<16,0.45382311940193176,iou,0.0006625851383432746,0.0005054525099694729,0.0005054525099694729,0.0006625851383432746,0.0005054525099694729,0.0005054525099694729,regression_or_match_poor,0,"200.00,228.00,201.00,229.00"
al2,val,/home/ubuntu/hpproject/yolo/dataset/yolo/datasetm6c/images/val/0221.png,1,16-32,0.1866292655467987,iou,0.8423538208007812,0.0,0.0,0.8423538208007812,0.0,0.0,low_score,0,"164.00,236.00,191.00,257.00"
al2,val,/home/ubuntu/hpproject/yolo/dataset/yolo/datasetm6c/images/val/0221.png,3,>=64,0.32763826847076416,iou,0.6499091386795044,0.019650790840387344,0.0,0.6499091386795044,0.019650790840387344,0.0,regression_or_match_poor,0,"263.00,200.00,331.00,285.00"
al2,val,/home/ubuntu/hpproject/yolo/dataset/yolo/datasetm6c/images/val/0221.png,4,32-64,0.5853825211524963,iou,0.3398993909358978,0.16618230938911438,0.09141287952661514,0.3398993909358978,0.16618230938911438,0.09141287952661514,regression_or_match_poor,0,"232.00,144.00,283.00,195.00"
al2,val,/home/ubuntu/hpproject/yolo/dataset/yolo/datasetm6c/images/val/0234.png,0,16-32,0.02139492891728878,iou,0.0025548303965479136,0.0,0.0,0.0025548303965479136,0.0,0.0,low_score,0,"212.04,221.24,272.37,247.89"
al2,val,/home/ubuntu/hpproject/yolo/dataset/yolo/datasetm6c/images/val/0234.png,1,16-32,0.13276918232440948,iou,0.6004114747047424,0.0,0.0,0.6004114747047424,0.0,0.0,low_score,0,"255.13,153.08,270.80,169.53"
al2,val,/home/ubuntu/hpproject/yolo/dataset/yolo/datasetm6c/images/val/0234.png,2,32-64,0.0,iou,0.0,0.0,0.0,0.0,0.0,0.0,no_response,0,"361.70,260.42,396.96,297.25"
al2,val,/home/ubuntu/hpproject/yolo/dataset/yolo/datasetm6c/images/val/0262.png,0,16-32,0.2421077936887741,iou,0.6801061630249023,0.0,0.0,0.6801061630249023,0.0,0.0,low_score,0,"309.00,219.00,345.00,249.00"
al2,val,/home/ubuntu/hpproject/yolo/dataset/yolo/datasetm6c/images/val/0262.png,1,16-32,0.2421077936887741,iou,0.7938188910484314,0.0,0.0,0.7938188910484314,0.0,0.0,low_score,0,"246.00,193.00,280.00,217.00"
al2,val,/home/ubuntu/hpproject/yolo/dataset/yolo/datasetm6c/images/val/0262.png,2,32-64,0.2421077936887741,iou,0.3196220099925995,0.0,0.0,0.3196220099925995,0.0,0.0,low_score,0,"323.00,186.00,399.00,231.00"
al2,val,/home/ubuntu/hpproject/yolo/dataset/yolo/datasetm6c/images/val/0324.png,0,32-64,0.1177404522895813,iou,0.5995246171951294,0.0,0.0,0.5995246171951294,0.0,0.0,low_score,0,"216.00,230.00,251.00,269.00"
al2,val,/home/ubuntu/hpproject/yolo/dataset/yolo/datasetm6c/images/val/0349.png,0,16-32,0.054913900792598724,iou,0.07165371626615524,0.0,0.0,0.07165371626615524,0.0,0.0,low_score,0,"411.00,225.00,442.00,250.00"
al2,val,/home/ubuntu/hpproject/yolo/dataset/yolo/datasetm6c/images/val/0351.png,1,>=64,0.47568511962890625,iou,0.8335959315299988,0.25612086057662964,0.24773955345153809,0.8335959315299988,0.25612086057662964,0.24773955345153809,regression_or_match_poor,0,"175.00,126.00,304.00,252.00"
al2,val,/home/ubuntu/hpproject/yolo/dataset/yolo/datasetm6c/images/val/0359.png,0,32-64,0.13998891413211823,iou,0.8782139420509338,0.0,0.0,0.8782139420509338,0.0,0.0,low_score,0,"177.00,290.00,235.00,322.00"
al2,val,/home/ubuntu/hpproject/yolo/dataset/yolo/datasetm6c/images/val/0359.png,2,32-64,0.0,iou,0.0,0.0,0.0,0.0,0.0,0.0,no_response,0,"245.00,225.00,281.00,252.00"
al2,val,/home/ubuntu/hpproject/yolo/dataset/yolo/datasetm6c/images/val/0359.png,3,16-32,0.13673114776611328,iou,0.16157785058021545,0.0,0.0,0.16157785058021545,0.0,0.0,low_score,0,"367.00,178.00,390.00,207.00"
al2,val,/home/ubuntu/hpproject/yolo/dataset/yolo/datasetm6c/images/val/0359.png,4,32-64,0.1711353063583374,iou,0.8675532341003418,0.0,0.0,0.8675532341003418,0.0,0.0,low_score,0,"238.00,81.00,284.00,107.00"
al2,val,/home/ubuntu/hpproject/yolo/dataset/yolo/datasetm6c/images/val/0363.png,2,32-64,0.39324620366096497,iou,0.23517261445522308,0.01058355625718832,0.004619221668690443,0.23517261445522308,0.01058355625718832,0.004619221668690443,regression_or_match_poor,0,"264.00,90.00,290.00,117.00"
al2,val,/home/ubuntu/hpproject/yolo/dataset/yolo/datasetm6c/images/val/0371.png,2,16-32,0.6443071365356445,iou,0.5119242668151855,0.23056718707084656,0.23056718707084656,0.5119242668151855,0.23056718707084656,0.23056718707084656,regression_or_match_poor,0,"245.00,211.00,304.00,229.00"
al2,val,/home/ubuntu/hpproject/yolo/dataset/yolo/datasetm6c/images/val/0371.png,3,32-64,0.2585237920284271,iou,0.662074089050293,0.21303457021713257,0.21303457021713257,0.662074089050293,0.21303457021713257,0.21303457021713257,regression_or_match_poor,0,"255.00,144.00,330.00,188.00"
al2,val,/home/ubuntu/hpproject/yolo/dataset/yolo/datasetm6c/images/val/0376.png,0,<16,0.0,iou,0.0,0.0,0.0,0.0,0.0,0.0,no_response,0,"423.00,339.00,436.00,384.00"
al2,val,/home/ubuntu/hpproject/yolo/dataset/yolo/datasetm6c/images/val/0376.png,1,16-32,0.014244979247450829,iou,0.7487167119979858,0.0,0.0,0.7487167119979858,0.0,0.0,low_score,0,"456.00,174.00,473.00,212.00"
al2,val,/home/ubuntu/hpproject/yolo/dataset/yolo/datasetm6c/images/val/0376.png,3,16-32,0.09850519895553589,iou,0.6725563406944275,0.0,0.0,0.6725563406944275,0.0,0.0,low_score,0,"360.00,131.00,395.00,157.00"
al2,val,/home/ubuntu/hpproject/yolo/dataset/yolo/datasetm6c/images/val/0380.png,1,32-64,0.0,iou,0.0,0.0,0.0,0.0,0.0,0.0,no_response,0,"389.00,302.00,419.00,333.00"
al2,val,/home/ubuntu/hpproject/yolo/dataset/yolo/datasetm6c/images/val/0380.png,3,32-64,0.011204171925783157,iou,0.6849907040596008,0.0,0.0,0.6849907040596008,0.0,0.0,low_score,0,"399.00,163.00,431.00,203.00"
al2,val,/home/ubuntu/hpproject/yolo/dataset/yolo/datasetm6c/images/val/0380.png,4,16-32,0.023612290620803833,iou,0.7669841051101685,0.0,0.0,0.7669841051101685,0.0,0.0,low_score,0,"356.00,130.00,379.00,161.00"
al2,val,/home/ubuntu/hpproject/yolo/dataset/yolo/datasetm6c/images/val/0403.png,0,>=64,0.08651185780763626,iou,0.8530426621437073,0.0,0.0,0.8530426621437073,0.0,0.0,low_score,0,"268.00,198.00,337.00,261.00"
al2,val,/home/ubuntu/hpproject/yolo/dataset/yolo/datasetm6c/images/val/0433.png,0,32-64,0.0,iou,0.0,0.0,0.0,0.0,0.0,0.0,no_response,0,"286.00,326.00,332.00,374.00"
al2,val,/home/ubuntu/hpproject/yolo/dataset/yolo/datasetm6c/images/val/0433.png,1,32-64,0.0,iou,0.0,0.0,0.0,0.0,0.0,0.0,no_response,0,"357.00,289.00,391.00,333.00"
al2,val,/home/ubuntu/hpproject/yolo/dataset/yolo/datasetm6c/images/val/0433.png,2,>=64,0.0,iou,0.0,0.0,0.0,0.0,0.0,0.0,no_response,0,"344.00,198.00,423.00,294.00"
al2,val,/home/ubuntu/hpproject/yolo/dataset/yolo/datasetm6c/images/val/0433.png,3,32-64,0.0,iou,0.0,0.0,0.0,0.0,0.0,0.0,no_response,0,"272.00,146.00,305.00,177.00"
al2,val,/home/ubuntu/hpproject/yolo/dataset/yolo/datasetm6c/images/val/0433.png,5,16-32,0.22218836843967438,iou,0.734563946723938,0.0,0.0,0.734563946723938,0.0,0.0,low_score,0,"291.00,112.00,314.00,138.00"
al2,val,/home/ubuntu/hpproject/yolo/dataset/yolo/datasetm6c/images/val/0433.png,6,32-64,0.12345290184020996,iou,0.8469389081001282,0.0,0.0,0.8469389081001282,0.0,0.0,low_score,0,"232.00,84.00,269.00,119.00"
al2,test,/home/ubuntu/hpproject/yolo/dataset/yolo/datasetm6c/images/test/0112.png,1,32-64,0.6170467138290405,iou,0.6967204809188843,0.0004969394649378955,0.0,0.6967204809188843,0.0004969394649378955,0.0,regression_or_match_poor,0,"299.00,116.00,353.00,159.00"
al2,test,/home/ubuntu/hpproject/yolo/dataset/yolo/datasetm6c/images/test/0127.png,1,32-64,0.8033781051635742,iou,0.8122149705886841,0.2047799527645111,0.19795341789722443,0.8122149705886841,0.2047799527645111,0.19795341789722443,regression_or_match_poor,0,"173.00,129.00,230.00,177.00"
al2,test,/home/ubuntu/hpproject/yolo/dataset/yolo/datasetm6c/images/test/0140.png,0,32-64,0.28355494141578674,iou,0.7832373380661011,0.18986213207244873,0.18986213207244873,0.7832373380661011,0.18986213207244873,0.18986213207244873,regression_or_match_poor,0,"324.00,143.00,355.00,183.00"
al2,test,/home/ubuntu/hpproject/yolo/dataset/yolo/datasetm6c/images/test/0149.png,1,32-64,0.4761745035648346,iou,0.7644727230072021,0.002600886858999729,6.627711172768613e-06,0.7644727230072021,0.002600886858999729,6.627711172768613e-06,regression_or_match_poor,0,"284.00,132.00,311.00,161.00"
al2,test,/home/ubuntu/hpproject/yolo/dataset/yolo/datasetm6c/images/test/0161.png,1,>=64,0.23585018515586853,iou,0.842488169670105,0.0,0.0,0.842488169670105,0.0,0.0,low_score,0,"150.00,88.00,208.00,150.00"
al2,test,/home/ubuntu/hpproject/yolo/dataset/yolo/datasetm6c/images/test/0171.png,2,32-64,0.29482924938201904,iou,0.8475916981697083,0.24527113139629364,0.24527113139629364,0.8475916981697083,0.24527113139629364,0.24527113139629364,regression_or_match_poor,0,"179.00,221.00,240.00,253.00"
al2,test,/home/ubuntu/hpproject/yolo/dataset/yolo/datasetm6c/images/test/0173.png,1,32-64,0.15682171285152435,iou,0.8695688247680664,0.0,0.0,0.8695688247680664,0.0,0.0,low_score,0,"261.00,102.00,299.00,151.00"
al2,test,/home/ubuntu/hpproject/yolo/dataset/yolo/datasetm6c/images/test/0193.png,1,32-64,0.8632968664169312,iou,0.1337725818157196,0.05613264814019203,0.0457279346883297,0.1337725818157196,0.05613264814019203,0.0457279346883297,regression_or_match_poor,0,"245.00,152.00,275.00,189.00"
al2,test,/home/ubuntu/hpproject/yolo/dataset/yolo/datasetm6c/images/test/0204.png,0,32-64,0.14032474160194397,iou,0.611835241317749,0.0,0.0,0.611835241317749,0.0,0.0,low_score,0,"246.00,149.00,288.00,207.00"
al2,test,/home/ubuntu/hpproject/yolo/dataset/yolo/datasetm6c/images/test/0213.png,0,32-64,0.1652960181236267,iou,0.8405583500862122,0.0,0.0,0.8405583500862122,0.0,0.0,low_score,0,"163.00,243.00,189.00,288.00"
al2,test,/home/ubuntu/hpproject/yolo/dataset/yolo/datasetm6c/images/test/0213.png,1,32-64,0.0,iou,0.0,0.0,0.0,0.0,0.0,0.0,no_response,0,"119.00,230.00,154.00,290.00"
al2,test,/home/ubuntu/hpproject/yolo/dataset/yolo/datasetm6c/images/test/0232.png,0,16-32,0.11961516737937927,iou,0.8937183022499084,0.0,0.0,0.8937183022499084,0.0,0.0,low_score,0,"375.80,154.64,402.44,191.47"
al2,test,/home/ubuntu/hpproject/yolo/dataset/yolo/datasetm6c/images/test/0232.png,1,32-64,0.0,iou,0.0,0.0,0.0,0.0,0.0,0.0,no_response,0,"391.47,235.35,422.03,316.05"
al2,test,/home/ubuntu/hpproject/yolo/dataset/yolo/datasetm6c/images/test/0241.png,0,32-64,0.4166308045387268,iou,0.43828579783439636,0.2774270176887512,0.2774270176887512,0.43828579783439636,0.2774270176887512,0.2774270176887512,regression_or_match_poor,0,"188.00,142.00,307.00,195.00"
al2,test,/home/ubuntu/hpproject/yolo/dataset/yolo/datasetm6c/images/test/0258.png,0,16-32,0.19870279729366302,iou,0.8735980987548828,0.0,0.0,0.8735980987548828,0.0,0.0,low_score,0,"394.00,266.00,422.00,316.00"
al2,test,/home/ubuntu/hpproject/yolo/dataset/yolo/datasetm6c/images/test/0295.png,0,32-64,0.21892324090003967,iou,0.9087550044059753,0.0,0.0,0.9087550044059753,0.0,0.0,low_score,0,"303.00,134.00,358.00,175.00"
al2,test,/home/ubuntu/hpproject/yolo/dataset/yolo/datasetm6c/images/test/0299.png,0,32-64,0.07380056381225586,iou,0.8345469236373901,0.0,0.0,0.8345469236373901,0.0,0.0,low_score,0,"246.00,168.00,282.00,216.00"
al2,test,/home/ubuntu/hpproject/yolo/dataset/yolo/datasetm6c/images/test/0299.png,1,32-64,0.0,iou,0.0,0.0,0.0,0.0,0.0,0.0,no_response,0,"241.00,109.00,283.00,150.00"
al2,test,/home/ubuntu/hpproject/yolo/dataset/yolo/datasetm6c/images/test/0299.png,2,32-64,0.11893253028392792,iou,0.6409797072410583,0.0,0.0,0.6409797072410583,0.0,0.0,low_score,0,"450.00,388.00,505.00,442.00"
al2,test,/home/ubuntu/hpproject/yolo/dataset/yolo/datasetm6c/images/test/0340.png,0,<16,0.16545774042606354,iou,0.4111996591091156,0.0,0.0,0.4111996591091156,0.0,0.0,low_score,0,"225.00,357.00,239.00,376.00"
al2,test,/home/ubuntu/hpproject/yolo/dataset/yolo/datasetm6c/images/test/0340.png,1,16-32,0.20341238379478455,iou,0.6799139380455017,0.0,0.0,0.6799139380455017,0.0,0.0,low_score,0,"331.42,346.81,349.48,377.19"
al2,test,/home/ubuntu/hpproject/yolo/dataset/yolo/datasetm6c/images/test/0340.png,2,16-32,0.025820251554250717,iou,0.03151439502835274,0.0,0.0,0.03151439502835274,0.0,0.0,low_score,0,"227.96,250.75,246.03,270.45"
al2,test,/home/ubuntu/hpproject/yolo/dataset/yolo/datasetm6c/images/test/0362.png,0,32-64,0.10642414540052414,iou,0.7235522866249084,0.0,0.0,0.7235522866249084,0.0,0.0,low_score,0,"170.04,131.12,197.43,169.20"
al2,test,/home/ubuntu/hpproject/yolo/dataset/yolo/datasetm6c/images/test/0365.png,0,16-32,0.554089367389679,iou,0.6092790365219116,0.274140864610672,0.24905209243297577,0.6092790365219116,0.274140864610672,0.24905209243297577,regression_or_match_poor,0,"191.00,152.00,225.00,175.00"
al2,test,/home/ubuntu/hpproject/yolo/dataset/yolo/datasetm6c/images/test/0374.png,0,32-64,0.42136475443840027,iou,0.7026944160461426,0.20504038035869598,0.20147742331027985,0.7026944160461426,0.20504038035869598,0.20147742331027985,regression_or_match_poor,0,"290.00,192.00,350.00,220.00"
al2,test,/home/ubuntu/hpproject/yolo/dataset/yolo/datasetm6c/images/test/0374.png,1,32-64,0.42136475443840027,iou,0.8658027052879333,0.2403898686170578,0.2338554710149765,0.8658027052879333,0.2403898686170578,0.2338554710149765,regression_or_match_poor,0,"351.00,143.00,390.00,196.00"
al2,test,/home/ubuntu/hpproject/yolo/dataset/yolo/datasetm6c/images/test/0378.png,1,32-64,0.2046506255865097,iou,0.8178740739822388,0.0,0.0,0.8178740739822388,0.0,0.0,low_score,0,"263.00,327.00,313.00,359.00"
al2,test,/home/ubuntu/hpproject/yolo/dataset/yolo/datasetm6c/images/test/0378.png,2,32-64,0.1965799480676651,iou,0.8014476895332336,0.0,0.0,0.8014476895332336,0.0,0.0,low_score,0,"335.00,309.00,380.00,355.00"
al2,test,/home/ubuntu/hpproject/yolo/dataset/yolo/datasetm6c/images/test/0378.png,4,16-32,0.6553968787193298,iou,0.9337179660797119,0.07936040312051773,0.07936040312051773,0.9337179660797119,0.07936040312051773,0.07936040312051773,regression_or_match_poor,0,"296.00,190.00,323.00,216.00"
al2,test,/home/ubuntu/hpproject/yolo/dataset/yolo/datasetm6c/images/test/0407.png,0,16-32,0.044706135988235474,iou,0.016025401651859283,0.0,0.0,0.016025401651859283,0.0,0.0,low_score,0,"167.00,328.00,190.00,354.00"
al2,test,/home/ubuntu/hpproject/yolo/dataset/yolo/datasetm6c/images/test/0411.png,0,32-64,0.03259286284446716,iou,0.7999436855316162,0.0,0.0,0.7999436855316162,0.0,0.0,low_score,0,"379.00,315.00,436.00,370.00"
al2,test,/home/ubuntu/hpproject/yolo/dataset/yolo/datasetm6c/images/test/0419.png,0,32-64,0.0852656438946724,iou,0.7124437093734741,0.0,0.0,0.7124437093734741,0.0,0.0,low_score,0,"139.42,142.89,183.31,203.62"
al2,test,/home/ubuntu/hpproject/yolo/dataset/yolo/datasetm6c/images/test/0419.png,1,32-64,0.05687385052442551,iou,0.22481021285057068,0.0,0.0,0.22481021285057068,0.0,0.0,low_score,0,"188.44,172.89,233.80,208.01"
al2,test,/home/ubuntu/hpproject/yolo/dataset/yolo/datasetm6c/images/test/0423.png,2,16-32,0.11498521268367767,iou,0.8421272039413452,0.0,0.0,0.8421272039413452,0.0,0.0,low_score,0,"95.00,275.00,116.00,302.00"
al2,test,/home/ubuntu/hpproject/yolo/dataset/yolo/datasetm6c/images/test/0423.png,4,32-64,0.7596338987350464,iou,0.8688991069793701,0.08236346393823624,0.06566747277975082,0.8688991069793701,0.08236346393823624,0.06566747277975082,regression_or_match_poor,0,"266.00,116.00,302.00,147.00"
al2,test,/home/ubuntu/hpproject/yolo/dataset/yolo/datasetm6c/images/test/0423.png,5,32-64,0.6166338920593262,iou,0.8218628168106079,0.006054592318832874,0.0,0.8218628168106079,0.006054592318832874,0.0,regression_or_match_poor,0,"228.00,97.00,263.00,123.00"
al2,test,/home/ubuntu/hpproject/yolo/dataset/yolo/datasetm6c/images/test/0426.png,2,32-64,0.6189171671867371,iou,0.31677424907684326,0.24734731018543243,0.22509847581386566,0.31677424907684326,0.24734731018543243,0.22509847581386566,regression_or_match_poor,0,"190.00,260.00,237.00,295.00"
al2,test,/home/ubuntu/hpproject/yolo/dataset/yolo/datasetm6c/images/test/0426.png,3,32-64,0.22850602865219116,iou,0.7370550036430359,0.0,0.0,0.7370550036430359,0.0,0.0,low_score,0,"185.00,194.00,253.00,227.00"
al2,test,/home/ubuntu/hpproject/yolo/dataset/yolo/datasetm6c/images/test/0426.png,4,32-64,0.22850602865219116,iou,0.5033957958221436,0.0,0.0,0.5033957958221436,0.0,0.0,low_score,0,"234.00,147.00,271.00,176.00"
al2,test,/home/ubuntu/hpproject/yolo/dataset/yolo/datasetm6c/images/test/0426.png,5,16-32,0.1674175262451172,iou,0.8725571632385254,0.0,0.0,0.8725571632385254,0.0,0.0,low_score,0,"166.00,141.00,195.00,158.00"
al2,test,/home/ubuntu/hpproject/yolo/dataset/yolo/datasetm6c/images/test/0426.png,6,16-32,0.21422944962978363,iou,0.07980947941541672,0.0,0.0,0.07980947941541672,0.0,0.0,low_score,0,"214.00,126.00,235.00,159.00"
al2,test,/home/ubuntu/hpproject/yolo/dataset/yolo/datasetm6c/images/test/0426.png,7,32-64,0.20229482650756836,iou,0.06720723956823349,0.0,0.0,0.06720723956823349,0.0,0.0,low_score,0,"281.00,122.00,312.00,158.00"
al2,test,/home/ubuntu/hpproject/yolo/dataset/yolo/datasetm6c/images/test/0426.png,8,32-64,0.20229482650756836,iou,0.9189347624778748,0.0,0.0,0.9189347624778748,0.0,0.0,low_score,0,"248.00,108.00,285.00,138.00"
al2,test,/home/ubuntu/hpproject/yolo/dataset/yolo/datasetm6c/images/test/0426.png,9,32-64,0.11215904355049133,iou,0.4040444493293762,0.0,0.0,0.4040444493293762,0.0,0.0,low_score,0,"179.00,98.00,243.00,123.00"
al2,test,/home/ubuntu/hpproject/yolo/dataset/yolo/datasetm6c/images/test/0430.png,1,32-64,0.07652176916599274,iou,0.8353688716888428,0.0,0.0,0.8353688716888428,0.0,0.0,low_score,0,"200.00,127.00,284.00,160.00"
al2,test,/home/ubuntu/hpproject/yolo/dataset/yolo/datasetm6c/images/test/0432.png,2,32-64,0.0493655763566494,iou,0.7151067852973938,0.0,0.0,0.7151067852973938,0.0,0.0,low_score,0,"385.00,143.00,414.00,197.00"
al2,test,/home/ubuntu/hpproject/yolo/dataset/yolo/datasetm6c/images/test/0432.png,4,16-32,0.016713133081793785,iou,0.33528104424476624,0.0,0.0,0.33528104424476624,0.0,0.0,low_score,0,"340.00,102.00,364.00,133.00"
al2,test,/home/ubuntu/hpproject/yolo/dataset/yolo/datasetm6c/images/test/0436.png,0,32-64,0.0144696906208992,iou,0.7376691102981567,0.0,0.0,0.7376691102981567,0.0,0.0,low_score,0,"135.00,286.00,174.00,328.00"
al2,test,/home/ubuntu/hpproject/yolo/dataset/yolo/datasetm6c/images/test/0450.png,1,32-64,0.021698353812098503,iou,0.48191797733306885,0.0,0.0,0.48191797733306885,0.0,0.0,low_score,0,"207.00,119.00,282.00,154.00"
al1,val,/home/ubuntu/hpproject/yolo/dataset/yolo/datasetm6c/images/val/0021.png,0,32-64,0.0,iou,0.0,0.0,0.0,0.0,0.0,0.0,no_response,0,"233.00,94.00,273.00,157.00"
al1,val,/home/ubuntu/hpproject/yolo/dataset/yolo/datasetm6c/images/val/0030.png,0,>=64,0.07231297343969345,iou,0.4417499601840973,0.0,0.0,0.4417499601840973,0.0,0.0,low_score,0,"126.00,192.00,375.00,308.00"
al1,val,/home/ubuntu/hpproject/yolo/dataset/yolo/datasetm6c/images/val/0051.png,0,32-64,0.03943252190947533,iou,0.548478364944458,0.0,0.0,0.548478364944458,0.0,0.0,low_score,0,"95.18,101.68,124.81,167.58"
al1,val,/home/ubuntu/hpproject/yolo/dataset/yolo/datasetm6c/images/val/0051.png,2,32-64,0.014870082028210163,iou,0.7822622060775757,0.0,0.0,0.7822622060775757,0.0,0.0,low_score,0,"148.39,67.22,174.99,99.26"
al1,val,/home/ubuntu/hpproject/yolo/dataset/yolo/datasetm6c/images/val/0055.png,1,>=64,0.6817832589149475,iou,0.4562067985534668,0.20499537885189056,0.2003846913576126,0.4562067985534668,0.20499537885189056,0.2003846913576126,regression_or_match_poor,0,"151.00,65.00,211.00,117.00"
al1,val,/home/ubuntu/hpproject/yolo/dataset/yolo/datasetm6c/images/val/0066.png,1,16-32,0.0,iou,0.0,0.0,0.0,0.0,0.0,0.0,no_response,0,"178.00,160.00,197.00,203.00"
al1,val,/home/ubuntu/hpproject/yolo/dataset/yolo/datasetm6c/images/val/0068.png,2,32-64,0.0,iou,0.0,0.0,0.0,0.0,0.0,0.0,no_response,0,"245.00,204.00,283.00,244.00"
al1,val,/home/ubuntu/hpproject/yolo/dataset/yolo/datasetm6c/images/val/0069.png,0,16-32,0.14955145120620728,iou,0.597582995891571,0.0,0.0,0.597582995891571,0.0,0.0,low_score,0,"246.72,163.93,276.55,179.99"
al1,val,/home/ubuntu/hpproject/yolo/dataset/yolo/datasetm6c/images/val/0069.png,1,32-64,0.0,iou,0.0,0.0,0.0,0.0,0.0,0.0,no_response,0,"213.83,122.63,243.66,150.93"
al1,val,/home/ubuntu/hpproject/yolo/dataset/yolo/datasetm6c/images/val/0069.png,2,16-32,0.0,iou,0.0,0.0,0.0,0.0,0.0,0.0,no_response,0,"145.00,243.47,169.47,271.77"
al1,val,/home/ubuntu/hpproject/yolo/dataset/yolo/datasetm6c/images/val/0069.png,3,16-32,0.13993902504444122,iou,0.7228321433067322,0.0,0.0,0.7228321433067322,0.0,0.0,low_score,0,"421.86,195.29,438.68,225.88"
al1,val,/home/ubuntu/hpproject/yolo/dataset/yolo/datasetm6c/images/val/0072.png,0,16-32,0.0,iou,0.0,0.0,0.0,0.0,0.0,0.0,no_response,0,"222.00,150.00,241.00,164.00"
al1,val,/home/ubuntu/hpproject/yolo/dataset/yolo/datasetm6c/images/val/0072.png,1,32-64,0.1040026992559433,iou,0.62767493724823,0.0,0.0,0.62767493724823,0.0,0.0,low_score,0,"163.00,192.00,201.00,221.00"
al1,val,/home/ubuntu/hpproject/yolo/dataset/yolo/datasetm6c/images/val/0103.png,0,>=64,0.13159672915935516,iou,0.4021400809288025,0.0,0.0,0.4021400809288025,0.0,0.0,low_score,0,"211.00,112.00,291.00,194.00"
al1,val,/home/ubuntu/hpproject/yolo/dataset/yolo/datasetm6c/images/val/0105.png,0,32-64,0.18561309576034546,iou,0.34997841715812683,0.0,0.0,0.34997841715812683,0.0,0.0,low_score,0,"145.00,170.00,205.00,198.00"
al1,val,/home/ubuntu/hpproject/yolo/dataset/yolo/datasetm6c/images/val/0143.png,1,>=64,0.8289682269096375,iou,0.5358766913414001,0.08029629290103912,0.06489976495504379,0.5358766913414001,0.08029629290103912,0.06489976495504379,regression_or_match_poor,0,"271.00,247.00,318.00,294.00"
al1,val,/home/ubuntu/hpproject/yolo/dataset/yolo/datasetm6c/images/val/0143.png,2,>=64,0.14717233180999756,iou,0.4068167507648468,0.0,0.0,0.4068167507648468,0.0,0.0,low_score,0,"108.00,194.00,308.00,263.00"
al1,val,/home/ubuntu/hpproject/yolo/dataset/yolo/datasetm6c/images/val/0144.png,0,32-64,0.0,iou,0.0,0.0,0.0,0.0,0.0,0.0,no_response,0,"312.00,269.00,350.00,305.00"
al1,val,/home/ubuntu/hpproject/yolo/dataset/yolo/datasetm6c/images/val/0154.png,1,>=64,0.2307349145412445,iou,0.5566479563713074,0.0,0.0,0.5566479563713074,0.0,0.0,low_score,0,"202.00,136.00,309.00,188.00"
al1,val,/home/ubuntu/hpproject/yolo/dataset/yolo/datasetm6c/images/val/0177.png,0,>=64,0.8666197657585144,iou,0.24098043143749237,0.24098043143749237,0.23448409140110016,0.24098043143749237,0.24098043143749237,0.23448409140110016,regression_or_match_poor,0,"93.00,323.00,261.00,416.00"
al1,val,/home/ubuntu/hpproject/yolo/dataset/yolo/datasetm6c/images/val/0221.png,0,<16,0.7273850440979004,iou,0.0005556853720918298,0.0005491808406077325,0.0005491808406077325,0.0005556853720918298,0.0005491808406077325,0.0005491808406077325,regression_or_match_poor,0,"200.00,228.00,201.00,229.00"
al1,val,/home/ubuntu/hpproject/yolo/dataset/yolo/datasetm6c/images/val/0221.png,3,>=64,0.8549401760101318,iou,0.5771529078483582,0.038485486060380936,0.03352886810898781,0.5771529078483582,0.038485486060380936,0.03352886810898781,regression_or_match_poor,0,"263.00,200.00,331.00,285.00"
al1,val,/home/ubuntu/hpproject/yolo/dataset/yolo/datasetm6c/images/val/0221.png,4,32-64,0.8549401760101318,iou,0.1615828275680542,0.1615828275680542,0.15088778734207153,0.1615828275680542,0.1615828275680542,0.15088778734207153,regression_or_match_poor,0,"232.00,144.00,283.00,195.00"
al1,val,/home/ubuntu/hpproject/yolo/dataset/yolo/datasetm6c/images/val/0234.png,0,16-32,0.0,iou,0.0,0.0,0.0,0.0,0.0,0.0,no_response,0,"212.04,221.24,272.37,247.89"
al1,val,/home/ubuntu/hpproject/yolo/dataset/yolo/datasetm6c/images/val/0234.png,1,16-32,0.3991185426712036,iou,0.3244304656982422,0.28250521421432495,0.28250521421432495,0.3244304656982422,0.28250521421432495,0.28250521421432495,regression_or_match_poor,0,"255.13,153.08,270.80,169.53"
al1,val,/home/ubuntu/hpproject/yolo/dataset/yolo/datasetm6c/images/val/0234.png,2,32-64,0.0,iou,0.0,0.0,0.0,0.0,0.0,0.0,no_response,0,"361.70,260.42,396.96,297.25"
al1,val,/home/ubuntu/hpproject/yolo/dataset/yolo/datasetm6c/images/val/0237.png,0,>=64,0.03621464595198631,iou,0.7142364978790283,0.0,0.0,0.7142364978790283,0.0,0.0,low_score,0,"253.00,300.00,342.00,378.00"
al1,val,/home/ubuntu/hpproject/yolo/dataset/yolo/datasetm6c/images/val/0262.png,0,16-32,0.0,iou,0.0,0.0,0.0,0.0,0.0,0.0,no_response,0,"309.00,219.00,345.00,249.00"
al1,val,/home/ubuntu/hpproject/yolo/dataset/yolo/datasetm6c/images/val/0262.png,2,32-64,0.0,iou,0.0,0.0,0.0,0.0,0.0,0.0,no_response,0,"323.00,186.00,399.00,231.00"
al1,val,/home/ubuntu/hpproject/yolo/dataset/yolo/datasetm6c/images/val/0324.png,0,32-64,0.01089437585324049,iou,0.46549224853515625,0.0,0.0,0.46549224853515625,0.0,0.0,low_score,0,"216.00,230.00,251.00,269.00"
al1,val,/home/ubuntu/hpproject/yolo/dataset/yolo/datasetm6c/images/val/0349.png,0,16-32,0.0,iou,0.0,0.0,0.0,0.0,0.0,0.0,no_response,0,"411.00,225.00,442.00,250.00"
al1,val,/home/ubuntu/hpproject/yolo/dataset/yolo/datasetm6c/images/val/0359.png,0,32-64,0.08643985539674759,iou,0.895579993724823,0.0,0.0,0.895579993724823,0.0,0.0,low_score,0,"177.00,290.00,235.00,322.00"
al1,val,/home/ubuntu/hpproject/yolo/dataset/yolo/datasetm6c/images/val/0359.png,2,32-64,0.0,iou,0.0,0.0,0.0,0.0,0.0,0.0,no_response,0,"245.00,225.00,281.00,252.00"
al1,val,/home/ubuntu/hpproject/yolo/dataset/yolo/datasetm6c/images/val/0363.png,1,16-32,0.14200419187545776,iou,0.8737680912017822,0.0,0.0,0.8737680912017822,0.0,0.0,low_score,0,"185.00,118.00,209.00,168.00"
al1,val,/home/ubuntu/hpproject/yolo/dataset/yolo/datasetm6c/images/val/0363.png,2,32-64,0.7144984602928162,iou,0.2631072402000427,0.25165432691574097,0.25165432691574097,0.2631072402000427,0.25165432691574097,0.25165432691574097,regression_or_match_poor,0,"264.00,90.00,290.00,117.00"
al1,val,/home/ubuntu/hpproject/yolo/dataset/yolo/datasetm6c/images/val/0371.png,1,16-32,0.7025632858276367,iou,0.7367733716964722,0.25249069929122925,0.25153592228889465,0.7367733716964722,0.25249069929122925,0.25153592228889465,regression_or_match_poor,0,"290.00,231.00,349.00,252.00"
al1,val,/home/ubuntu/hpproject/yolo/dataset/yolo/datasetm6c/images/val/0371.png,2,16-32,0.7025632858276367,iou,0.46440455317497253,0.18720144033432007,0.1871982216835022,0.46440455317497253,0.18720144033432007,0.1871982216835022,regression_or_match_poor,0,"245.00,211.00,304.00,229.00"
al1,val,/home/ubuntu/hpproject/yolo/dataset/yolo/datasetm6c/images/val/0376.png,0,<16,0.0,iou,0.0,0.0,0.0,0.0,0.0,0.0,no_response,0,"423.00,339.00,436.00,384.00"
al1,val,/home/ubuntu/hpproject/yolo/dataset/yolo/datasetm6c/images/val/0376.png,1,16-32,0.0,iou,0.0,0.0,0.0,0.0,0.0,0.0,no_response,0,"456.00,174.00,473.00,212.00"
al1,val,/home/ubuntu/hpproject/yolo/dataset/yolo/datasetm6c/images/val/0380.png,1,32-64,0.0,iou,0.0,0.0,0.0,0.0,0.0,0.0,no_response,0,"389.00,302.00,419.00,333.00"
al1,val,/home/ubuntu/hpproject/yolo/dataset/yolo/datasetm6c/images/val/0380.png,3,32-64,0.0,iou,0.0,0.0,0.0,0.0,0.0,0.0,no_response,0,"399.00,163.00,431.00,203.00"
al1,val,/home/ubuntu/hpproject/yolo/dataset/yolo/datasetm6c/images/val/0380.png,4,16-32,0.024690832942724228,iou,0.6136192679405212,0.0,0.0,0.6136192679405212,0.0,0.0,low_score,0,"356.00,130.00,379.00,161.00"
al1,val,/home/ubuntu/hpproject/yolo/dataset/yolo/datasetm6c/images/val/0409.png,0,32-64,0.0,iou,0.0,0.0,0.0,0.0,0.0,0.0,no_response,0,"215.00,66.00,249.00,133.00"
al1,val,/home/ubuntu/hpproject/yolo/dataset/yolo/datasetm6c/images/val/0433.png,0,32-64,0.0,iou,0.0,0.0,0.0,0.0,0.0,0.0,no_response,0,"286.00,326.00,332.00,374.00"
al1,val,/home/ubuntu/hpproject/yolo/dataset/yolo/datasetm6c/images/val/0433.png,1,32-64,0.0,iou,0.0,0.0,0.0,0.0,0.0,0.0,no_response,0,"357.00,289.00,391.00,333.00"
al1,val,/home/ubuntu/hpproject/yolo/dataset/yolo/datasetm6c/images/val/0433.png,2,>=64,0.01914587803184986,iou,0.49399179220199585,0.0,0.0,0.49399179220199585,0.0,0.0,low_score,0,"344.00,198.00,423.00,294.00"
al1,val,/home/ubuntu/hpproject/yolo/dataset/yolo/datasetm6c/images/val/0433.png,3,32-64,0.0,iou,0.0,0.0,0.0,0.0,0.0,0.0,no_response,0,"272.00,146.00,305.00,177.00"
al1,val,/home/ubuntu/hpproject/yolo/dataset/yolo/datasetm6c/images/val/0433.png,5,16-32,0.0,iou,0.0,0.0,0.0,0.0,0.0,0.0,no_response,0,"291.00,112.00,314.00,138.00"
al1,val,/home/ubuntu/hpproject/yolo/dataset/yolo/datasetm6c/images/val/0433.png,6,32-64,0.09579094499349594,iou,0.5764124393463135,0.0,0.0,0.5764124393463135,0.0,0.0,low_score,0,"232.00,84.00,269.00,119.00"
al1,test,/home/ubuntu/hpproject/yolo/dataset/yolo/datasetm6c/images/test/0031.png,0,>=64,0.6678743958473206,iou,0.1126619353890419,0.0922674685716629,0.08027761429548264,0.1126619353890419,0.0922674685716629,0.08027761429548264,regression_or_match_poor,0,"73.00,101.00,303.00,239.00"
al1,test,/home/ubuntu/hpproject/yolo/dataset/yolo/datasetm6c/images/test/0127.png,1,32-64,0.6956666707992554,iou,0.1812235414981842,0.1812235414981842,0.17379723489284515,0.1812235414981842,0.1812235414981842,0.17379723489284515,regression_or_match_poor,0,"173.00,129.00,230.00,177.00"
al1,test,/home/ubuntu/hpproject/yolo/dataset/yolo/datasetm6c/images/test/0140.png,0,32-64,0.03062775544822216,iou,0.7509713172912598,0.0,0.0,0.7509713172912598,0.0,0.0,low_score,0,"324.00,143.00,355.00,183.00"
al1,test,/home/ubuntu/hpproject/yolo/dataset/yolo/datasetm6c/images/test/0149.png,1,32-64,0.14255136251449585,iou,0.0022380761802196503,0.0,0.0,0.0022380761802196503,0.0,0.0,low_score,0,"284.00,132.00,311.00,161.00"
al1,test,/home/ubuntu/hpproject/yolo/dataset/yolo/datasetm6c/images/test/0161.png,1,>=64,0.1380326896905899,iou,0.5596838593482971,0.0,0.0,0.5596838593482971,0.0,0.0,low_score,0,"150.00,88.00,208.00,150.00"
al1,test,/home/ubuntu/hpproject/yolo/dataset/yolo/datasetm6c/images/test/0171.png,2,32-64,0.8371881246566772,iou,0.7352485656738281,0.22775346040725708,0.22605714201927185,0.7352485656738281,0.22775346040725708,0.22605714201927185,regression_or_match_poor,0,"179.00,221.00,240.00,253.00"
al1,test,/home/ubuntu/hpproject/yolo/dataset/yolo/datasetm6c/images/test/0193.png,0,>=64,0.4966253340244293,iou,0.010331839323043823,0.0026392845902591944,0.0,0.010331839323043823,0.0026392845902591944,0.0,regression_or_match_poor,0,"241.00,182.00,308.00,255.00"
al1,test,/home/ubuntu/hpproject/yolo/dataset/yolo/datasetm6c/images/test/0193.png,1,32-64,0.4966253340244293,iou,0.06097855418920517,0.05629521235823631,0.0,0.06097855418920517,0.05629521235823631,0.0,regression_or_match_poor,0,"245.00,152.00,275.00,189.00"
al1,test,/home/ubuntu/hpproject/yolo/dataset/yolo/datasetm6c/images/test/0204.png,0,32-64,0.0,iou,0.0,0.0,0.0,0.0,0.0,0.0,no_response,0,"246.00,149.00,288.00,207.00"
al1,test,/home/ubuntu/hpproject/yolo/dataset/yolo/datasetm6c/images/test/0213.png,0,32-64,0.2476900815963745,iou,0.5505067706108093,0.0,0.0,0.5505067706108093,0.0,0.0,low_score,0,"163.00,243.00,189.00,288.00"
al1,test,/home/ubuntu/hpproject/yolo/dataset/yolo/datasetm6c/images/test/0213.png,1,32-64,0.019257202744483948,iou,0.016768334433436394,0.0,0.0,0.016768334433436394,0.0,0.0,low_score,0,"119.00,230.00,154.00,290.00"
al1,test,/home/ubuntu/hpproject/yolo/dataset/yolo/datasetm6c/images/test/0232.png,0,16-32,0.0,iou,0.0,0.0,0.0,0.0,0.0,0.0,no_response,0,"375.80,154.64,402.44,191.47"
al1,test,/home/ubuntu/hpproject/yolo/dataset/yolo/datasetm6c/images/test/0232.png,1,32-64,0.0,iou,0.0,0.0,0.0,0.0,0.0,0.0,no_response,0,"391.47,235.35,422.03,316.05"
al1,test,/home/ubuntu/hpproject/yolo/dataset/yolo/datasetm6c/images/test/0241.png,0,32-64,0.08947356045246124,iou,0.7042292952537537,0.0,0.0,0.7042292952537537,0.0,0.0,low_score,0,"188.00,142.00,307.00,195.00"
al1,test,/home/ubuntu/hpproject/yolo/dataset/yolo/datasetm6c/images/test/0259.png,1,32-64,0.6486316919326782,iou,0.7567554712295532,0.17440342903137207,0.17440342903137207,0.7567554712295532,0.17440342903137207,0.17440342903137207,regression_or_match_poor,0,"246.00,151.00,284.00,186.00"
al1,test,/home/ubuntu/hpproject/yolo/dataset/yolo/datasetm6c/images/test/0295.png,0,32-64,0.0772765576839447,iou,0.5685961842536926,0.0,0.0,0.5685961842536926,0.0,0.0,low_score,0,"303.00,134.00,358.00,175.00"
al1,test,/home/ubuntu/hpproject/yolo/dataset/yolo/datasetm6c/images/test/0299.png,0,32-64,0.0,iou,0.0,0.0,0.0,0.0,0.0,0.0,no_response,0,"246.00,168.00,282.00,216.00"
al1,test,/home/ubuntu/hpproject/yolo/dataset/yolo/datasetm6c/images/test/0299.png,1,32-64,0.0,iou,0.0,0.0,0.0,0.0,0.0,0.0,no_response,0,"241.00,109.00,283.00,150.00"
al1,test,/home/ubuntu/hpproject/yolo/dataset/yolo/datasetm6c/images/test/0299.png,2,32-64,0.0,iou,0.0,0.0,0.0,0.0,0.0,0.0,no_response,0,"450.00,388.00,505.00,442.00"
al1,test,/home/ubuntu/hpproject/yolo/dataset/yolo/datasetm6c/images/test/0340.png,2,16-32,0.0,iou,0.0,0.0,0.0,0.0,0.0,0.0,no_response,0,"227.96,250.75,246.03,270.45"
al1,test,/home/ubuntu/hpproject/yolo/dataset/yolo/datasetm6c/images/test/0344.png,1,32-64,0.010696230456233025,iou,0.49512073397636414,0.0,0.0,0.49512073397636414,0.0,0.0,low_score,0,"260.00,376.00,297.00,404.00"
al1,test,/home/ubuntu/hpproject/yolo/dataset/yolo/datasetm6c/images/test/0362.png,0,32-64,0.1265348345041275,iou,0.7368379831314087,0.0,0.0,0.7368379831314087,0.0,0.0,low_score,0,"170.04,131.12,197.43,169.20"
al1,test,/home/ubuntu/hpproject/yolo/dataset/yolo/datasetm6c/images/test/0365.png,0,16-32,0.7129154205322266,iou,0.3043753504753113,0.3043753504753113,0.27364155650138855,0.3043753504753113,0.3043753504753113,0.27364155650138855,postproc_filtered,0,"191.00,152.00,225.00,175.00"
al1,test,/home/ubuntu/hpproject/yolo/dataset/yolo/datasetm6c/images/test/0365.png,2,>=64,0.06786287575960159,iou,0.7977064847946167,0.0,0.0,0.7977064847946167,0.0,0.0,low_score,0,"188.00,75.00,264.00,132.00"
al1,test,/home/ubuntu/hpproject/yolo/dataset/yolo/datasetm6c/images/test/0374.png,0,32-64,0.0,iou,0.0,0.0,0.0,0.0,0.0,0.0,no_response,0,"290.00,192.00,350.00,220.00"
al1,test,/home/ubuntu/hpproject/yolo/dataset/yolo/datasetm6c/images/test/0374.png,1,32-64,0.0,iou,0.0,0.0,0.0,0.0,0.0,0.0,no_response,0,"351.00,143.00,390.00,196.00"
al1,test,/home/ubuntu/hpproject/yolo/dataset/yolo/datasetm6c/images/test/0378.png,0,16-32,0.042077820748090744,iou,0.7411447167396545,0.0,0.0,0.7411447167396545,0.0,0.0,low_score,0,"207.00,382.00,257.00,404.00"
al1,test,/home/ubuntu/hpproject/yolo/dataset/yolo/datasetm6c/images/test/0378.png,1,32-64,0.0,iou,0.0,0.0,0.0,0.0,0.0,0.0,no_response,0,"263.00,327.00,313.00,359.00"
al1,test,/home/ubuntu/hpproject/yolo/dataset/yolo/datasetm6c/images/test/0407.png,0,16-32,0.016665641218423843,iou,0.8149319291114807,0.0,0.0,0.8149319291114807,0.0,0.0,low_score,0,"167.00,328.00,190.00,354.00"
al1,test,/home/ubuntu/hpproject/yolo/dataset/yolo/datasetm6c/images/test/0419.png,0,32-64,0.010980472899973392,iou,0.6458591818809509,0.0,0.0,0.6458591818809509,0.0,0.0,low_score,0,"139.42,142.89,183.31,203.62"
al1,test,/home/ubuntu/hpproject/yolo/dataset/yolo/datasetm6c/images/test/0419.png,1,32-64,0.2725485861301422,iou,0.20027677714824677,0.18352961540222168,0.18352961540222168,0.20027677714824677,0.18352961540222168,0.18352961540222168,regression_or_match_poor,0,"188.44,172.89,233.80,208.01"
al1,test,/home/ubuntu/hpproject/yolo/dataset/yolo/datasetm6c/images/test/0423.png,0,32-64,0.18859811127185822,iou,0.9493626356124878,0.0,0.0,0.9493626356124878,0.0,0.0,low_score,0,"245.00,349.00,280.00,380.00"
al1,test,/home/ubuntu/hpproject/yolo/dataset/yolo/datasetm6c/images/test/0423.png,1,16-32,0.0,iou,0.0,0.0,0.0,0.0,0.0,0.0,no_response,0,"124.00,320.00,144.00,344.00"
al1,test,/home/ubuntu/hpproject/yolo/dataset/yolo/datasetm6c/images/test/0423.png,2,16-32,0.04407472535967827,iou,0.6318494081497192,0.0,0.0,0.6318494081497192,0.0,0.0,low_score,0,"95.00,275.00,116.00,302.00"
al1,test,/home/ubuntu/hpproject/yolo/dataset/yolo/datasetm6c/images/test/0423.png,4,32-64,0.8082420229911804,iou,0.8177776336669922,0.06389909237623215,0.06039418280124664,0.8177776336669922,0.06389909237623215,0.06039418280124664,regression_or_match_poor,0,"266.00,116.00,302.00,147.00"
al1,test,/home/ubuntu/hpproject/yolo/dataset/yolo/datasetm6c/images/test/0423.png,5,32-64,0.0,iou,0.0,0.0,0.0,0.0,0.0,0.0,no_response,0,"228.00,97.00,263.00,123.00"
al1,test,/home/ubuntu/hpproject/yolo/dataset/yolo/datasetm6c/images/test/0426.png,2,32-64,0.7860518097877502,iou,0.24826885759830475,0.18004156649112701,0.16892457008361816,0.24826885759830475,0.18004156649112701,0.16892457008361816,regression_or_match_poor,0,"190.00,260.00,237.00,295.00"
al1,test,/home/ubuntu/hpproject/yolo/dataset/yolo/datasetm6c/images/test/0426.png,4,32-64,0.0,iou,0.0,0.0,0.0,0.0,0.0,0.0,no_response,0,"234.00,147.00,271.00,176.00"
al1,test,/home/ubuntu/hpproject/yolo/dataset/yolo/datasetm6c/images/test/0426.png,6,16-32,0.0,iou,0.0,0.0,0.0,0.0,0.0,0.0,no_response,0,"214.00,126.00,235.00,159.00"
al1,test,/home/ubuntu/hpproject/yolo/dataset/yolo/datasetm6c/images/test/0426.png,7,32-64,0.7483996152877808,iou,0.051677171140909195,0.04818955808877945,0.04752631485462189,0.051677171140909195,0.04818955808877945,0.04752631485462189,regression_or_match_poor,0,"281.00,122.00,312.00,158.00"
al1,test,/home/ubuntu/hpproject/yolo/dataset/yolo/datasetm6c/images/test/0432.png,2,32-64,0.0,iou,0.0,0.0,0.0,0.0,0.0,0.0,no_response,0,"385.00,143.00,414.00,197.00"
al1,test,/home/ubuntu/hpproject/yolo/dataset/yolo/datasetm6c/images/test/0432.png,4,16-32,0.0,iou,0.0,0.0,0.0,0.0,0.0,0.0,no_response,0,"340.00,102.00,364.00,133.00"
al1,test,/home/ubuntu/hpproject/yolo/dataset/yolo/datasetm6c/images/test/0436.png,0,32-64,0.012620729394257069,iou,0.7801381349563599,0.0,0.0,0.7801381349563599,0.0,0.0,low_score,0,"135.00,286.00,174.00,328.00"
al1,test,/home/ubuntu/hpproject/yolo/dataset/yolo/datasetm6c/images/test/0450.png,1,32-64,0.0,iou,0.0,0.0,0.0,0.0,0.0,0.0,no_response,0,"207.00,119.00,282.00,154.00"
op1,val,/home/ubuntu/hpproject/yolo/dataset/yolo/datasetm6c/images/val/0030.png,0,>=64,0.5424531102180481,iou,0.4947635233402252,0.24809907376766205,0.23990148305892944,0.4947635233402252,0.24809907376766205,0.23990148305892944,regression_or_match_poor,0,"126.00,192.00,375.00,308.00"
op1,val,/home/ubuntu/hpproject/yolo/dataset/yolo/datasetm6c/images/val/0055.png,1,>=64,0.7130725383758545,iou,0.37314045429229736,0.195430725812912,0.18919290602207184,0.37314045429229736,0.195430725812912,0.18919290602207184,regression_or_match_poor,0,"151.00,65.00,211.00,117.00"
op1,val,/home/ubuntu/hpproject/yolo/dataset/yolo/datasetm6c/images/val/0066.png,1,16-32,0.0,iou,0.0,0.0,0.0,0.0,0.0,0.0,no_response,0,"178.00,160.00,197.00,203.00"
op1,val,/home/ubuntu/hpproject/yolo/dataset/yolo/datasetm6c/images/val/0066.png,3,16-32,0.12809878587722778,iou,0.39233261346817017,0.0,0.0,0.39233261346817017,0.0,0.0,low_score,0,"301.00,109.00,342.00,124.00"
op1,val,/home/ubuntu/hpproject/yolo/dataset/yolo/datasetm6c/images/val/0068.png,1,32-64,0.20114104449748993,iou,0.7832456827163696,0.0,0.0,0.7832456827163696,0.0,0.0,low_score,0,"124.00,211.00,155.00,235.00"
op1,val,/home/ubuntu/hpproject/yolo/dataset/yolo/datasetm6c/images/val/0068.png,2,32-64,0.0,iou,0.0,0.0,0.0,0.0,0.0,0.0,no_response,0,"245.00,204.00,283.00,244.00"
op1,val,/home/ubuntu/hpproject/yolo/dataset/yolo/datasetm6c/images/val/0069.png,1,32-64,0.08708018809556961,iou,0.4225268065929413,0.0,0.0,0.4225268065929413,0.0,0.0,low_score,0,"213.83,122.63,243.66,150.93"
op1,val,/home/ubuntu/hpproject/yolo/dataset/yolo/datasetm6c/images/val/0069.png,2,16-32,0.1591314971446991,iou,0.7252359390258789,0.0,0.0,0.7252359390258789,0.0,0.0,low_score,0,"145.00,243.47,169.47,271.77"
op1,val,/home/ubuntu/hpproject/yolo/dataset/yolo/datasetm6c/images/val/0069.png,3,16-32,0.0,iou,0.0,0.0,0.0,0.0,0.0,0.0,no_response,0,"421.86,195.29,438.68,225.88"
op1,val,/home/ubuntu/hpproject/yolo/dataset/yolo/datasetm6c/images/val/0072.png,0,16-32,0.14336363971233368,iou,0.3869510889053345,0.0,0.0,0.3869510889053345,0.0,0.0,low_score,0,"222.00,150.00,241.00,164.00"
op1,val,/home/ubuntu/hpproject/yolo/dataset/yolo/datasetm6c/images/val/0072.png,1,32-64,0.04493289440870285,iou,0.5033259987831116,0.0,0.0,0.5033259987831116,0.0,0.0,low_score,0,"163.00,192.00,201.00,221.00"
op1,val,/home/ubuntu/hpproject/yolo/dataset/yolo/datasetm6c/images/val/0103.png,0,>=64,0.2108161300420761,iou,0.8937903642654419,0.0,0.0,0.8937903642654419,0.0,0.0,low_score,0,"211.00,112.00,291.00,194.00"
op1,val,/home/ubuntu/hpproject/yolo/dataset/yolo/datasetm6c/images/val/0105.png,0,32-64,0.12005967646837234,iou,0.5781445503234863,0.0,0.0,0.5781445503234863,0.0,0.0,low_score,0,"145.00,170.00,205.00,198.00"
op1,val,/home/ubuntu/hpproject/yolo/dataset/yolo/datasetm6c/images/val/0105.png,1,32-64,0.24209937453269958,iou,0.8263251781463623,0.0,0.0,0.8263251781463623,0.0,0.0,low_score,0,"171.00,83.00,210.00,139.00"
op1,val,/home/ubuntu/hpproject/yolo/dataset/yolo/datasetm6c/images/val/0143.png,1,>=64,0.5951154232025146,iou,0.9185023307800293,0.13129889965057373,0.13129889965057373,0.9185023307800293,0.13129889965057373,0.13129889965057373,regression_or_match_poor,0,"271.00,247.00,318.00,294.00"
op1,val,/home/ubuntu/hpproject/yolo/dataset/yolo/datasetm6c/images/val/0143.png,2,>=64,0.5951154232025146,iou,0.49016812443733215,0.1179468110203743,0.11294712871313095,0.49016812443733215,0.1179468110203743,0.11294712871313095,regression_or_match_poor,0,"108.00,194.00,308.00,263.00"
op1,val,/home/ubuntu/hpproject/yolo/dataset/yolo/datasetm6c/images/val/0144.png,0,32-64,0.0,iou,0.0,0.0,0.0,0.0,0.0,0.0,no_response,0,"312.00,269.00,350.00,305.00"
op1,val,/home/ubuntu/hpproject/yolo/dataset/yolo/datasetm6c/images/val/0177.png,0,>=64,0.7612298727035522,iou,0.2486497163772583,0.2486497163772583,0.22657856345176697,0.2486497163772583,0.2486497163772583,0.22657856345176697,regression_or_match_poor,0,"93.00,323.00,261.00,416.00"
op1,val,/home/ubuntu/hpproject/yolo/dataset/yolo/datasetm6c/images/val/0221.png,0,<16,0.054456647485494614,iou,0.0007085584220476449,0.0,0.0,0.0007085584220476449,0.0,0.0,low_score,0,"200.00,228.00,201.00,229.00"
op1,val,/home/ubuntu/hpproject/yolo/dataset/yolo/datasetm6c/images/val/0221.png,3,>=64,0.787295937538147,iou,0.5099003314971924,0.04103806987404823,0.03523895889520645,0.5099003314971924,0.04103806987404823,0.03523895889520645,regression_or_match_poor,0,"263.00,200.00,331.00,285.00"
op1,val,/home/ubuntu/hpproject/yolo/dataset/yolo/datasetm6c/images/val/0221.png,4,32-64,0.787295937538147,iou,0.4193904995918274,0.16173814237117767,0.15760116279125214,0.4193904995918274,0.16173814237117767,0.15760116279125214,regression_or_match_poor,0,"232.00,144.00,283.00,195.00"
op1,val,/home/ubuntu/hpproject/yolo/dataset/yolo/datasetm6c/images/val/0234.png,0,16-32,0.0,iou,0.0,0.0,0.0,0.0,0.0,0.0,no_response,0,"212.04,221.24,272.37,247.89"
op1,val,/home/ubuntu/hpproject/yolo/dataset/yolo/datasetm6c/images/val/0234.png,2,32-64,0.0,iou,0.0,0.0,0.0,0.0,0.0,0.0,no_response,0,"361.70,260.42,396.96,297.25"
op1,val,/home/ubuntu/hpproject/yolo/dataset/yolo/datasetm6c/images/val/0262.png,0,16-32,0.023141389712691307,iou,0.6084288358688354,0.0,0.0,0.6084288358688354,0.0,0.0,low_score,0,"309.00,219.00,345.00,249.00"
op1,val,/home/ubuntu/hpproject/yolo/dataset/yolo/datasetm6c/images/val/0262.png,1,16-32,0.23821014165878296,iou,0.8119341731071472,0.0,0.0,0.8119341731071472,0.0,0.0,low_score,0,"246.00,193.00,280.00,217.00"
op1,val,/home/ubuntu/hpproject/yolo/dataset/yolo/datasetm6c/images/val/0262.png,2,32-64,0.023141389712691307,iou,0.1098058894276619,0.0,0.0,0.1098058894276619,0.0,0.0,low_score,0,"323.00,186.00,399.00,231.00"
op1,val,/home/ubuntu/hpproject/yolo/dataset/yolo/datasetm6c/images/val/0324.png,0,32-64,0.10303575545549393,iou,0.5148666501045227,0.0,0.0,0.5148666501045227,0.0,0.0,low_score,0,"216.00,230.00,251.00,269.00"
op1,val,/home/ubuntu/hpproject/yolo/dataset/yolo/datasetm6c/images/val/0349.png,0,16-32,0.0,iou,0.0,0.0,0.0,0.0,0.0,0.0,no_response,0,"411.00,225.00,442.00,250.00"
op1,val,/home/ubuntu/hpproject/yolo/dataset/yolo/datasetm6c/images/val/0359.png,0,32-64,0.0,iou,0.0,0.0,0.0,0.0,0.0,0.0,no_response,0,"177.00,290.00,235.00,322.00"
op1,val,/home/ubuntu/hpproject/yolo/dataset/yolo/datasetm6c/images/val/0359.png,2,32-64,0.08290999382734299,iou,0.17616301774978638,0.0,0.0,0.17616301774978638,0.0,0.0,low_score,0,"245.00,225.00,281.00,252.00"
op1,val,/home/ubuntu/hpproject/yolo/dataset/yolo/datasetm6c/images/val/0359.png,3,16-32,0.4645105004310608,iou,0.15453468263149261,0.15453468263149261,0.15453468263149261,0.15453468263149261,0.15453468263149261,0.15453468263149261,regression_or_match_poor,0,"367.00,178.00,390.00,207.00"
op1,val,/home/ubuntu/hpproject/yolo/dataset/yolo/datasetm6c/images/val/0363.png,1,16-32,0.013373041525483131,iou,0.03489364683628082,0.0,0.0,0.03489364683628082,0.0,0.0,low_score,0,"185.00,118.00,209.00,168.00"
op1,val,/home/ubuntu/hpproject/yolo/dataset/yolo/datasetm6c/images/val/0363.png,2,32-64,0.6953887343406677,iou,0.012498615309596062,0.003135083708912134,0.0023472970351576805,0.012498615309596062,0.003135083708912134,0.0023472970351576805,regression_or_match_poor,0,"264.00,90.00,290.00,117.00"
op1,val,/home/ubuntu/hpproject/yolo/dataset/yolo/datasetm6c/images/val/0371.png,1,16-32,0.5241092443466187,iou,0.7191658020019531,0.2356295883655548,0.21911533176898956,0.7191658020019531,0.2356295883655548,0.21911533176898956,regression_or_match_poor,0,"290.00,231.00,349.00,252.00"
op1,val,/home/ubuntu/hpproject/yolo/dataset/yolo/datasetm6c/images/val/0371.png,2,16-32,0.5241092443466187,iou,0.4000812768936157,0.20130200684070587,0.18821437656879425,0.4000812768936157,0.20130200684070587,0.18821437656879425,regression_or_match_poor,0,"245.00,211.00,304.00,229.00"
op1,val,/home/ubuntu/hpproject/yolo/dataset/yolo/datasetm6c/images/val/0371.png,3,32-64,0.022397900000214577,iou,0.4406295418739319,0.0,0.0,0.4406295418739319,0.0,0.0,low_score,0,"255.00,144.00,330.00,188.00"
op1,val,/home/ubuntu/hpproject/yolo/dataset/yolo/datasetm6c/images/val/0371.png,4,32-64,0.21684008836746216,iou,0.7187469601631165,0.0,0.0,0.7187469601631165,0.0,0.0,low_score,0,"405.00,311.00,447.00,354.00"
op1,val,/home/ubuntu/hpproject/yolo/dataset/yolo/datasetm6c/images/val/0376.png,0,<16,0.0,iou,0.0,0.0,0.0,0.0,0.0,0.0,no_response,0,"423.00,339.00,436.00,384.00"
op1,val,/home/ubuntu/hpproject/yolo/dataset/yolo/datasetm6c/images/val/0376.png,1,16-32,0.0,iou,0.0,0.0,0.0,0.0,0.0,0.0,no_response,0,"456.00,174.00,473.00,212.00"
op1,val,/home/ubuntu/hpproject/yolo/dataset/yolo/datasetm6c/images/val/0380.png,0,32-64,0.03715939819812775,iou,0.26340654492378235,0.0,0.0,0.26340654492378235,0.0,0.0,low_score,0,"330.00,350.00,376.00,383.00"
op1,val,/home/ubuntu/hpproject/yolo/dataset/yolo/datasetm6c/images/val/0380.png,1,32-64,0.03715939819812775,iou,0.0968211442232132,0.0,0.0,0.0968211442232132,0.0,0.0,low_score,0,"389.00,302.00,419.00,333.00"
op1,val,/home/ubuntu/hpproject/yolo/dataset/yolo/datasetm6c/images/val/0380.png,3,32-64,0.0,iou,0.0,0.0,0.0,0.0,0.0,0.0,no_response,0,"399.00,163.00,431.00,203.00"
op1,val,/home/ubuntu/hpproject/yolo/dataset/yolo/datasetm6c/images/val/0380.png,4,16-32,0.09054432064294815,iou,0.6653673648834229,0.0,0.0,0.6653673648834229,0.0,0.0,low_score,0,"356.00,130.00,379.00,161.00"
op1,val,/home/ubuntu/hpproject/yolo/dataset/yolo/datasetm6c/images/val/0433.png,0,32-64,0.021076643839478493,iou,0.2698110044002533,0.0,0.0,0.2698110044002533,0.0,0.0,low_score,0,"286.00,326.00,332.00,374.00"
op1,val,/home/ubuntu/hpproject/yolo/dataset/yolo/datasetm6c/images/val/0433.png,1,32-64,0.03356487303972244,iou,0.16126397252082825,0.0,0.0,0.16126397252082825,0.0,0.0,low_score,0,"357.00,289.00,391.00,333.00"
op1,val,/home/ubuntu/hpproject/yolo/dataset/yolo/datasetm6c/images/val/0433.png,2,>=64,0.03356487303972244,iou,0.6772686839103699,0.0,0.0,0.6772686839103699,0.0,0.0,low_score,0,"344.00,198.00,423.00,294.00"
op1,val,/home/ubuntu/hpproject/yolo/dataset/yolo/datasetm6c/images/val/0433.png,3,32-64,0.0,iou,0.0,0.0,0.0,0.0,0.0,0.0,no_response,0,"272.00,146.00,305.00,177.00"
op1,val,/home/ubuntu/hpproject/yolo/dataset/yolo/datasetm6c/images/val/0433.png,5,16-32,0.020608333870768547,iou,0.007653876207768917,0.0,0.0,0.007653876207768917,0.0,0.0,low_score,0,"291.00,112.00,314.00,138.00"
op1,val,/home/ubuntu/hpproject/yolo/dataset/yolo/datasetm6c/images/val/0433.png,6,32-64,0.11411958932876587,iou,0.7976065278053284,0.0,0.0,0.7976065278053284,0.0,0.0,low_score,0,"232.00,84.00,269.00,119.00"
op1,test,/home/ubuntu/hpproject/yolo/dataset/yolo/datasetm6c/images/test/0127.png,1,32-64,0.6743133664131165,iou,0.428585410118103,0.17693190276622772,0.15287503600120544,0.428585410118103,0.17693190276622772,0.15287503600120544,regression_or_match_poor,0,"173.00,129.00,230.00,177.00"
op1,test,/home/ubuntu/hpproject/yolo/dataset/yolo/datasetm6c/images/test/0140.png,0,32-64,0.08866407722234726,iou,0.6861563920974731,0.0,0.0,0.6861563920974731,0.0,0.0,low_score,0,"324.00,143.00,355.00,183.00"
op1,test,/home/ubuntu/hpproject/yolo/dataset/yolo/datasetm6c/images/test/0149.png,1,32-64,0.6262382864952087,iou,0.49336621165275574,0.0001287887862417847,0.0,0.49336621165275574,0.0001287887862417847,0.0,regression_or_match_poor,0,"284.00,132.00,311.00,161.00"
op1,test,/home/ubuntu/hpproject/yolo/dataset/yolo/datasetm6c/images/test/0161.png,1,>=64,0.13522957265377045,iou,0.6915158033370972,0.0,0.0,0.6915158033370972,0.0,0.0,low_score,0,"150.00,88.00,208.00,150.00"
op1,test,/home/ubuntu/hpproject/yolo/dataset/yolo/datasetm6c/images/test/0173.png,1,32-64,0.22620205581188202,iou,0.8527119755744934,0.0,0.0,0.8527119755744934,0.0,0.0,low_score,0,"261.00,102.00,299.00,151.00"
op1,test,/home/ubuntu/hpproject/yolo/dataset/yolo/datasetm6c/images/test/0193.png,0,>=64,0.1696009486913681,iou,0.9216376543045044,0.0,0.0,0.9216376543045044,0.0,0.0,low_score,0,"241.00,182.00,308.00,255.00"
op1,test,/home/ubuntu/hpproject/yolo/dataset/yolo/datasetm6c/images/test/0193.png,1,32-64,0.1696009486913681,iou,0.28338342905044556,0.0,0.0,0.28338342905044556,0.0,0.0,low_score,0,"245.00,152.00,275.00,189.00"
op1,test,/home/ubuntu/hpproject/yolo/dataset/yolo/datasetm6c/images/test/0204.png,0,32-64,0.026076292619109154,iou,0.5304431319236755,0.0,0.0,0.5304431319236755,0.0,0.0,low_score,0,"246.00,149.00,288.00,207.00"
op1,test,/home/ubuntu/hpproject/yolo/dataset/yolo/datasetm6c/images/test/0213.png,1,32-64,0.02744325064122677,iou,0.7742860317230225,0.0,0.0,0.7742860317230225,0.0,0.0,low_score,0,"119.00,230.00,154.00,290.00"
op1,test,/home/ubuntu/hpproject/yolo/dataset/yolo/datasetm6c/images/test/0232.png,0,16-32,0.19054067134857178,iou,0.7253767251968384,0.0,0.0,0.7253767251968384,0.0,0.0,low_score,0,"375.80,154.64,402.44,191.47"
op1,test,/home/ubuntu/hpproject/yolo/dataset/yolo/datasetm6c/images/test/0232.png,1,32-64,0.0,iou,0.0,0.0,0.0,0.0,0.0,0.0,no_response,0,"391.47,235.35,422.03,316.05"
op1,test,/home/ubuntu/hpproject/yolo/dataset/yolo/datasetm6c/images/test/0241.png,0,32-64,0.3289659023284912,iou,0.31636813282966614,0.1714172661304474,0.16872115433216095,0.31636813282966614,0.1714172661304474,0.16872115433216095,regression_or_match_poor,0,"188.00,142.00,307.00,195.00"
op1,test,/home/ubuntu/hpproject/yolo/dataset/yolo/datasetm6c/images/test/0259.png,1,32-64,0.21155039966106415,iou,0.6469698548316956,0.0,0.0,0.6469698548316956,0.0,0.0,low_score,0,"246.00,151.00,284.00,186.00"
op1,test,/home/ubuntu/hpproject/yolo/dataset/yolo/datasetm6c/images/test/0299.png,0,32-64,0.032869819551706314,iou,0.7307224273681641,0.0,0.0,0.7307224273681641,0.0,0.0,low_score,0,"246.00,168.00,282.00,216.00"
op1,test,/home/ubuntu/hpproject/yolo/dataset/yolo/datasetm6c/images/test/0299.png,1,32-64,0.0,iou,0.0,0.0,0.0,0.0,0.0,0.0,no_response,0,"241.00,109.00,283.00,150.00"
op1,test,/home/ubuntu/hpproject/yolo/dataset/yolo/datasetm6c/images/test/0340.png,0,<16,0.09655391424894333,iou,0.3721752464771271,0.0,0.0,0.3721752464771271,0.0,0.0,low_score,0,"225.00,357.00,239.00,376.00"
op1,test,/home/ubuntu/hpproject/yolo/dataset/yolo/datasetm6c/images/test/0340.png,2,16-32,0.0,iou,0.0,0.0,0.0,0.0,0.0,0.0,no_response,0,"227.96,250.75,246.03,270.45"
op1,test,/home/ubuntu/hpproject/yolo/dataset/yolo/datasetm6c/images/test/0365.png,0,16-32,0.727535605430603,iou,0.8222449421882629,0.30495575070381165,0.30495575070381165,0.8222449421882629,0.30495575070381165,0.30495575070381165,regression_or_match_poor,0,"191.00,152.00,225.00,175.00"
op1,test,/home/ubuntu/hpproject/yolo/dataset/yolo/datasetm6c/images/test/0374.png,1,32-64,0.360779732465744,iou,0.6623215079307556,0.09431227296590805,0.05665235593914986,0.6623215079307556,0.09431227296590805,0.05665235593914986,regression_or_match_poor,0,"351.00,143.00,390.00,196.00"
op1,test,/home/ubuntu/hpproject/yolo/dataset/yolo/datasetm6c/images/test/0378.png,1,32-64,0.04040440917015076,iou,0.49048876762390137,0.0,0.0,0.49048876762390137,0.0,0.0,low_score,0,"263.00,327.00,313.00,359.00"
op1,test,/home/ubuntu/hpproject/yolo/dataset/yolo/datasetm6c/images/test/0378.png,2,32-64,0.18657612800598145,iou,0.6685923933982849,0.0,0.0,0.6685923933982849,0.0,0.0,low_score,0,"335.00,309.00,380.00,355.00"
op1,test,/home/ubuntu/hpproject/yolo/dataset/yolo/datasetm6c/images/test/0378.png,4,16-32,0.5970269441604614,iou,0.847547173500061,0.014341751113533974,0.014163464307785034,0.847547173500061,0.014341751113533974,0.014163464307785034,regression_or_match_poor,0,"296.00,190.00,323.00,216.00"
op1,test,/home/ubuntu/hpproject/yolo/dataset/yolo/datasetm6c/images/test/0407.png,0,16-32,0.0,iou,0.0,0.0,0.0,0.0,0.0,0.0,no_response,0,"167.00,328.00,190.00,354.00"
op1,test,/home/ubuntu/hpproject/yolo/dataset/yolo/datasetm6c/images/test/0419.png,1,32-64,0.25736871361732483,iou,0.2925961911678314,0.10717281699180603,0.10717281699180603,0.2925961911678314,0.10717281699180603,0.10717281699180603,regression_or_match_poor,0,"188.44,172.89,233.80,208.01"
op1,test,/home/ubuntu/hpproject/yolo/dataset/yolo/datasetm6c/images/test/0423.png,0,32-64,0.22022925317287445,iou,0.9253472089767456,0.0,0.0,0.9253472089767456,0.0,0.0,low_score,0,"245.00,349.00,280.00,380.00"
op1,test,/home/ubuntu/hpproject/yolo/dataset/yolo/datasetm6c/images/test/0423.png,1,16-32,0.4636005461215973,iou,0.6121419072151184,0.05904528498649597,0.05571936443448067,0.6121419072151184,0.05904528498649597,0.05571936443448067,regression_or_match_poor,0,"124.00,320.00,144.00,344.00"
op1,test,/home/ubuntu/hpproject/yolo/dataset/yolo/datasetm6c/images/test/0423.png,2,16-32,0.4636005461215973,iou,0.17967890202999115,0.08785656094551086,0.08693879097700119,0.17967890202999115,0.08785656094551086,0.08693879097700119,regression_or_match_poor,0,"95.00,275.00,116.00,302.00"
op1,test,/home/ubuntu/hpproject/yolo/dataset/yolo/datasetm6c/images/test/0423.png,4,32-64,0.743969738483429,iou,0.062273383140563965,0.05703722685575485,0.05296766385436058,0.062273383140563965,0.05703722685575485,0.05296766385436058,regression_or_match_poor,0,"266.00,116.00,302.00,147.00"
op1,test,/home/ubuntu/hpproject/yolo/dataset/yolo/datasetm6c/images/test/0423.png,5,32-64,0.4748815596103668,iou,0.006536379456520081,0.00048439757665619254,0.0,0.006536379456520081,0.00048439757665619254,0.0,regression_or_match_poor,0,"228.00,97.00,263.00,123.00"
op1,test,/home/ubuntu/hpproject/yolo/dataset/yolo/datasetm6c/images/test/0426.png,0,16-32,0.12924756109714508,iou,0.8429169654846191,0.0,0.0,0.8429169654846191,0.0,0.0,low_score,0,"248.00,324.00,271.00,345.00"
op1,test,/home/ubuntu/hpproject/yolo/dataset/yolo/datasetm6c/images/test/0426.png,2,32-64,0.8843117952346802,iou,0.4832918643951416,0.24030151963233948,0.2326875478029251,0.4832918643951416,0.24030151963233948,0.2326875478029251,regression_or_match_poor,0,"190.00,260.00,237.00,295.00"
op1,test,/home/ubuntu/hpproject/yolo/dataset/yolo/datasetm6c/images/test/0426.png,3,32-64,0.10169028490781784,iou,0.7808043360710144,0.0,0.0,0.7808043360710144,0.0,0.0,low_score,0,"185.00,194.00,253.00,227.00"
op1,test,/home/ubuntu/hpproject/yolo/dataset/yolo/datasetm6c/images/test/0426.png,4,32-64,0.018623752519488335,iou,0.5312176942825317,0.0,0.0,0.5312176942825317,0.0,0.0,low_score,0,"234.00,147.00,271.00,176.00"
op1,test,/home/ubuntu/hpproject/yolo/dataset/yolo/datasetm6c/images/test/0426.png,6,16-32,0.12714627385139465,iou,0.0918893963098526,0.0,0.0,0.0918893963098526,0.0,0.0,low_score,0,"214.00,126.00,235.00,159.00"
op1,test,/home/ubuntu/hpproject/yolo/dataset/yolo/datasetm6c/images/test/0426.png,7,32-64,0.2681661546230316,iou,0.10568293184041977,0.02045389451086521,0.02045389451086521,0.10568293184041977,0.02045389451086521,0.02045389451086521,regression_or_match_poor,0,"281.00,122.00,312.00,158.00"
op1,test,/home/ubuntu/hpproject/yolo/dataset/yolo/datasetm6c/images/test/0426.png,9,32-64,0.12714627385139465,iou,0.2733363211154938,0.0,0.0,0.2733363211154938,0.0,0.0,low_score,0,"179.00,98.00,243.00,123.00"
op1,test,/home/ubuntu/hpproject/yolo/dataset/yolo/datasetm6c/images/test/0432.png,2,32-64,0.0,iou,0.0,0.0,0.0,0.0,0.0,0.0,no_response,0,"385.00,143.00,414.00,197.00"
op1,test,/home/ubuntu/hpproject/yolo/dataset/yolo/datasetm6c/images/test/0432.png,4,16-32,0.047720421105623245,iou,0.03699348121881485,0.0,0.0,0.03699348121881485,0.0,0.0,low_score,0,"340.00,102.00,364.00,133.00"
op1,test,/home/ubuntu/hpproject/yolo/dataset/yolo/datasetm6c/images/test/0436.png,0,32-64,0.13218918442726135,iou,0.8754537105560303,0.0,0.0,0.8754537105560303,0.0,0.0,low_score,0,"135.00,286.00,174.00,328.00"
op1,test,/home/ubuntu/hpproject/yolo/dataset/yolo/datasetm6c/images/test/0450.png,1,32-64,0.0,iou,0.0,0.0,0.0,0.0,0.0,0.0,no_response,0,"207.00,119.00,282.00,154.00"
op2,val,/home/ubuntu/hpproject/yolo/dataset/yolo/datasetm6c/images/val/0021.png,0,32-64,0.03620900586247444,iou,0.7891321182250977,0.0,0.0,0.7891321182250977,0.0,0.0,low_score,0,"233.00,94.00,273.00,157.00"
op2,val,/home/ubuntu/hpproject/yolo/dataset/yolo/datasetm6c/images/val/0030.png,0,>=64,0.44657188653945923,iou,0.33625528216362,0.2693094313144684,0.2693094313144684,0.33625528216362,0.2693094313144684,0.2693094313144684,regression_or_match_poor,0,"126.00,192.00,375.00,308.00"
op2,val,/home/ubuntu/hpproject/yolo/dataset/yolo/datasetm6c/images/val/0051.png,0,32-64,0.042389869689941406,iou,0.4916945993900299,0.0,0.0,0.4916945993900299,0.0,0.0,low_score,0,"95.18,101.68,124.81,167.58"
op2,val,/home/ubuntu/hpproject/yolo/dataset/yolo/datasetm6c/images/val/0051.png,1,32-64,0.15752355754375458,iou,0.8611227869987488,0.0,0.0,0.8611227869987488,0.0,0.0,low_score,0,"151.41,131.31,181.04,170.61"
op2,val,/home/ubuntu/hpproject/yolo/dataset/yolo/datasetm6c/images/val/0055.png,1,>=64,0.4690733850002289,iou,0.5893903970718384,0.2000248283147812,0.19858621060848236,0.5893903970718384,0.2000248283147812,0.19858621060848236,regression_or_match_poor,0,"151.00,65.00,211.00,117.00"
op2,val,/home/ubuntu/hpproject/yolo/dataset/yolo/datasetm6c/images/val/0066.png,1,16-32,0.0,iou,0.0,0.0,0.0,0.0,0.0,0.0,no_response,0,"178.00,160.00,197.00,203.00"
op2,val,/home/ubuntu/hpproject/yolo/dataset/yolo/datasetm6c/images/val/0066.png,3,16-32,0.2094428390264511,iou,0.599181056022644,0.0,0.0,0.599181056022644,0.0,0.0,low_score,0,"301.00,109.00,342.00,124.00"
op2,val,/home/ubuntu/hpproject/yolo/dataset/yolo/datasetm6c/images/val/0068.png,1,32-64,0.09239677339792252,iou,0.7611584663391113,0.0,0.0,0.7611584663391113,0.0,0.0,low_score,0,"124.00,211.00,155.00,235.00"
op2,val,/home/ubuntu/hpproject/yolo/dataset/yolo/datasetm6c/images/val/0068.png,2,32-64,0.016450459137558937,iou,0.20847836136817932,0.0,0.0,0.20847836136817932,0.0,0.0,low_score,0,"245.00,204.00,283.00,244.00"
op2,val,/home/ubuntu/hpproject/yolo/dataset/yolo/datasetm6c/images/val/0069.png,0,16-32,0.11968457698822021,iou,0.5920453667640686,0.0,0.0,0.5920453667640686,0.0,0.0,low_score,0,"246.72,163.93,276.55,179.99"
op2,val,/home/ubuntu/hpproject/yolo/dataset/yolo/datasetm6c/images/val/0069.png,2,16-32,0.11047292500734329,iou,0.7376086115837097,0.0,0.0,0.7376086115837097,0.0,0.0,low_score,0,"145.00,243.47,169.47,271.77"
op2,val,/home/ubuntu/hpproject/yolo/dataset/yolo/datasetm6c/images/val/0069.png,3,16-32,0.031195813789963722,iou,0.6910009384155273,0.0,0.0,0.6910009384155273,0.0,0.0,low_score,0,"421.86,195.29,438.68,225.88"
op2,val,/home/ubuntu/hpproject/yolo/dataset/yolo/datasetm6c/images/val/0072.png,0,16-32,0.0696047767996788,iou,0.3178028166294098,0.0,0.0,0.3178028166294098,0.0,0.0,low_score,0,"222.00,150.00,241.00,164.00"
op2,val,/home/ubuntu/hpproject/yolo/dataset/yolo/datasetm6c/images/val/0072.png,1,32-64,0.16267937421798706,iou,0.669614851474762,0.0,0.0,0.669614851474762,0.0,0.0,low_score,0,"163.00,192.00,201.00,221.00"
op2,val,/home/ubuntu/hpproject/yolo/dataset/yolo/datasetm6c/images/val/0094.png,1,32-64,0.3225972652435303,iou,0.6886111497879028,0.13649679720401764,0.13649679720401764,0.6886111497879028,0.13649679720401764,0.13649679720401764,regression_or_match_poor,0,"441.00,210.00,485.00,273.00"
op2,val,/home/ubuntu/hpproject/yolo/dataset/yolo/datasetm6c/images/val/0105.png,0,32-64,0.06882419437170029,iou,0.42532408237457275,0.0,0.0,0.42532408237457275,0.0,0.0,low_score,0,"145.00,170.00,205.00,198.00"
op2,val,/home/ubuntu/hpproject/yolo/dataset/yolo/datasetm6c/images/val/0105.png,1,32-64,0.09246449917554855,iou,0.669596791267395,0.0,0.0,0.669596791267395,0.0,0.0,low_score,0,"171.00,83.00,210.00,139.00"
op2,val,/home/ubuntu/hpproject/yolo/dataset/yolo/datasetm6c/images/val/0143.png,2,>=64,0.4893034100532532,iou,0.7025114893913269,0.17332299053668976,0.10328982025384903,0.7025114893913269,0.17332299053668976,0.10328982025384903,regression_or_match_poor,0,"108.00,194.00,308.00,263.00"
op2,val,/home/ubuntu/hpproject/yolo/dataset/yolo/datasetm6c/images/val/0144.png,0,32-64,0.0,iou,0.0,0.0,0.0,0.0,0.0,0.0,no_response,0,"312.00,269.00,350.00,305.00"
op2,val,/home/ubuntu/hpproject/yolo/dataset/yolo/datasetm6c/images/val/0172.png,0,32-64,0.4061114490032196,iou,0.7112170457839966,0.004309189971536398,0.0016678104875609279,0.7112170457839966,0.004309189971536398,0.0016678104875609279,regression_or_match_poor,0,"271.00,159.00,317.00,216.00"
op2,val,/home/ubuntu/hpproject/yolo/dataset/yolo/datasetm6c/images/val/0177.png,0,>=64,0.6978440284729004,iou,0.18315237760543823,0.1678212434053421,0.1327623873949051,0.18315237760543823,0.1678212434053421,0.1327623873949051,regression_or_match_poor,0,"93.00,323.00,261.00,416.00"
op2,val,/home/ubuntu/hpproject/yolo/dataset/yolo/datasetm6c/images/val/0221.png,0,<16,0.7060835957527161,iou,0.0007554756011813879,5.033915294916369e-05,3.589132393244654e-05,0.0007554756011813879,5.033915294916369e-05,3.589132393244654e-05,regression_or_match_poor,0,"200.00,228.00,201.00,229.00"
op2,val,/home/ubuntu/hpproject/yolo/dataset/yolo/datasetm6c/images/val/0221.png,3,>=64,0.7060835957527161,iou,0.8522617220878601,0.05974139645695686,0.055368538945913315,0.8522617220878601,0.05974139645695686,0.055368538945913315,regression_or_match_poor,0,"263.00,200.00,331.00,285.00"
op2,val,/home/ubuntu/hpproject/yolo/dataset/yolo/datasetm6c/images/val/0221.png,4,32-64,0.7060835957527161,iou,0.5025400519371033,0.1446583867073059,0.1343241035938263,0.5025400519371033,0.1446583867073059,0.1343241035938263,regression_or_match_poor,0,"232.00,144.00,283.00,195.00"
op2,val,/home/ubuntu/hpproject/yolo/dataset/yolo/datasetm6c/images/val/0234.png,0,16-32,0.0,iou,0.0,0.0,0.0,0.0,0.0,0.0,no_response,0,"212.04,221.24,272.37,247.89"
op2,val,/home/ubuntu/hpproject/yolo/dataset/yolo/datasetm6c/images/val/0234.png,1,16-32,0.2723156809806824,iou,0.35809558629989624,0.2754165530204773,0.2754165530204773,0.35809558629989624,0.2754165530204773,0.2754165530204773,regression_or_match_poor,0,"255.13,153.08,270.80,169.53"
op2,val,/home/ubuntu/hpproject/yolo/dataset/yolo/datasetm6c/images/val/0234.png,2,32-64,0.0,iou,0.0,0.0,0.0,0.0,0.0,0.0,no_response,0,"361.70,260.42,396.96,297.25"
op2,val,/home/ubuntu/hpproject/yolo/dataset/yolo/datasetm6c/images/val/0237.png,0,>=64,0.13416787981987,iou,0.7554431557655334,0.0,0.0,0.7554431557655334,0.0,0.0,low_score,0,"253.00,300.00,342.00,378.00"
op2,val,/home/ubuntu/hpproject/yolo/dataset/yolo/datasetm6c/images/val/0262.png,0,16-32,0.09237939119338989,iou,0.7254604697227478,0.0,0.0,0.7254604697227478,0.0,0.0,low_score,0,"309.00,219.00,345.00,249.00"
op2,val,/home/ubuntu/hpproject/yolo/dataset/yolo/datasetm6c/images/val/0262.png,1,16-32,0.09944932907819748,iou,0.798063337802887,0.0,0.0,0.798063337802887,0.0,0.0,low_score,0,"246.00,193.00,280.00,217.00"
op2,val,/home/ubuntu/hpproject/yolo/dataset/yolo/datasetm6c/images/val/0262.png,2,32-64,0.09237939119338989,iou,0.6135344505310059,0.0,0.0,0.6135344505310059,0.0,0.0,low_score,0,"323.00,186.00,399.00,231.00"
op2,val,/home/ubuntu/hpproject/yolo/dataset/yolo/datasetm6c/images/val/0324.png,0,32-64,0.1631833165884018,iou,0.713875949382782,0.0,0.0,0.713875949382782,0.0,0.0,low_score,0,"216.00,230.00,251.00,269.00"
op2,val,/home/ubuntu/hpproject/yolo/dataset/yolo/datasetm6c/images/val/0349.png,0,16-32,0.0,iou,0.0,0.0,0.0,0.0,0.0,0.0,no_response,0,"411.00,225.00,442.00,250.00"
op2,val,/home/ubuntu/hpproject/yolo/dataset/yolo/datasetm6c/images/val/0359.png,0,32-64,0.14715252816677094,iou,0.9130430221557617,0.0,0.0,0.9130430221557617,0.0,0.0,low_score,0,"177.00,290.00,235.00,322.00"
op2,val,/home/ubuntu/hpproject/yolo/dataset/yolo/datasetm6c/images/val/0359.png,2,32-64,0.06317946314811707,iou,0.7292769551277161,0.0,0.0,0.7292769551277161,0.0,0.0,low_score,0,"245.00,225.00,281.00,252.00"
op2,val,/home/ubuntu/hpproject/yolo/dataset/yolo/datasetm6c/images/val/0359.png,3,16-32,0.15040402114391327,iou,0.6889410018920898,0.0,0.0,0.6889410018920898,0.0,0.0,low_score,0,"367.00,178.00,390.00,207.00"
op2,val,/home/ubuntu/hpproject/yolo/dataset/yolo/datasetm6c/images/val/0359.png,4,32-64,0.06998968124389648,iou,0.6825578212738037,0.0,0.0,0.6825578212738037,0.0,0.0,low_score,0,"238.00,81.00,284.00,107.00"
op2,val,/home/ubuntu/hpproject/yolo/dataset/yolo/datasetm6c/images/val/0363.png,1,16-32,0.05715513601899147,iou,0.6717643737792969,0.0,0.0,0.6717643737792969,0.0,0.0,low_score,0,"185.00,118.00,209.00,168.00"
op2,val,/home/ubuntu/hpproject/yolo/dataset/yolo/datasetm6c/images/val/0363.png,2,32-64,0.3377492129802704,iou,0.07670049369335175,0.0039123352617025375,0.0039123352617025375,0.07670049369335175,0.0039123352617025375,0.0039123352617025375,regression_or_match_poor,0,"264.00,90.00,290.00,117.00"
op2,val,/home/ubuntu/hpproject/yolo/dataset/yolo/datasetm6c/images/val/0371.png,0,16-32,0.16310474276542664,iou,0.8273996114730835,0.0,0.0,0.8273996114730835,0.0,0.0,low_score,0,"377.00,109.00,404.00,150.00"
op2,val,/home/ubuntu/hpproject/yolo/dataset/yolo/datasetm6c/images/val/0371.png,1,16-32,0.564170241355896,iou,0.7918773889541626,0.2595902383327484,0.2482951134443283,0.7918773889541626,0.2595902383327484,0.2482951134443283,regression_or_match_poor,0,"290.00,231.00,349.00,252.00"
op2,val,/home/ubuntu/hpproject/yolo/dataset/yolo/datasetm6c/images/val/0371.png,2,16-32,0.564170241355896,iou,0.49830856919288635,0.21075016260147095,0.20374713838100433,0.49830856919288635,0.21075016260147095,0.20374713838100433,regression_or_match_poor,0,"245.00,211.00,304.00,229.00"
op2,val,/home/ubuntu/hpproject/yolo/dataset/yolo/datasetm6c/images/val/0371.png,3,32-64,0.13076238334178925,iou,0.8681461811065674,0.0,0.0,0.8681461811065674,0.0,0.0,low_score,0,"255.00,144.00,330.00,188.00"
op2,val,/home/ubuntu/hpproject/yolo/dataset/yolo/datasetm6c/images/val/0371.png,4,32-64,0.23470132052898407,iou,0.7732648849487305,0.0,0.0,0.7732648849487305,0.0,0.0,low_score,0,"405.00,311.00,447.00,354.00"
op2,val,/home/ubuntu/hpproject/yolo/dataset/yolo/datasetm6c/images/val/0376.png,0,<16,0.0,iou,0.0,0.0,0.0,0.0,0.0,0.0,no_response,0,"423.00,339.00,436.00,384.00"
op2,val,/home/ubuntu/hpproject/yolo/dataset/yolo/datasetm6c/images/val/0376.png,1,16-32,0.0,iou,0.0,0.0,0.0,0.0,0.0,0.0,no_response,0,"456.00,174.00,473.00,212.00"
op2,val,/home/ubuntu/hpproject/yolo/dataset/yolo/datasetm6c/images/val/0376.png,2,16-32,0.12700651586055756,iou,0.659574031829834,0.0,0.0,0.659574031829834,0.0,0.0,low_score,0,"301.00,157.00,327.00,193.00"
op2,val,/home/ubuntu/hpproject/yolo/dataset/yolo/datasetm6c/images/val/0380.png,0,32-64,0.2042233943939209,iou,0.7562335133552551,0.0,0.0,0.7562335133552551,0.0,0.0,low_score,0,"330.00,350.00,376.00,383.00"
op2,val,/home/ubuntu/hpproject/yolo/dataset/yolo/datasetm6c/images/val/0380.png,1,32-64,0.0,iou,0.0,0.0,0.0,0.0,0.0,0.0,no_response,0,"389.00,302.00,419.00,333.00"
op2,val,/home/ubuntu/hpproject/yolo/dataset/yolo/datasetm6c/images/val/0380.png,3,32-64,0.0,iou,0.0,0.0,0.0,0.0,0.0,0.0,no_response,0,"399.00,163.00,431.00,203.00"
op2,val,/home/ubuntu/hpproject/yolo/dataset/yolo/datasetm6c/images/val/0380.png,4,16-32,0.06423395872116089,iou,0.7935181856155396,0.0,0.0,0.7935181856155396,0.0,0.0,low_score,0,"356.00,130.00,379.00,161.00"
op2,val,/home/ubuntu/hpproject/yolo/dataset/yolo/datasetm6c/images/val/0414.png,0,32-64,0.24681761860847473,iou,0.6141495704650879,0.0,0.0,0.6141495704650879,0.0,0.0,low_score,0,"398.58,233.47,442.18,314.29"
op2,val,/home/ubuntu/hpproject/yolo/dataset/yolo/datasetm6c/images/val/0433.png,0,32-64,0.0,iou,0.0,0.0,0.0,0.0,0.0,0.0,no_response,0,"286.00,326.00,332.00,374.00"
op2,val,/home/ubuntu/hpproject/yolo/dataset/yolo/datasetm6c/images/val/0433.png,1,32-64,0.012529714033007622,iou,0.03247153386473656,0.0,0.0,0.03247153386473656,0.0,0.0,low_score,0,"357.00,289.00,391.00,333.00"
op2,val,/home/ubuntu/hpproject/yolo/dataset/yolo/datasetm6c/images/val/0433.png,2,>=64,0.012529714033007622,iou,0.8162869811058044,0.0,0.0,0.8162869811058044,0.0,0.0,low_score,0,"344.00,198.00,423.00,294.00"
op2,val,/home/ubuntu/hpproject/yolo/dataset/yolo/datasetm6c/images/val/0433.png,3,32-64,0.0,iou,0.0,0.0,0.0,0.0,0.0,0.0,no_response,0,"272.00,146.00,305.00,177.00"
op2,val,/home/ubuntu/hpproject/yolo/dataset/yolo/datasetm6c/images/val/0433.png,5,16-32,0.023503776639699936,iou,0.4992321729660034,0.0,0.0,0.4992321729660034,0.0,0.0,low_score,0,"291.00,112.00,314.00,138.00"
op2,val,/home/ubuntu/hpproject/yolo/dataset/yolo/datasetm6c/images/val/0433.png,6,32-64,0.10992224514484406,iou,0.8095953464508057,0.0,0.0,0.8095953464508057,0.0,0.0,low_score,0,"232.00,84.00,269.00,119.00"
op2,test,/home/ubuntu/hpproject/yolo/dataset/yolo/datasetm6c/images/test/0127.png,1,32-64,0.384364515542984,iou,0.5717029571533203,0.1811930537223816,0.1811930537223816,0.5717029571533203,0.1811930537223816,0.1811930537223816,regression_or_match_poor,0,"173.00,129.00,230.00,177.00"
op2,test,/home/ubuntu/hpproject/yolo/dataset/yolo/datasetm6c/images/test/0140.png,0,32-64,0.09269531816244125,iou,0.7526388764381409,0.0,0.0,0.7526388764381409,0.0,0.0,low_score,0,"324.00,143.00,355.00,183.00"
op2,test,/home/ubuntu/hpproject/yolo/dataset/yolo/datasetm6c/images/test/0149.png,1,32-64,0.2524268627166748,iou,0.7316210269927979,0.0036294457968324423,0.0036294457968324423,0.7316210269927979,0.0036294457968324423,0.0036294457968324423,regression_or_match_poor,0,"284.00,132.00,311.00,161.00"
op2,test,/home/ubuntu/hpproject/yolo/dataset/yolo/datasetm6c/images/test/0173.png,1,32-64,0.19882673025131226,iou,0.8300832509994507,0.0,0.0,0.8300832509994507,0.0,0.0,low_score,0,"261.00,102.00,299.00,151.00"
op2,test,/home/ubuntu/hpproject/yolo/dataset/yolo/datasetm6c/images/test/0193.png,1,32-64,0.3486332297325134,iou,0.8324442505836487,0.05805817246437073,0.05805817246437073,0.8324442505836487,0.05805817246437073,0.05805817246437073,regression_or_match_poor,0,"245.00,152.00,275.00,189.00"
op2,test,/home/ubuntu/hpproject/yolo/dataset/yolo/datasetm6c/images/test/0204.png,0,32-64,0.06411714106798172,iou,0.6135590076446533,0.0,0.0,0.6135590076446533,0.0,0.0,low_score,0,"246.00,149.00,288.00,207.00"
op2,test,/home/ubuntu/hpproject/yolo/dataset/yolo/datasetm6c/images/test/0213.png,1,32-64,0.013074968941509724,iou,0.7415699362754822,0.0,0.0,0.7415699362754822,0.0,0.0,low_score,0,"119.00,230.00,154.00,290.00"
op2,test,/home/ubuntu/hpproject/yolo/dataset/yolo/datasetm6c/images/test/0232.png,1,32-64,0.0,iou,0.0,0.0,0.0,0.0,0.0,0.0,no_response,0,"391.47,235.35,422.03,316.05"
op2,test,/home/ubuntu/hpproject/yolo/dataset/yolo/datasetm6c/images/test/0241.png,0,32-64,0.23252961039543152,iou,0.3247565031051636,0.0,0.0,0.3247565031051636,0.0,0.0,low_score,0,"188.00,142.00,307.00,195.00"
op2,test,/home/ubuntu/hpproject/yolo/dataset/yolo/datasetm6c/images/test/0299.png,0,32-64,0.043229687958955765,iou,0.8785340785980225,0.0,0.0,0.8785340785980225,0.0,0.0,low_score,0,"246.00,168.00,282.00,216.00"
op2,test,/home/ubuntu/hpproject/yolo/dataset/yolo/datasetm6c/images/test/0299.png,1,32-64,0.017775828018784523,iou,0.759051501750946,0.0,0.0,0.759051501750946,0.0,0.0,low_score,0,"241.00,109.00,283.00,150.00"
op2,test,/home/ubuntu/hpproject/yolo/dataset/yolo/datasetm6c/images/test/0299.png,2,32-64,0.20617935061454773,iou,0.7020723819732666,0.0,0.0,0.7020723819732666,0.0,0.0,low_score,0,"450.00,388.00,505.00,442.00"
op2,test,/home/ubuntu/hpproject/yolo/dataset/yolo/datasetm6c/images/test/0340.png,0,<16,0.134923055768013,iou,0.42747971415519714,0.0,0.0,0.42747971415519714,0.0,0.0,low_score,0,"225.00,357.00,239.00,376.00"
op2,test,/home/ubuntu/hpproject/yolo/dataset/yolo/datasetm6c/images/test/0340.png,2,16-32,0.0,iou,0.0,0.0,0.0,0.0,0.0,0.0,no_response,0,"227.96,250.75,246.03,270.45"
op2,test,/home/ubuntu/hpproject/yolo/dataset/yolo/datasetm6c/images/test/0365.png,0,16-32,0.5592049956321716,iou,0.7267960906028748,0.2683092951774597,0.2589324116706848,0.7267960906028748,0.2683092951774597,0.2589324116706848,regression_or_match_poor,0,"191.00,152.00,225.00,175.00"
op2,test,/home/ubuntu/hpproject/yolo/dataset/yolo/datasetm6c/images/test/0374.png,0,32-64,0.4322417080402374,iou,0.8254480957984924,0.17466315627098083,0.17466315627098083,0.8254480957984924,0.17466315627098083,0.17466315627098083,regression_or_match_poor,0,"290.00,192.00,350.00,220.00"
op2,test,/home/ubuntu/hpproject/yolo/dataset/yolo/datasetm6c/images/test/0374.png,1,32-64,0.4322417080402374,iou,0.9205566644668579,0.23297736048698425,0.22537286579608917,0.9205566644668579,0.23297736048698425,0.22537286579608917,regression_or_match_poor,0,"351.00,143.00,390.00,196.00"
op2,test,/home/ubuntu/hpproject/yolo/dataset/yolo/datasetm6c/images/test/0378.png,0,16-32,0.11429484188556671,iou,0.8267963528633118,0.0,0.0,0.8267963528633118,0.0,0.0,low_score,0,"207.00,382.00,257.00,404.00"
op2,test,/home/ubuntu/hpproject/yolo/dataset/yolo/datasetm6c/images/test/0378.png,1,32-64,0.03198744356632233,iou,0.6928296089172363,0.0,0.0,0.6928296089172363,0.0,0.0,low_score,0,"263.00,327.00,313.00,359.00"
op2,test,/home/ubuntu/hpproject/yolo/dataset/yolo/datasetm6c/images/test/0378.png,2,32-64,0.36228469014167786,iou,0.7220298647880554,0.29941418766975403,0.29941418766975403,0.7220298647880554,0.29941418766975403,0.29941418766975403,regression_or_match_poor,0,"335.00,309.00,380.00,355.00"
op2,test,/home/ubuntu/hpproject/yolo/dataset/yolo/datasetm6c/images/test/0378.png,4,16-32,0.29900363087654114,iou,0.8889814019203186,0.013765638694167137,0.012841498479247093,0.8889814019203186,0.013765638694167137,0.012841498479247093,regression_or_match_poor,0,"296.00,190.00,323.00,216.00"
op2,test,/home/ubuntu/hpproject/yolo/dataset/yolo/datasetm6c/images/test/0407.png,0,16-32,0.0,iou,0.0,0.0,0.0,0.0,0.0,0.0,no_response,0,"167.00,328.00,190.00,354.00"
op2,test,/home/ubuntu/hpproject/yolo/dataset/yolo/datasetm6c/images/test/0419.png,0,32-64,0.06989221274852753,iou,0.6760624051094055,0.0,0.0,0.6760624051094055,0.0,0.0,low_score,0,"139.42,142.89,183.31,203.62"
op2,test,/home/ubuntu/hpproject/yolo/dataset/yolo/datasetm6c/images/test/0419.png,1,32-64,0.23686152696609497,iou,0.21476344764232635,0.0,0.0,0.21476344764232635,0.0,0.0,low_score,0,"188.44,172.89,233.80,208.01"
op2,test,/home/ubuntu/hpproject/yolo/dataset/yolo/datasetm6c/images/test/0423.png,1,16-32,0.09088493138551712,iou,0.696494996547699,0.0,0.0,0.696494996547699,0.0,0.0,low_score,0,"124.00,320.00,144.00,344.00"
op2,test,/home/ubuntu/hpproject/yolo/dataset/yolo/datasetm6c/images/test/0423.png,2,16-32,0.13720236718654633,iou,0.8124836087226868,0.0,0.0,0.8124836087226868,0.0,0.0,low_score,0,"95.00,275.00,116.00,302.00"
op2,test,/home/ubuntu/hpproject/yolo/dataset/yolo/datasetm6c/images/test/0423.png,4,32-64,0.4322998821735382,iou,0.8327643275260925,0.07900942116975784,0.07900942116975784,0.8327643275260925,0.07900942116975784,0.07900942116975784,regression_or_match_poor,0,"266.00,116.00,302.00,147.00"
op2,test,/home/ubuntu/hpproject/yolo/dataset/yolo/datasetm6c/images/test/0423.png,5,32-64,0.04414878040552139,iou,0.054805126041173935,0.0,0.0,0.054805126041173935,0.0,0.0,low_score,0,"228.00,97.00,263.00,123.00"
op2,test,/home/ubuntu/hpproject/yolo/dataset/yolo/datasetm6c/images/test/0426.png,0,16-32,0.07448083907365799,iou,0.8194315433502197,0.0,0.0,0.8194315433502197,0.0,0.0,low_score,0,"248.00,324.00,271.00,345.00"
op2,test,/home/ubuntu/hpproject/yolo/dataset/yolo/datasetm6c/images/test/0426.png,2,32-64,0.46902185678482056,iou,0.6065375208854675,0.28975775837898254,0.25587934255599976,0.6065375208854675,0.28975775837898254,0.25587934255599976,regression_or_match_poor,0,"190.00,260.00,237.00,295.00"
op2,test,/home/ubuntu/hpproject/yolo/dataset/yolo/datasetm6c/images/test/0426.png,3,32-64,0.22499510645866394,iou,0.749423623085022,0.0,0.0,0.749423623085022,0.0,0.0,low_score,0,"185.00,194.00,253.00,227.00"
op2,test,/home/ubuntu/hpproject/yolo/dataset/yolo/datasetm6c/images/test/0426.png,4,32-64,0.16084307432174683,iou,0.43561381101608276,0.0,0.0,0.43561381101608276,0.0,0.0,low_score,0,"234.00,147.00,271.00,176.00"
op2,test,/home/ubuntu/hpproject/yolo/dataset/yolo/datasetm6c/images/test/0426.png,6,16-32,0.16084307432174683,iou,0.05964284390211105,0.0,0.0,0.05964284390211105,0.0,0.0,low_score,0,"214.00,126.00,235.00,159.00"
op2,test,/home/ubuntu/hpproject/yolo/dataset/yolo/datasetm6c/images/test/0426.png,7,32-64,0.518402099609375,iou,0.11292467266321182,0.05881699174642563,0.01773817650973797,0.11292467266321182,0.05881699174642563,0.01773817650973797,regression_or_match_poor,0,"281.00,122.00,312.00,158.00"
op2,test,/home/ubuntu/hpproject/yolo/dataset/yolo/datasetm6c/images/test/0426.png,9,32-64,0.25550734996795654,iou,0.39850935339927673,0.0008787064580246806,0.0,0.39850935339927673,0.0008787064580246806,0.0,regression_or_match_poor,0,"179.00,98.00,243.00,123.00"
op2,test,/home/ubuntu/hpproject/yolo/dataset/yolo/datasetm6c/images/test/0430.png,0,32-64,0.23432713747024536,iou,0.8417855501174927,0.0,0.0,0.8417855501174927,0.0,0.0,low_score,0,"194.00,163.00,254.00,189.00"
op2,test,/home/ubuntu/hpproject/yolo/dataset/yolo/datasetm6c/images/test/0432.png,0,32-64,0.22663334012031555,iou,0.8038347959518433,0.0,0.0,0.8038347959518433,0.0,0.0,low_score,0,"320.00,356.00,354.00,383.00"
op2,test,/home/ubuntu/hpproject/yolo/dataset/yolo/datasetm6c/images/test/0432.png,1,32-64,0.14066965878009796,iou,0.7279665470123291,0.0,0.0,0.7279665470123291,0.0,0.0,low_score,0,"356.00,261.00,411.00,306.00"
op2,test,/home/ubuntu/hpproject/yolo/dataset/yolo/datasetm6c/images/test/0432.png,2,32-64,0.0,iou,0.0,0.0,0.0,0.0,0.0,0.0,no_response,0,"385.00,143.00,414.00,197.00"
op2,test,/home/ubuntu/hpproject/yolo/dataset/yolo/datasetm6c/images/test/0432.png,4,16-32,0.0,iou,0.0,0.0,0.0,0.0,0.0,0.0,no_response,0,"340.00,102.00,364.00,133.00"
op2,test,/home/ubuntu/hpproject/yolo/dataset/yolo/datasetm6c/images/test/0436.png,0,32-64,0.19047684967517853,iou,0.7850744724273682,0.0,0.0,0.7850744724273682,0.0,0.0,low_score,0,"135.00,286.00,174.00,328.00"
op2,test,/home/ubuntu/hpproject/yolo/dataset/yolo/datasetm6c/images/test/0450.png,1,32-64,0.0,iou,0.0,0.0,0.0,0.0,0.0,0.0,no_response,0,"207.00,119.00,282.00,154.00"
op3,val,/home/ubuntu/hpproject/yolo/dataset/yolo/datasetm6c/images/val/0021.png,0,32-64,0.03942436724901199,iou,0.6504665613174438,0.0,0.0,0.6504665613174438,0.0,0.0,low_score,0,"233.00,94.00,273.00,157.00"
op3,val,/home/ubuntu/hpproject/yolo/dataset/yolo/datasetm6c/images/val/0051.png,0,32-64,0.09253375232219696,iou,0.4396387040615082,0.0,0.0,0.4396387040615082,0.0,0.0,low_score,0,"95.18,101.68,124.81,167.58"
op3,val,/home/ubuntu/hpproject/yolo/dataset/yolo/datasetm6c/images/val/0055.png,1,>=64,0.5600982904434204,iou,0.6279054284095764,0.024163035675883293,0.011567039415240288,0.6279054284095764,0.024163035675883293,0.011567039415240288,regression_or_match_poor,0,"151.00,65.00,211.00,117.00"
op3,val,/home/ubuntu/hpproject/yolo/dataset/yolo/datasetm6c/images/val/0066.png,1,16-32,0.0,iou,0.0,0.0,0.0,0.0,0.0,0.0,no_response,0,"178.00,160.00,197.00,203.00"
op3,val,/home/ubuntu/hpproject/yolo/dataset/yolo/datasetm6c/images/val/0066.png,3,16-32,0.11521708965301514,iou,0.5796442031860352,0.0,0.0,0.5796442031860352,0.0,0.0,low_score,0,"301.00,109.00,342.00,124.00"
op3,val,/home/ubuntu/hpproject/yolo/dataset/yolo/datasetm6c/images/val/0068.png,2,32-64,0.02548311837017536,iou,0.792008638381958,0.0,0.0,0.792008638381958,0.0,0.0,low_score,0,"245.00,204.00,283.00,244.00"
op3,val,/home/ubuntu/hpproject/yolo/dataset/yolo/datasetm6c/images/val/0069.png,0,16-32,0.19320730865001678,iou,0.6685378551483154,0.0,0.0,0.6685378551483154,0.0,0.0,low_score,0,"246.72,163.93,276.55,179.99"
op3,val,/home/ubuntu/hpproject/yolo/dataset/yolo/datasetm6c/images/val/0069.png,1,32-64,0.03092382289469242,iou,0.5467105507850647,0.0,0.0,0.5467105507850647,0.0,0.0,low_score,0,"213.83,122.63,243.66,150.93"
op3,val,/home/ubuntu/hpproject/yolo/dataset/yolo/datasetm6c/images/val/0072.png,0,16-32,0.09482287615537643,iou,0.14139635860919952,0.0,0.0,0.14139635860919952,0.0,0.0,low_score,0,"222.00,150.00,241.00,164.00"
op3,val,/home/ubuntu/hpproject/yolo/dataset/yolo/datasetm6c/images/val/0084.png,0,32-64,0.24899683892726898,iou,0.8101488351821899,0.0,0.0,0.8101488351821899,0.0,0.0,low_score,0,"253.00,119.00,292.00,159.00"
op3,val,/home/ubuntu/hpproject/yolo/dataset/yolo/datasetm6c/images/val/0094.png,1,32-64,0.10926587879657745,iou,0.5790858268737793,0.0,0.0,0.5790858268737793,0.0,0.0,low_score,0,"441.00,210.00,485.00,273.00"
op3,val,/home/ubuntu/hpproject/yolo/dataset/yolo/datasetm6c/images/val/0105.png,0,32-64,0.064845971763134,iou,0.5219444632530212,0.0,0.0,0.5219444632530212,0.0,0.0,low_score,0,"145.00,170.00,205.00,198.00"
op3,val,/home/ubuntu/hpproject/yolo/dataset/yolo/datasetm6c/images/val/0105.png,1,32-64,0.12941747903823853,iou,0.8503706455230713,0.0,0.0,0.8503706455230713,0.0,0.0,low_score,0,"171.00,83.00,210.00,139.00"
op3,val,/home/ubuntu/hpproject/yolo/dataset/yolo/datasetm6c/images/val/0143.png,0,>=64,0.7851950526237488,iou,0.5474389791488647,0.049759093672037125,0.049325037747621536,0.5474389791488647,0.049759093672037125,0.049325037747621536,regression_or_match_poor,0,"94.00,275.00,315.00,346.00"
op3,val,/home/ubuntu/hpproject/yolo/dataset/yolo/datasetm6c/images/val/0143.png,2,>=64,0.7851950526237488,iou,0.27756085991859436,0.02181287482380867,0.01599215343594551,0.27756085991859436,0.02181287482380867,0.01599215343594551,regression_or_match_poor,0,"108.00,194.00,308.00,263.00"
op3,val,/home/ubuntu/hpproject/yolo/dataset/yolo/datasetm6c/images/val/0144.png,0,32-64,0.036509908735752106,iou,0.6576640009880066,0.0,0.0,0.6576640009880066,0.0,0.0,low_score,0,"312.00,269.00,350.00,305.00"
op3,val,/home/ubuntu/hpproject/yolo/dataset/yolo/datasetm6c/images/val/0154.png,1,>=64,0.21500642597675323,iou,0.6669231653213501,0.0,0.0,0.6669231653213501,0.0,0.0,low_score,0,"202.00,136.00,309.00,188.00"
op3,val,/home/ubuntu/hpproject/yolo/dataset/yolo/datasetm6c/images/val/0177.png,0,>=64,0.6892662048339844,iou,0.2787076532840729,0.2787076532840729,0.27300602197647095,0.2787076532840729,0.2787076532840729,0.27300602197647095,regression_or_match_poor,0,"93.00,323.00,261.00,416.00"
op3,val,/home/ubuntu/hpproject/yolo/dataset/yolo/datasetm6c/images/val/0188.png,1,32-64,0.22542478144168854,iou,0.4554261267185211,0.0,0.0,0.4554261267185211,0.0,0.0,low_score,0,"293.00,111.00,340.00,184.00"
op3,val,/home/ubuntu/hpproject/yolo/dataset/yolo/datasetm6c/images/val/0221.png,0,<16,0.549394965171814,iou,0.0005903153796680272,0.00019503652583807707,0.00019503652583807707,0.0005903153796680272,0.00019503652583807707,0.00019503652583807707,regression_or_match_poor,0,"200.00,228.00,201.00,229.00"
op3,val,/home/ubuntu/hpproject/yolo/dataset/yolo/datasetm6c/images/val/0221.png,3,>=64,0.718290388584137,iou,0.6890168190002441,0.06771726161241531,0.06466392427682877,0.6890168190002441,0.06771726161241531,0.06466392427682877,regression_or_match_poor,0,"263.00,200.00,331.00,285.00"
op3,val,/home/ubuntu/hpproject/yolo/dataset/yolo/datasetm6c/images/val/0221.png,4,32-64,0.718290388584137,iou,0.7101532816886902,0.15037566423416138,0.13815540075302124,0.7101532816886902,0.15037566423416138,0.13815540075302124,regression_or_match_poor,0,"232.00,144.00,283.00,195.00"
op3,val,/home/ubuntu/hpproject/yolo/dataset/yolo/datasetm6c/images/val/0234.png,0,16-32,0.010179848410189152,iou,0.0001208581670653075,0.0,0.0,0.0001208581670653075,0.0,0.0,low_score,0,"212.04,221.24,272.37,247.89"
op3,val,/home/ubuntu/hpproject/yolo/dataset/yolo/datasetm6c/images/val/0234.png,1,16-32,0.0881851315498352,iou,0.5222591161727905,0.0,0.0,0.5222591161727905,0.0,0.0,low_score,0,"255.13,153.08,270.80,169.53"
op3,val,/home/ubuntu/hpproject/yolo/dataset/yolo/datasetm6c/images/val/0234.png,2,32-64,0.0,iou,0.0,0.0,0.0,0.0,0.0,0.0,no_response,0,"361.70,260.42,396.96,297.25"
op3,val,/home/ubuntu/hpproject/yolo/dataset/yolo/datasetm6c/images/val/0262.png,0,16-32,0.12001106142997742,iou,0.6528615355491638,0.0,0.0,0.6528615355491638,0.0,0.0,low_score,0,"309.00,219.00,345.00,249.00"
op3,val,/home/ubuntu/hpproject/yolo/dataset/yolo/datasetm6c/images/val/0262.png,2,32-64,0.12001106142997742,iou,0.2888526916503906,0.0,0.0,0.2888526916503906,0.0,0.0,low_score,0,"323.00,186.00,399.00,231.00"
op3,val,/home/ubuntu/hpproject/yolo/dataset/yolo/datasetm6c/images/val/0324.png,0,32-64,0.07023034244775772,iou,0.49555814266204834,0.0,0.0,0.49555814266204834,0.0,0.0,low_score,0,"216.00,230.00,251.00,269.00"
op3,val,/home/ubuntu/hpproject/yolo/dataset/yolo/datasetm6c/images/val/0349.png,0,16-32,0.012662702240049839,iou,0.0837986096739769,0.0,0.0,0.0837986096739769,0.0,0.0,low_score,0,"411.00,225.00,442.00,250.00"
op3,val,/home/ubuntu/hpproject/yolo/dataset/yolo/datasetm6c/images/val/0351.png,1,>=64,0.35655900835990906,iou,0.7009762525558472,0.013641659170389175,0.011976397596299648,0.7009762525558472,0.013641659170389175,0.011976397596299648,regression_or_match_poor,0,"175.00,126.00,304.00,252.00"
op3,val,/home/ubuntu/hpproject/yolo/dataset/yolo/datasetm6c/images/val/0359.png,2,32-64,0.11058084666728973,iou,0.1643170863389969,0.0,0.0,0.1643170863389969,0.0,0.0,low_score,0,"245.00,225.00,281.00,252.00"
op3,val,/home/ubuntu/hpproject/yolo/dataset/yolo/datasetm6c/images/val/0359.png,3,16-32,0.1539117693901062,iou,0.8878273367881775,0.0,0.0,0.8878273367881775,0.0,0.0,low_score,0,"367.00,178.00,390.00,207.00"
op3,val,/home/ubuntu/hpproject/yolo/dataset/yolo/datasetm6c/images/val/0363.png,1,16-32,0.08935027569532394,iou,0.6442970037460327,0.0,0.0,0.6442970037460327,0.0,0.0,low_score,0,"185.00,118.00,209.00,168.00"
op3,val,/home/ubuntu/hpproject/yolo/dataset/yolo/datasetm6c/images/val/0363.png,2,32-64,0.6492133736610413,iou,0.36328670382499695,0.019471971318125725,0.0016780747100710869,0.36328670382499695,0.019471971318125725,0.0016780747100710869,regression_or_match_poor,0,"264.00,90.00,290.00,117.00"
op3,val,/home/ubuntu/hpproject/yolo/dataset/yolo/datasetm6c/images/val/0371.png,2,16-32,0.6768856048583984,iou,0.5284062027931213,0.24549147486686707,0.23596645891666412,0.5284062027931213,0.24549147486686707,0.23596645891666412,regression_or_match_poor,0,"245.00,211.00,304.00,229.00"
op3,val,/home/ubuntu/hpproject/yolo/dataset/yolo/datasetm6c/images/val/0371.png,3,32-64,0.59489506483078,iou,0.6619953513145447,0.20167426764965057,0.18911707401275635,0.6619953513145447,0.20167426764965057,0.18911707401275635,regression_or_match_poor,0,"255.00,144.00,330.00,188.00"
op3,val,/home/ubuntu/hpproject/yolo/dataset/yolo/datasetm6c/images/val/0376.png,0,<16,0.0,iou,0.0,0.0,0.0,0.0,0.0,0.0,no_response,0,"423.00,339.00,436.00,384.00"
op3,val,/home/ubuntu/hpproject/yolo/dataset/yolo/datasetm6c/images/val/0376.png,1,16-32,0.0,iou,0.0,0.0,0.0,0.0,0.0,0.0,no_response,0,"456.00,174.00,473.00,212.00"
op3,val,/home/ubuntu/hpproject/yolo/dataset/yolo/datasetm6c/images/val/0376.png,3,16-32,0.11528684198856354,iou,0.7624426484107971,0.0,0.0,0.7624426484107971,0.0,0.0,low_score,0,"360.00,131.00,395.00,157.00"
op3,val,/home/ubuntu/hpproject/yolo/dataset/yolo/datasetm6c/images/val/0380.png,0,32-64,0.14313575625419617,iou,0.555583119392395,0.0,0.0,0.555583119392395,0.0,0.0,low_score,0,"330.00,350.00,376.00,383.00"
op3,val,/home/ubuntu/hpproject/yolo/dataset/yolo/datasetm6c/images/val/0380.png,1,32-64,0.014510280452668667,iou,0.11278406530618668,0.0,0.0,0.11278406530618668,0.0,0.0,low_score,0,"389.00,302.00,419.00,333.00"
op3,val,/home/ubuntu/hpproject/yolo/dataset/yolo/datasetm6c/images/val/0380.png,3,32-64,0.0,iou,0.0,0.0,0.0,0.0,0.0,0.0,no_response,0,"399.00,163.00,431.00,203.00"
op3,val,/home/ubuntu/hpproject/yolo/dataset/yolo/datasetm6c/images/val/0433.png,0,32-64,0.0,iou,0.0,0.0,0.0,0.0,0.0,0.0,no_response,0,"286.00,326.00,332.00,374.00"
op3,val,/home/ubuntu/hpproject/yolo/dataset/yolo/datasetm6c/images/val/0433.png,1,32-64,0.015321807935833931,iou,0.12713883817195892,0.0,0.0,0.12713883817195892,0.0,0.0,low_score,0,"357.00,289.00,391.00,333.00"
op3,val,/home/ubuntu/hpproject/yolo/dataset/yolo/datasetm6c/images/val/0433.png,2,>=64,0.015321807935833931,iou,0.6740899682044983,0.0,0.0,0.6740899682044983,0.0,0.0,low_score,0,"344.00,198.00,423.00,294.00"
op3,val,/home/ubuntu/hpproject/yolo/dataset/yolo/datasetm6c/images/val/0433.png,3,32-64,0.0,iou,0.0,0.0,0.0,0.0,0.0,0.0,no_response,0,"272.00,146.00,305.00,177.00"
op3,val,/home/ubuntu/hpproject/yolo/dataset/yolo/datasetm6c/images/val/0433.png,5,16-32,0.0,iou,0.0,0.0,0.0,0.0,0.0,0.0,no_response,0,"291.00,112.00,314.00,138.00"
op3,val,/home/ubuntu/hpproject/yolo/dataset/yolo/datasetm6c/images/val/0433.png,6,32-64,0.05025913938879967,iou,0.6635065674781799,0.0,0.0,0.6635065674781799,0.0,0.0,low_score,0,"232.00,84.00,269.00,119.00"
op3,test,/home/ubuntu/hpproject/yolo/dataset/yolo/datasetm6c/images/test/0127.png,1,32-64,0.6913124322891235,iou,0.18140587210655212,0.18140587210655212,0.18025311827659607,0.18140587210655212,0.18140587210655212,0.18025311827659607,regression_or_match_poor,0,"173.00,129.00,230.00,177.00"
op3,test,/home/ubuntu/hpproject/yolo/dataset/yolo/datasetm6c/images/test/0140.png,0,32-64,0.22903501987457275,iou,0.6156812906265259,0.0,0.0,0.6156812906265259,0.0,0.0,low_score,0,"324.00,143.00,355.00,183.00"
op3,test,/home/ubuntu/hpproject/yolo/dataset/yolo/datasetm6c/images/test/0149.png,1,32-64,0.6198592185974121,iou,0.006025702226907015,0.0005836962372995913,0.0001789484522305429,0.006025702226907015,0.0005836962372995913,0.0001789484522305429,regression_or_match_poor,0,"284.00,132.00,311.00,161.00"
op3,test,/home/ubuntu/hpproject/yolo/dataset/yolo/datasetm6c/images/test/0161.png,1,>=64,0.06887181848287582,iou,0.767299473285675,0.0,0.0,0.767299473285675,0.0,0.0,low_score,0,"150.00,88.00,208.00,150.00"
op3,test,/home/ubuntu/hpproject/yolo/dataset/yolo/datasetm6c/images/test/0193.png,1,32-64,0.8226208090782166,iou,0.13004249334335327,0.0582573302090168,0.0582573302090168,0.13004249334335327,0.0582573302090168,0.0582573302090168,regression_or_match_poor,0,"245.00,152.00,275.00,189.00"
op3,test,/home/ubuntu/hpproject/yolo/dataset/yolo/datasetm6c/images/test/0204.png,0,32-64,0.06603386998176575,iou,0.43459436297416687,0.0,0.0,0.43459436297416687,0.0,0.0,low_score,0,"246.00,149.00,288.00,207.00"
op3,test,/home/ubuntu/hpproject/yolo/dataset/yolo/datasetm6c/images/test/0213.png,0,32-64,0.2284160852432251,iou,0.7866630554199219,0.0,0.0,0.7866630554199219,0.0,0.0,low_score,0,"163.00,243.00,189.00,288.00"
op3,test,/home/ubuntu/hpproject/yolo/dataset/yolo/datasetm6c/images/test/0213.png,1,32-64,0.035516880452632904,iou,0.6547979116439819,0.0,0.0,0.6547979116439819,0.0,0.0,low_score,0,"119.00,230.00,154.00,290.00"
op3,test,/home/ubuntu/hpproject/yolo/dataset/yolo/datasetm6c/images/test/0218.png,0,>=64,0.803007185459137,iou,0.6979583501815796,0.26851731538772583,0.2570531368255615,0.6979583501815796,0.26851731538772583,0.2570531368255615,regression_or_match_poor,0,"183.00,130.00,260.00,178.00"
op3,test,/home/ubuntu/hpproject/yolo/dataset/yolo/datasetm6c/images/test/0232.png,1,32-64,0.0,iou,0.0,0.0,0.0,0.0,0.0,0.0,no_response,0,"391.47,235.35,422.03,316.05"
op3,test,/home/ubuntu/hpproject/yolo/dataset/yolo/datasetm6c/images/test/0241.png,0,32-64,0.10555718094110489,iou,0.1869649440050125,0.0,0.0,0.1869649440050125,0.0,0.0,low_score,0,"188.00,142.00,307.00,195.00"
op3,test,/home/ubuntu/hpproject/yolo/dataset/yolo/datasetm6c/images/test/0295.png,0,32-64,0.21528758108615875,iou,0.9291814565658569,0.0,0.0,0.9291814565658569,0.0,0.0,low_score,0,"303.00,134.00,358.00,175.00"
op3,test,/home/ubuntu/hpproject/yolo/dataset/yolo/datasetm6c/images/test/0299.png,0,32-64,0.013936012051999569,iou,0.8784143924713135,0.0,0.0,0.8784143924713135,0.0,0.0,low_score,0,"246.00,168.00,282.00,216.00"
op3,test,/home/ubuntu/hpproject/yolo/dataset/yolo/datasetm6c/images/test/0299.png,1,32-64,0.0,iou,0.0,0.0,0.0,0.0,0.0,0.0,no_response,0,"241.00,109.00,283.00,150.00"
op3,test,/home/ubuntu/hpproject/yolo/dataset/yolo/datasetm6c/images/test/0340.png,0,<16,0.11634700745344162,iou,0.4481707215309143,0.0,0.0,0.4481707215309143,0.0,0.0,low_score,0,"225.00,357.00,239.00,376.00"
op3,test,/home/ubuntu/hpproject/yolo/dataset/yolo/datasetm6c/images/test/0340.png,2,16-32,0.0,iou,0.0,0.0,0.0,0.0,0.0,0.0,no_response,0,"227.96,250.75,246.03,270.45"
op3,test,/home/ubuntu/hpproject/yolo/dataset/yolo/datasetm6c/images/test/0365.png,0,16-32,0.4911796748638153,iou,0.7307378649711609,0.27892300486564636,0.27453720569610596,0.7307378649711609,0.27892300486564636,0.27453720569610596,regression_or_match_poor,0,"191.00,152.00,225.00,175.00"
op3,test,/home/ubuntu/hpproject/yolo/dataset/yolo/datasetm6c/images/test/0374.png,1,32-64,0.19069024920463562,iou,0.861473798751831,0.0,0.0,0.861473798751831,0.0,0.0,low_score,0,"351.00,143.00,390.00,196.00"
op3,test,/home/ubuntu/hpproject/yolo/dataset/yolo/datasetm6c/images/test/0378.png,1,32-64,0.1352899670600891,iou,0.6452900171279907,0.0,0.0,0.6452900171279907,0.0,0.0,low_score,0,"263.00,327.00,313.00,359.00"
op3,test,/home/ubuntu/hpproject/yolo/dataset/yolo/datasetm6c/images/test/0407.png,0,16-32,0.050032470375299454,iou,0.018794259056448936,0.0,0.0,0.018794259056448936,0.0,0.0,low_score,0,"167.00,328.00,190.00,354.00"
op3,test,/home/ubuntu/hpproject/yolo/dataset/yolo/datasetm6c/images/test/0419.png,0,32-64,0.12759838998317719,iou,0.6779602766036987,0.0,0.0,0.6779602766036987,0.0,0.0,low_score,0,"139.42,142.89,183.31,203.62"
op3,test,/home/ubuntu/hpproject/yolo/dataset/yolo/datasetm6c/images/test/0419.png,1,32-64,0.18283137679100037,iou,0.32993125915527344,0.0,0.0,0.32993125915527344,0.0,0.0,low_score,0,"188.44,172.89,233.80,208.01"
op3,test,/home/ubuntu/hpproject/yolo/dataset/yolo/datasetm6c/images/test/0423.png,2,16-32,0.26895079016685486,iou,0.7729056477546692,0.12675811350345612,0.12675811350345612,0.7729056477546692,0.12675811350345612,0.12675811350345612,regression_or_match_poor,0,"95.00,275.00,116.00,302.00"
op3,test,/home/ubuntu/hpproject/yolo/dataset/yolo/datasetm6c/images/test/0423.png,5,32-64,0.667067289352417,iou,0.744193434715271,0.008126470260322094,0.004357399884611368,0.744193434715271,0.008126470260322094,0.004357399884611368,regression_or_match_poor,0,"228.00,97.00,263.00,123.00"
op3,test,/home/ubuntu/hpproject/yolo/dataset/yolo/datasetm6c/images/test/0426.png,0,16-32,0.13095128536224365,iou,0.8642937541007996,0.0,0.0,0.8642937541007996,0.0,0.0,low_score,0,"248.00,324.00,271.00,345.00"
op3,test,/home/ubuntu/hpproject/yolo/dataset/yolo/datasetm6c/images/test/0426.png,2,32-64,0.7711600661277771,iou,0.5992845892906189,0.23639898002147675,0.221212238073349,0.5992845892906189,0.23639898002147675,0.221212238073349,regression_or_match_poor,0,"190.00,260.00,237.00,295.00"
op3,test,/home/ubuntu/hpproject/yolo/dataset/yolo/datasetm6c/images/test/0426.png,4,32-64,0.08631303906440735,iou,0.5985682010650635,0.0,0.0,0.5985682010650635,0.0,0.0,low_score,0,"234.00,147.00,271.00,176.00"
op3,test,/home/ubuntu/hpproject/yolo/dataset/yolo/datasetm6c/images/test/0426.png,6,16-32,0.09046022593975067,iou,0.389349102973938,0.0,0.0,0.389349102973938,0.0,0.0,low_score,0,"214.00,126.00,235.00,159.00"
op3,test,/home/ubuntu/hpproject/yolo/dataset/yolo/datasetm6c/images/test/0426.png,7,32-64,0.189011350274086,iou,0.9265826344490051,0.0,0.0,0.9265826344490051,0.0,0.0,low_score,0,"281.00,122.00,312.00,158.00"
op3,test,/home/ubuntu/hpproject/yolo/dataset/yolo/datasetm6c/images/test/0426.png,8,32-64,0.189011350274086,iou,0.8567835688591003,0.0,0.0,0.8567835688591003,0.0,0.0,low_score,0,"248.00,108.00,285.00,138.00"
op3,test,/home/ubuntu/hpproject/yolo/dataset/yolo/datasetm6c/images/test/0426.png,9,32-64,0.1730482280254364,iou,0.4408547282218933,0.0,0.0,0.4408547282218933,0.0,0.0,low_score,0,"179.00,98.00,243.00,123.00"
op3,test,/home/ubuntu/hpproject/yolo/dataset/yolo/datasetm6c/images/test/0432.png,2,32-64,0.030522555112838745,iou,0.7695080041885376,0.0,0.0,0.7695080041885376,0.0,0.0,low_score,0,"385.00,143.00,414.00,197.00"
op3,test,/home/ubuntu/hpproject/yolo/dataset/yolo/datasetm6c/images/test/0432.png,4,16-32,0.03271865472197533,iou,0.41865965723991394,0.0,0.0,0.41865965723991394,0.0,0.0,low_score,0,"340.00,102.00,364.00,133.00"
op3,test,/home/ubuntu/hpproject/yolo/dataset/yolo/datasetm6c/images/test/0436.png,0,32-64,0.0,iou,0.0,0.0,0.0,0.0,0.0,0.0,no_response,0,"135.00,286.00,174.00,328.00"
op3,test,/home/ubuntu/hpproject/yolo/dataset/yolo/datasetm6c/images/test/0450.png,0,32-64,0.5475826859474182,iou,0.6490426063537598,0.2013636827468872,0.19703997671604156,0.6490426063537598,0.2013636827468872,0.19703997671604156,regression_or_match_poor,0,"154.00,156.00,204.00,193.00"
op3,test,/home/ubuntu/hpproject/yolo/dataset/yolo/datasetm6c/images/test/0450.png,1,32-64,0.0,iou,0.0,0.0,0.0,0.0,0.0,0.0,no_response,0,"207.00,119.00,282.00,154.00"
