model_name,split,image_path,pred_idx,fp_kind,fp_type,conf,cls,box_xyxy,rule_info
bsd,val,/home/ubuntu/hpproject/yolo/dataset/yolo/datasetm6c/images/val/0007.png,1,background_fp,texture_boundary,0.4986283481121063,0,"124.09,165.47,169.63,212.02","{""bright_ratio"": 0.0, ""grad_ratio"": 0.10009057971014493, ""near_edge"": 0.0, ""white_thresh"": 250.0, ""grad_percentile"": 90.0}"
bsd,val,/home/ubuntu/hpproject/yolo/dataset/yolo/datasetm6c/images/val/0021.png,0,pred_dup,texture_boundary,0.359843909740448,0,"183.54,91.65,261.55,156.69","{""bright_ratio"": 0.00019179133103183735, ""grad_ratio"": 0.10069044879171461, ""near_edge"": 0.0, ""white_thresh"": 250.0, ""grad_percentile"": 90.0}"
bsd,val,/home/ubuntu/hpproject/yolo/dataset/yolo/datasetm6c/images/val/0030.png,0,background_fp,texture_boundary,0.4152880609035492,0,"302.58,212.45,369.71,269.11","{""bright_ratio"": 0.005324543610547667, ""grad_ratio"": 0.10015212981744422, ""near_edge"": 0.0, ""white_thresh"": 250.0, ""grad_percentile"": 90.0}"
bsd,val,/home/ubuntu/hpproject/yolo/dataset/yolo/datasetm6c/images/val/0030.png,1,background_fp,texture_boundary,0.33277779817581177,0,"260.47,184.78,334.03,276.08","{""bright_ratio"": 0.0, ""grad_ratio"": 0.10007168458781363, ""near_edge"": 0.0, ""white_thresh"": 250.0, ""grad_percentile"": 90.0}"
bsd,val,/home/ubuntu/hpproject/yolo/dataset/yolo/datasetm6c/images/val/0051.png,0,background_fp,texture_boundary,0.43612292408943176,0,"170.57,83.29,238.78,140.26","{""bright_ratio"": 0.0007496251874062968, ""grad_ratio"": 0.10094952523738131, ""near_edge"": 0.0, ""white_thresh"": 250.0, ""grad_percentile"": 90.0}"
bsd,val,/home/ubuntu/hpproject/yolo/dataset/yolo/datasetm6c/images/val/0051.png,3,background_fp,texture_boundary,0.2548586130142212,0,"177.33,83.45,238.41,123.82","{""bright_ratio"": 0.0011801730920535012, ""grad_ratio"": 0.1007081038552321, ""near_edge"": 0.0, ""white_thresh"": 250.0, ""grad_percentile"": 90.0}"
bsd,val,/home/ubuntu/hpproject/yolo/dataset/yolo/datasetm6c/images/val/0055.png,0,background_fp,highlight,0.36236846446990967,0,"113.86,55.40,216.07,236.83","{""bright_ratio"": 0.07127007607776839, ""grad_ratio"": 0.10022189349112426, ""near_edge"": 0.0, ""white_thresh"": 250.0, ""grad_percentile"": 90.0}"
bsd,val,/home/ubuntu/hpproject/yolo/dataset/yolo/datasetm6c/images/val/0061.png,0,background_fp,texture_boundary,0.6486415266990662,0,"293.58,137.08,355.49,218.26","{""bright_ratio"": 0.0, ""grad_ratio"": 0.10007742934572203, ""near_edge"": 0.0, ""white_thresh"": 250.0, ""grad_percentile"": 90.0}"
bsd,val,/home/ubuntu/hpproject/yolo/dataset/yolo/datasetm6c/images/val/0061.png,1,pred_dup,texture_boundary,0.5267543196678162,0,"297.37,136.89,341.84,174.35","{""bright_ratio"": 0.0, ""grad_ratio"": 0.10028490028490028, ""near_edge"": 0.0, ""white_thresh"": 250.0, ""grad_percentile"": 90.0}"
bsd,val,/home/ubuntu/hpproject/yolo/dataset/yolo/datasetm6c/images/val/0061.png,3,background_fp,texture_boundary,0.3273719251155853,0,"303.30,179.54,349.14,217.72","{""bright_ratio"": 0.0, ""grad_ratio"": 0.10038188761593017, ""near_edge"": 0.0, ""white_thresh"": 250.0, ""grad_percentile"": 90.0}"
bsd,val,/home/ubuntu/hpproject/yolo/dataset/yolo/datasetm6c/images/val/0061.png,4,background_fp,highlight,0.3030138909816742,0,"224.76,87.71,261.25,121.78","{""bright_ratio"": 0.24586466165413534, ""grad_ratio"": 0.1, ""near_edge"": 0.0, ""white_thresh"": 250.0, ""grad_percentile"": 90.0}"
bsd,val,/home/ubuntu/hpproject/yolo/dataset/yolo/datasetm6c/images/val/0061.png,5,background_fp,texture_boundary,0.29532375931739807,0,"261.03,136.60,355.26,220.33","{""bright_ratio"": 0.0, ""grad_ratio"": 0.10006191950464396, ""near_edge"": 0.0, ""white_thresh"": 250.0, ""grad_percentile"": 90.0}"
bsd,val,/home/ubuntu/hpproject/yolo/dataset/yolo/datasetm6c/images/val/0069.png,0,background_fp,texture_boundary,0.4192529320716858,0,"175.65,283.13,292.52,340.64","{""bright_ratio"": 0.0, ""grad_ratio"": 0.10023378141437755, ""near_edge"": 0.0, ""white_thresh"": 250.0, ""grad_percentile"": 90.0}"
bsd,val,/home/ubuntu/hpproject/yolo/dataset/yolo/datasetm6c/images/val/0072.png,1,background_fp,texture_boundary,0.3201218247413635,0,"211.82,149.18,256.14,188.70","{""bright_ratio"": 0.0, ""grad_ratio"": 0.10217391304347827, ""near_edge"": 0.0, ""white_thresh"": 250.0, ""grad_percentile"": 90.0}"
bsd,val,/home/ubuntu/hpproject/yolo/dataset/yolo/datasetm6c/images/val/0084.png,0,pred_dup,highlight,0.5078033208847046,0,"253.37,126.25,289.03,152.56","{""bright_ratio"": 0.37237237237237236, ""grad_ratio"": 0.1001001001001001, ""near_edge"": 0.0, ""white_thresh"": 250.0, ""grad_percentile"": 90.0}"
bsd,val,/home/ubuntu/hpproject/yolo/dataset/yolo/datasetm6c/images/val/0084.png,2,background_fp,texture_boundary,0.3302736282348633,0,"146.81,135.08,250.62,176.19","{""bright_ratio"": 0.0, ""grad_ratio"": 0.1, ""near_edge"": 0.0, ""white_thresh"": 250.0, ""grad_percentile"": 90.0}"
bsd,val,/home/ubuntu/hpproject/yolo/dataset/yolo/datasetm6c/images/val/0094.png,2,background_fp,texture_boundary,0.2758651673793793,0,"330.58,214.36,406.68,276.14","{""bright_ratio"": 0.0, ""grad_ratio"": 0.10018552875695733, ""near_edge"": 0.0, ""white_thresh"": 250.0, ""grad_percentile"": 90.0}"
bsd,val,/home/ubuntu/hpproject/yolo/dataset/yolo/datasetm6c/images/val/0105.png,1,pred_dup,texture_boundary,0.2956092655658722,0,"177.41,86.17,244.39,140.48","{""bright_ratio"": 0.037700534759358285, ""grad_ratio"": 0.10053475935828877, ""near_edge"": 0.0, ""white_thresh"": 250.0, ""grad_percentile"": 90.0}"
bsd,val,/home/ubuntu/hpproject/yolo/dataset/yolo/datasetm6c/images/val/0124.png,1,background_fp,highlight,0.423667848110199,0,"341.56,80.69,381.49,117.41","{""bright_ratio"": 0.19383825417201542, ""grad_ratio"": 0.10012836970474968, ""near_edge"": 0.0, ""white_thresh"": 250.0, ""grad_percentile"": 90.0}"
bsd,val,/home/ubuntu/hpproject/yolo/dataset/yolo/datasetm6c/images/val/0143.png,1,background_fp,texture_boundary,0.3216087520122528,0,"250.59,177.24,321.06,237.29","{""bright_ratio"": 0.0, ""grad_ratio"": 0.10018214936247723, ""near_edge"": 0.0, ""white_thresh"": 250.0, ""grad_percentile"": 90.0}"
bsd,val,/home/ubuntu/hpproject/yolo/dataset/yolo/datasetm6c/images/val/0172.png,1,background_fp,texture_boundary,0.3956688344478607,0,"270.58,106.25,347.77,204.66","{""bright_ratio"": 0.016964516964516965, ""grad_ratio"": 0.10036260036260036, ""near_edge"": 0.0, ""white_thresh"": 250.0, ""grad_percentile"": 90.0}"
bsd,val,/home/ubuntu/hpproject/yolo/dataset/yolo/datasetm6c/images/val/0177.png,0,background_fp,highlight,0.7370715737342834,0,"167.77,360.03,259.01,411.39","{""bright_ratio"": 0.08746898263027296, ""grad_ratio"": 0.10028949545078578, ""near_edge"": 0.0, ""white_thresh"": 250.0, ""grad_percentile"": 90.0}"
bsd,val,/home/ubuntu/hpproject/yolo/dataset/yolo/datasetm6c/images/val/0177.png,2,pred_dup,highlight,0.26866286993026733,0,"187.37,86.20,288.16,202.88","{""bright_ratio"": 0.16096866096866097, ""grad_ratio"": 0.10055304172951232, ""near_edge"": 0.0, ""white_thresh"": 250.0, ""grad_percentile"": 90.0}"
bsd,val,/home/ubuntu/hpproject/yolo/dataset/yolo/datasetm6c/images/val/0179.png,1,background_fp,texture_boundary,0.462185263633728,0,"348.26,391.66,399.92,440.89","{""bright_ratio"": 0.0, ""grad_ratio"": 0.1, ""near_edge"": 0.0, ""white_thresh"": 250.0, ""grad_percentile"": 90.0}"
bsd,val,/home/ubuntu/hpproject/yolo/dataset/yolo/datasetm6c/images/val/0179.png,2,background_fp,texture_boundary,0.4584604799747467,0,"340.24,305.31,389.86,362.38","{""bright_ratio"": 0.001379310344827586, ""grad_ratio"": 0.1, ""near_edge"": 0.0, ""white_thresh"": 250.0, ""grad_percentile"": 90.0}"
bsd,val,/home/ubuntu/hpproject/yolo/dataset/yolo/datasetm6c/images/val/0221.png,1,background_fp,highlight,0.28698036074638367,0,"121.51,126.80,337.73,260.90","{""bright_ratio"": 0.1451442225635774, ""grad_ratio"": 0.10005120327700973, ""near_edge"": 0.0, ""white_thresh"": 250.0, ""grad_percentile"": 90.0}"
bsd,val,/home/ubuntu/hpproject/yolo/dataset/yolo/datasetm6c/images/val/0224.png,1,pred_dup,highlight,0.6054208874702454,0,"170.99,60.04,373.66,207.11","{""bright_ratio"": 0.23115394806571277, ""grad_ratio"": 0.1004570747217806, ""near_edge"": 0.0, ""white_thresh"": 250.0, ""grad_percentile"": 90.0}"
bsd,val,/home/ubuntu/hpproject/yolo/dataset/yolo/datasetm6c/images/val/0234.png,0,background_fp,texture_boundary,0.3379007577896118,0,"175.27,152.89,203.14,168.52","{""bright_ratio"": 0.0, ""grad_ratio"": 0.10141987829614604, ""near_edge"": 0.0, ""white_thresh"": 250.0, ""grad_percentile"": 90.0}"
bsd,val,/home/ubuntu/hpproject/yolo/dataset/yolo/datasetm6c/images/val/0274.png,0,background_fp,highlight,0.33915793895721436,0,"188.32,142.14,218.71,184.38","{""bright_ratio"": 0.35933983495873967, ""grad_ratio"": 0.1005251312828207, ""near_edge"": 0.0, ""white_thresh"": 250.0, ""grad_percentile"": 90.0}"
bsd,val,/home/ubuntu/hpproject/yolo/dataset/yolo/datasetm6c/images/val/0289.png,0,background_fp,highlight,0.3286651372909546,0,"161.16,120.83,215.88,182.59","{""bright_ratio"": 0.2776334776334776, ""grad_ratio"": 0.10014430014430015, ""near_edge"": 0.0, ""white_thresh"": 250.0, ""grad_percentile"": 90.0}"
bsd,val,/home/ubuntu/hpproject/yolo/dataset/yolo/datasetm6c/images/val/0359.png,0,background_fp,highlight,0.2941538095474243,0,"166.30,72.81,202.87,98.16","{""bright_ratio"": 0.25725725725725723, ""grad_ratio"": 0.1001001001001001, ""near_edge"": 0.0, ""white_thresh"": 250.0, ""grad_percentile"": 90.0}"
bsd,val,/home/ubuntu/hpproject/yolo/dataset/yolo/datasetm6c/images/val/0363.png,1,background_fp,highlight,0.4361097812652588,0,"69.37,231.80,128.13,285.22","{""bright_ratio"": 0.05242424242424242, ""grad_ratio"": 0.1003030303030303, ""near_edge"": 0.0, ""white_thresh"": 250.0, ""grad_percentile"": 90.0}"
bsd,val,/home/ubuntu/hpproject/yolo/dataset/yolo/datasetm6c/images/val/0363.png,2,background_fp,texture_boundary,0.3376174867153168,0,"195.16,207.10,233.61,252.14","{""bright_ratio"": 0.0, ""grad_ratio"": 0.10033444816053512, ""near_edge"": 0.0, ""white_thresh"": 250.0, ""grad_percentile"": 90.0}"
bsd,val,/home/ubuntu/hpproject/yolo/dataset/yolo/datasetm6c/images/val/0371.png,2,background_fp,texture_boundary,0.5740458369255066,0,"246.75,410.41,271.38,429.03","{""bright_ratio"": 0.0, ""grad_ratio"": 0.1, ""near_edge"": 0.0, ""white_thresh"": 250.0, ""grad_percentile"": 90.0}"
bsd,val,/home/ubuntu/hpproject/yolo/dataset/yolo/datasetm6c/images/val/0371.png,3,background_fp,highlight,0.5182424783706665,0,"288.34,415.86,318.80,460.67","{""bright_ratio"": 0.3246844319775596, ""grad_ratio"": 0.1002805049088359, ""near_edge"": 0.0, ""white_thresh"": 250.0, ""grad_percentile"": 90.0}"
bsd,val,/home/ubuntu/hpproject/yolo/dataset/yolo/datasetm6c/images/val/0371.png,4,background_fp,texture_boundary,0.49054190516471863,0,"253.78,209.88,350.23,263.84","{""bright_ratio"": 0.0, ""grad_ratio"": 0.10037105751391466, ""near_edge"": 0.0, ""white_thresh"": 250.0, ""grad_percentile"": 90.0}"
bsd,val,/home/ubuntu/hpproject/yolo/dataset/yolo/datasetm6c/images/val/0403.png,1,background_fp,highlight,0.3097025752067566,0,"211.15,74.14,262.57,101.12","{""bright_ratio"": 0.25824175824175827, ""grad_ratio"": 0.10027472527472528, ""near_edge"": 0.0, ""white_thresh"": 250.0, ""grad_percentile"": 90.0}"
bsd,val,/home/ubuntu/hpproject/yolo/dataset/yolo/datasetm6c/images/val/0428.png,0,background_fp,texture_boundary,0.25104814767837524,0,"347.05,374.35,360.39,393.36","{""bright_ratio"": 0.025, ""grad_ratio"": 0.1, ""near_edge"": 0.0, ""white_thresh"": 250.0, ""grad_percentile"": 90.0}"
bsd,test,/home/ubuntu/hpproject/yolo/dataset/yolo/datasetm6c/images/test/0039.png,0,background_fp,texture_boundary,0.3380850553512573,0,"139.11,61.50,171.55,97.11","{""bright_ratio"": 0.0, ""grad_ratio"": 0.10073710073710074, ""near_edge"": 0.0, ""white_thresh"": 250.0, ""grad_percentile"": 90.0}"
bsd,test,/home/ubuntu/hpproject/yolo/dataset/yolo/datasetm6c/images/test/0049.png,0,background_fp,texture_boundary,0.29232385754585266,0,"174.48,100.60,207.56,132.51","{""bright_ratio"": 0.0, ""grad_ratio"": 0.10071301247771836, ""near_edge"": 0.0, ""white_thresh"": 250.0, ""grad_percentile"": 90.0}"
bsd,test,/home/ubuntu/hpproject/yolo/dataset/yolo/datasetm6c/images/test/0071.png,0,background_fp,texture_boundary,0.4835418164730072,0,"183.69,100.68,207.43,144.60","{""bright_ratio"": 0.0, ""grad_ratio"": 0.10133333333333333, ""near_edge"": 0.0, ""white_thresh"": 250.0, ""grad_percentile"": 90.0}"
bsd,test,/home/ubuntu/hpproject/yolo/dataset/yolo/datasetm6c/images/test/0071.png,1,background_fp,texture_boundary,0.26011359691619873,0,"181.59,101.14,220.25,147.86","{""bright_ratio"": 0.0, ""grad_ratio"": 0.10053191489361703, ""near_edge"": 0.0, ""white_thresh"": 250.0, ""grad_percentile"": 90.0}"
bsd,test,/home/ubuntu/hpproject/yolo/dataset/yolo/datasetm6c/images/test/0071.png,2,background_fp,texture_boundary,0.2560117244720459,0,"131.35,381.10,193.71,425.75","{""bright_ratio"": 0.0, ""grad_ratio"": 0.1001763668430335, ""near_edge"": 0.0, ""white_thresh"": 250.0, ""grad_percentile"": 90.0}"
bsd,test,/home/ubuntu/hpproject/yolo/dataset/yolo/datasetm6c/images/test/0139.png,1,pred_dup,highlight,0.6423352956771851,0,"206.48,83.54,367.80,226.25","{""bright_ratio"": 0.08341906721536352, ""grad_ratio"": 0.10009430727023319, ""near_edge"": 0.0, ""white_thresh"": 250.0, ""grad_percentile"": 90.0}"
bsd,test,/home/ubuntu/hpproject/yolo/dataset/yolo/datasetm6c/images/test/0149.png,0,background_fp,texture_boundary,0.42457497119903564,0,"253.57,90.73,273.21,119.00","{""bright_ratio"": 0.0016420361247947454, ""grad_ratio"": 0.10016420361247948, ""near_edge"": 0.0, ""white_thresh"": 250.0, ""grad_percentile"": 90.0}"
bsd,test,/home/ubuntu/hpproject/yolo/dataset/yolo/datasetm6c/images/test/0161.png,1,background_fp,texture_boundary,0.5858882069587708,0,"268.03,234.56,302.15,267.63","{""bright_ratio"": 0.0, ""grad_ratio"": 0.10084033613445378, ""near_edge"": 0.0, ""white_thresh"": 250.0, ""grad_percentile"": 90.0}"
bsd,test,/home/ubuntu/hpproject/yolo/dataset/yolo/datasetm6c/images/test/0173.png,1,pred_dup,highlight,0.55923992395401,0,"268.87,104.28,296.59,145.87","{""bright_ratio"": 0.2077175697865353, ""grad_ratio"": 0.10016420361247948, ""near_edge"": 0.0, ""white_thresh"": 250.0, ""grad_percentile"": 90.0}"
bsd,test,/home/ubuntu/hpproject/yolo/dataset/yolo/datasetm6c/images/test/0174.png,0,background_fp,texture_boundary,0.4258209466934204,0,"232.74,153.91,281.96,204.91","{""bright_ratio"": 0.0, ""grad_ratio"": 0.1, ""near_edge"": 0.0, ""white_thresh"": 250.0, ""grad_percentile"": 90.0}"
bsd,test,/home/ubuntu/hpproject/yolo/dataset/yolo/datasetm6c/images/test/0186.png,1,background_fp,texture_boundary,0.29163864254951477,0,"390.22,328.30,419.69,356.03","{""bright_ratio"": 0.0, ""grad_ratio"": 0.1, ""near_edge"": 0.0, ""white_thresh"": 250.0, ""grad_percentile"": 90.0}"
bsd,test,/home/ubuntu/hpproject/yolo/dataset/yolo/datasetm6c/images/test/0204.png,1,pred_dup,highlight,0.4374251961708069,0,"311.60,65.31,382.67,141.42","{""bright_ratio"": 0.2741702741702742, ""grad_ratio"": 0.1001082251082251, ""near_edge"": 0.0, ""white_thresh"": 250.0, ""grad_percentile"": 90.0}"
bsd,test,/home/ubuntu/hpproject/yolo/dataset/yolo/datasetm6c/images/test/0218.png,1,pred_dup,texture_boundary,0.5598716139793396,0,"137.22,93.48,282.03,160.66","{""bright_ratio"": 0.03726833199033038, ""grad_ratio"": 0.1000201450443191, ""near_edge"": 0.0, ""white_thresh"": 250.0, ""grad_percentile"": 90.0}"
bsd,test,/home/ubuntu/hpproject/yolo/dataset/yolo/datasetm6c/images/test/0218.png,2,pred_dup,highlight,0.5553756356239319,0,"129.79,93.40,280.80,139.39","{""bright_ratio"": 0.0662094064949608, ""grad_ratio"": 0.10036394176931691, ""near_edge"": 0.0, ""white_thresh"": 250.0, ""grad_percentile"": 90.0}"
bsd,test,/home/ubuntu/hpproject/yolo/dataset/yolo/datasetm6c/images/test/0232.png,0,pred_dup,texture_boundary,0.7029978632926941,0,"376.91,153.68,399.01,188.27","{""bright_ratio"": 0.0, ""grad_ratio"": 0.10069444444444445, ""near_edge"": 0.0, ""white_thresh"": 250.0, ""grad_percentile"": 90.0}"
bsd,test,/home/ubuntu/hpproject/yolo/dataset/yolo/datasetm6c/images/test/0232.png,2,background_fp,texture_boundary,0.2614925801753998,0,"254.10,137.70,334.08,231.46","{""bright_ratio"": 0.0, ""grad_ratio"": 0.10188434048083171, ""near_edge"": 0.0, ""white_thresh"": 250.0, ""grad_percentile"": 90.0}"
bsd,test,/home/ubuntu/hpproject/yolo/dataset/yolo/datasetm6c/images/test/0259.png,1,pred_dup,texture_boundary,0.39967456459999084,0,"245.01,135.92,310.97,193.16","{""bright_ratio"": 0.0030816640986132513, ""grad_ratio"": 0.10015408320493066, ""near_edge"": 0.0, ""white_thresh"": 250.0, ""grad_percentile"": 90.0}"
bsd,test,/home/ubuntu/hpproject/yolo/dataset/yolo/datasetm6c/images/test/0275.png,0,background_fp,highlight,0.3925730586051941,0,"214.69,71.24,347.15,166.00","{""bright_ratio"": 0.09134017412935323, ""grad_ratio"": 0.10043532338308457, ""near_edge"": 0.0, ""white_thresh"": 250.0, ""grad_percentile"": 90.0}"
bsd,test,/home/ubuntu/hpproject/yolo/dataset/yolo/datasetm6c/images/test/0278.png,0,background_fp,texture_boundary,0.581699013710022,0,"206.76,131.08,349.72,208.54","{""bright_ratio"": 0.036146723646723646, ""grad_ratio"": 0.10033831908831908, ""near_edge"": 0.0, ""white_thresh"": 250.0, ""grad_percentile"": 90.0}"
bsd,test,/home/ubuntu/hpproject/yolo/dataset/yolo/datasetm6c/images/test/0295.png,0,background_fp,texture_boundary,0.599843442440033,0,"256.12,177.11,306.77,269.12","{""bright_ratio"": 0.0, ""grad_ratio"": 0.1003584229390681, ""near_edge"": 0.0, ""white_thresh"": 250.0, ""grad_percentile"": 90.0}"
bsd,test,/home/ubuntu/hpproject/yolo/dataset/yolo/datasetm6c/images/test/0295.png,1,pred_dup,texture_boundary,0.26963096857070923,0,"312.54,140.94,343.30,173.53","{""bright_ratio"": 0.0, ""grad_ratio"": 0.10018382352941177, ""near_edge"": 0.0, ""white_thresh"": 250.0, ""grad_percentile"": 90.0}"
bsd,test,/home/ubuntu/hpproject/yolo/dataset/yolo/datasetm6c/images/test/0344.png,1,background_fp,texture_boundary,0.46306225657463074,0,"298.32,119.61,364.69,196.16","{""bright_ratio"": 0.0, ""grad_ratio"": 0.10026789131266743, ""near_edge"": 0.0, ""white_thresh"": 250.0, ""grad_percentile"": 90.0}"
bsd,test,/home/ubuntu/hpproject/yolo/dataset/yolo/datasetm6c/images/test/0365.png,1,pred_dup,highlight,0.3465439975261688,0,"149.16,74.16,273.25,178.77","{""bright_ratio"": 0.16137142857142858, ""grad_ratio"": 0.10011428571428571, ""near_edge"": 0.0, ""white_thresh"": 250.0, ""grad_percentile"": 90.0}"
bsd,test,/home/ubuntu/hpproject/yolo/dataset/yolo/datasetm6c/images/test/0374.png,0,background_fp,texture_boundary,0.36362284421920776,0,"288.81,137.32,391.93,230.26","{""bright_ratio"": 0.03938216039279869, ""grad_ratio"": 0.10014320785597382, ""near_edge"": 0.0, ""white_thresh"": 250.0, ""grad_percentile"": 90.0}"
bsd,test,/home/ubuntu/hpproject/yolo/dataset/yolo/datasetm6c/images/test/0378.png,1,background_fp,texture_boundary,0.7464281916618347,0,"356.14,318.60,381.48,343.06","{""bright_ratio"": 0.0, ""grad_ratio"": 0.10059171597633136, ""near_edge"": 0.0, ""white_thresh"": 250.0, ""grad_percentile"": 90.0}"
bsd,test,/home/ubuntu/hpproject/yolo/dataset/yolo/datasetm6c/images/test/0378.png,3,background_fp,texture_boundary,0.4240318238735199,0,"273.74,214.90,315.79,256.25","{""bright_ratio"": 0.0, ""grad_ratio"": 0.10005408328826393, ""near_edge"": 0.0, ""white_thresh"": 250.0, ""grad_percentile"": 90.0}"
bsd,test,/home/ubuntu/hpproject/yolo/dataset/yolo/datasetm6c/images/test/0413.png,0,background_fp,texture_boundary,0.9082821607589722,0,"338.42,241.03,388.70,302.73","{""bright_ratio"": 0.0, ""grad_ratio"": 0.10025300442757748, ""near_edge"": 0.0, ""white_thresh"": 250.0, ""grad_percentile"": 90.0}"
bsd,test,/home/ubuntu/hpproject/yolo/dataset/yolo/datasetm6c/images/test/0415.png,0,background_fp,highlight,0.5598839521408081,0,"246.72,94.79,282.55,117.61","{""bright_ratio"": 0.07545045045045046, ""grad_ratio"": 0.10022522522522523, ""near_edge"": 0.0, ""white_thresh"": 250.0, ""grad_percentile"": 90.0}"
bsd,test,/home/ubuntu/hpproject/yolo/dataset/yolo/datasetm6c/images/test/0415.png,1,background_fp,texture_boundary,0.5350724458694458,0,"206.11,212.40,234.19,240.99","{""bright_ratio"": 0.0, ""grad_ratio"": 0.10107015457788347, ""near_edge"": 0.0, ""white_thresh"": 250.0, ""grad_percentile"": 90.0}"
bsd,test,/home/ubuntu/hpproject/yolo/dataset/yolo/datasetm6c/images/test/0415.png,2,background_fp,highlight,0.30335310101509094,0,"245.50,93.29,291.60,133.34","{""bright_ratio"": 0.08770108977685522, ""grad_ratio"": 0.10015568240788791, ""near_edge"": 0.0, ""white_thresh"": 250.0, ""grad_percentile"": 90.0}"
bsd,test,/home/ubuntu/hpproject/yolo/dataset/yolo/datasetm6c/images/test/0419.png,0,background_fp,texture_boundary,0.3285849094390869,0,"209.88,186.81,243.10,216.75","{""bright_ratio"": 0.0, ""grad_ratio"": 0.10230414746543778, ""near_edge"": 0.0, ""white_thresh"": 250.0, ""grad_percentile"": 90.0}"
bsd,test,/home/ubuntu/hpproject/yolo/dataset/yolo/datasetm6c/images/test/0423.png,1,background_fp,texture_boundary,0.3450127840042114,0,"174.56,320.36,230.10,372.33","{""bright_ratio"": 0.0, ""grad_ratio"": 0.1002979145978153, ""near_edge"": 0.0, ""white_thresh"": 250.0, ""grad_percentile"": 90.0}"
bsd,test,/home/ubuntu/hpproject/yolo/dataset/yolo/datasetm6c/images/test/0426.png,0,background_fp,texture_boundary,0.7236568927764893,0,"198.44,248.32,285.33,315.20","{""bright_ratio"": 0.0, ""grad_ratio"": 0.10010026737967914, ""near_edge"": 0.0, ""white_thresh"": 250.0, ""grad_percentile"": 90.0}"
bsd,test,/home/ubuntu/hpproject/yolo/dataset/yolo/datasetm6c/images/test/0426.png,1,pred_dup,texture_boundary,0.6370514631271362,0,"198.63,268.45,284.20,314.51","{""bright_ratio"": 0.0, ""grad_ratio"": 0.1000244558571778, ""near_edge"": 0.0, ""white_thresh"": 250.0, ""grad_percentile"": 90.0}"
baseline,val,/home/ubuntu/hpproject/yolo/dataset/yolo/datasetm6c/images/val/0007.png,1,background_fp,texture_boundary,0.4092990756034851,0,"129.47,169.06,169.53,211.20","{""bright_ratio"": 0.0, ""grad_ratio"": 0.10039705048213272, ""near_edge"": 0.0, ""white_thresh"": 250.0, ""grad_percentile"": 90.0}"
baseline,val,/home/ubuntu/hpproject/yolo/dataset/yolo/datasetm6c/images/val/0030.png,1,background_fp,texture_boundary,0.3680838644504547,0,"331.55,213.57,368.61,270.30","{""bright_ratio"": 0.004990925589836661, ""grad_ratio"": 0.10027223230490018, ""near_edge"": 0.0, ""white_thresh"": 250.0, ""grad_percentile"": 90.0}"
baseline,val,/home/ubuntu/hpproject/yolo/dataset/yolo/datasetm6c/images/val/0055.png,0,background_fp,highlight,0.9165963530540466,0,"102.88,62.19,215.09,204.57","{""bright_ratio"": 0.1071647650595019, ""grad_ratio"": 0.10011041589988959, ""near_edge"": 0.0, ""white_thresh"": 250.0, ""grad_percentile"": 90.0}"
baseline,val,/home/ubuntu/hpproject/yolo/dataset/yolo/datasetm6c/images/val/0066.png,2,pred_dup,texture_boundary,0.2733207941055298,0,"253.93,121.47,280.75,160.38","{""bright_ratio"": 0.0, ""grad_ratio"": 0.1, ""near_edge"": 0.0, ""white_thresh"": 250.0, ""grad_percentile"": 90.0}"
baseline,val,/home/ubuntu/hpproject/yolo/dataset/yolo/datasetm6c/images/val/0069.png,1,background_fp,texture_boundary,0.2942945659160614,0,"174.02,280.42,292.68,335.68","{""bright_ratio"": 0.0, ""grad_ratio"": 0.10024009603841537, ""near_edge"": 0.0, ""white_thresh"": 250.0, ""grad_percentile"": 90.0}"
baseline,val,/home/ubuntu/hpproject/yolo/dataset/yolo/datasetm6c/images/val/0094.png,1,background_fp,highlight,0.42961233854293823,0,"317.68,174.10,482.72,279.00","{""bright_ratio"": 0.1526483291657195, ""grad_ratio"": 0.10007956353716754, ""near_edge"": 0.0, ""white_thresh"": 250.0, ""grad_percentile"": 90.0}"
baseline,val,/home/ubuntu/hpproject/yolo/dataset/yolo/datasetm6c/images/val/0103.png,0,background_fp,texture_boundary,0.7795329689979553,0,"197.02,236.91,293.02,275.81","{""bright_ratio"": 0.0, ""grad_ratio"": 0.1, ""near_edge"": 0.0, ""white_thresh"": 250.0, ""grad_percentile"": 90.0}"
baseline,val,/home/ubuntu/hpproject/yolo/dataset/yolo/datasetm6c/images/val/0124.png,1,background_fp,highlight,0.5586832761764526,0,"326.56,81.11,417.19,120.38","{""bright_ratio"": 0.34130434782608693, ""grad_ratio"": 0.1, ""near_edge"": 0.0, ""white_thresh"": 250.0, ""grad_percentile"": 90.0}"
baseline,val,/home/ubuntu/hpproject/yolo/dataset/yolo/datasetm6c/images/val/0136.png,1,pred_dup,highlight,0.46528828144073486,0,"305.58,74.89,394.42,149.46","{""bright_ratio"": 0.23742690058479532, ""grad_ratio"": 0.1, ""near_edge"": 0.0, ""white_thresh"": 250.0, ""grad_percentile"": 90.0}"
baseline,val,/home/ubuntu/hpproject/yolo/dataset/yolo/datasetm6c/images/val/0142.png,1,pred_dup,highlight,0.8126682043075562,0,"196.41,121.76,372.36,183.73","{""bright_ratio"": 0.16231728096134876, ""grad_ratio"": 0.10017038830598153, ""near_edge"": 0.0, ""white_thresh"": 250.0, ""grad_percentile"": 90.0}"
baseline,val,/home/ubuntu/hpproject/yolo/dataset/yolo/datasetm6c/images/val/0143.png,0,pred_dup,highlight,0.8467525243759155,0,"129.93,287.05,315.83,345.94","{""bright_ratio"": 0.2391008791806399, ""grad_ratio"": 0.10033535756367262, ""near_edge"": 0.0, ""white_thresh"": 250.0, ""grad_percentile"": 90.0}"
baseline,val,/home/ubuntu/hpproject/yolo/dataset/yolo/datasetm6c/images/val/0143.png,1,background_fp,texture_boundary,0.6295490860939026,0,"251.70,184.96,309.76,236.56","{""bright_ratio"": 0.0, ""grad_ratio"": 0.10009593859929646, ""near_edge"": 0.0, ""white_thresh"": 250.0, ""grad_percentile"": 90.0}"
baseline,val,/home/ubuntu/hpproject/yolo/dataset/yolo/datasetm6c/images/val/0177.png,1,background_fp,highlight,0.6533267498016357,0,"159.12,371.22,238.97,409.75","{""bright_ratio"": 0.05064102564102564, ""grad_ratio"": 0.1, ""near_edge"": 0.0, ""white_thresh"": 250.0, ""grad_percentile"": 90.0}"
baseline,val,/home/ubuntu/hpproject/yolo/dataset/yolo/datasetm6c/images/val/0179.png,1,background_fp,texture_boundary,0.3895397186279297,0,"350.72,391.13,400.46,443.90","{""bright_ratio"": 0.0, ""grad_ratio"": 0.10025897151313355, ""near_edge"": 0.0, ""white_thresh"": 250.0, ""grad_percentile"": 90.0}"
baseline,val,/home/ubuntu/hpproject/yolo/dataset/yolo/datasetm6c/images/val/0224.png,1,background_fp,texture_boundary,0.43757447600364685,0,"304.15,144.04,367.13,201.15","{""bright_ratio"": 0.023706896551724137, ""grad_ratio"": 0.10048491379310345, ""near_edge"": 0.0, ""white_thresh"": 250.0, ""grad_percentile"": 90.0}"
baseline,val,/home/ubuntu/hpproject/yolo/dataset/yolo/datasetm6c/images/val/0224.png,2,pred_dup,highlight,0.4281994104385376,0,"202.99,62.20,361.16,152.61","{""bright_ratio"": 0.28035714285714286, ""grad_ratio"": 0.10020604395604396, ""near_edge"": 0.0, ""white_thresh"": 250.0, ""grad_percentile"": 90.0}"
baseline,val,/home/ubuntu/hpproject/yolo/dataset/yolo/datasetm6c/images/val/0226.png,0,pred_dup,highlight,0.8923977017402649,0,"195.26,111.13,359.85,202.15","{""bright_ratio"": 0.09393939393939393, ""grad_ratio"": 0.10019762845849803, ""near_edge"": 0.0, ""white_thresh"": 250.0, ""grad_percentile"": 90.0}"
baseline,val,/home/ubuntu/hpproject/yolo/dataset/yolo/datasetm6c/images/val/0226.png,2,background_fp,texture_boundary,0.40409743785858154,0,"323.79,168.41,351.92,204.94","{""bright_ratio"": 0.0, ""grad_ratio"": 0.10065237651444547, ""near_edge"": 0.0, ""white_thresh"": 250.0, ""grad_percentile"": 90.0}"
baseline,val,/home/ubuntu/hpproject/yolo/dataset/yolo/datasetm6c/images/val/0262.png,0,background_fp,highlight,0.40019237995147705,0,"203.47,213.62,241.42,292.28","{""bright_ratio"": 0.08365384615384615, ""grad_ratio"": 0.1, ""near_edge"": 0.0, ""white_thresh"": 250.0, ""grad_percentile"": 90.0}"
baseline,val,/home/ubuntu/hpproject/yolo/dataset/yolo/datasetm6c/images/val/0272.png,0,background_fp,texture_boundary,0.3444831967353821,0,"340.01,178.53,385.75,226.07","{""bright_ratio"": 0.0, ""grad_ratio"": 0.10070984915705412, ""near_edge"": 0.0, ""white_thresh"": 250.0, ""grad_percentile"": 90.0}"
baseline,val,/home/ubuntu/hpproject/yolo/dataset/yolo/datasetm6c/images/val/0274.png,0,background_fp,highlight,0.6626779437065125,0,"189.41,141.24,219.18,183.01","{""bright_ratio"": 0.35783945986496624, ""grad_ratio"": 0.1005251312828207, ""near_edge"": 0.0, ""white_thresh"": 250.0, ""grad_percentile"": 90.0}"
baseline,val,/home/ubuntu/hpproject/yolo/dataset/yolo/datasetm6c/images/val/0289.png,0,background_fp,highlight,0.3112848401069641,0,"161.28,121.72,211.73,176.71","{""bright_ratio"": 0.32177871148459386, ""grad_ratio"": 0.10014005602240897, ""near_edge"": 0.0, ""white_thresh"": 250.0, ""grad_percentile"": 90.0}"
baseline,val,/home/ubuntu/hpproject/yolo/dataset/yolo/datasetm6c/images/val/0359.png,1,background_fp,highlight,0.4465971291065216,0,"362.88,175.91,400.17,285.81","{""bright_ratio"": 0.17070917070917072, ""grad_ratio"": 0.10002310002310003, ""near_edge"": 0.0, ""white_thresh"": 250.0, ""grad_percentile"": 90.0}"
baseline,val,/home/ubuntu/hpproject/yolo/dataset/yolo/datasetm6c/images/val/0363.png,0,pred_dup,texture_boundary,0.608336865901947,0,"297.66,155.85,331.20,194.80","{""bright_ratio"": 0.0, ""grad_ratio"": 0.1, ""near_edge"": 0.0, ""white_thresh"": 250.0, ""grad_percentile"": 90.0}"
baseline,val,/home/ubuntu/hpproject/yolo/dataset/yolo/datasetm6c/images/val/0371.png,0,background_fp,highlight,0.7461586594581604,0,"396.96,214.45,466.98,358.05","{""bright_ratio"": 0.17552209810587663, ""grad_ratio"": 0.10004856726566294, ""near_edge"": 0.0, ""white_thresh"": 250.0, ""grad_percentile"": 90.0}"
baseline,val,/home/ubuntu/hpproject/yolo/dataset/yolo/datasetm6c/images/val/0371.png,1,pred_dup,highlight,0.7294664978981018,0,"348.53,97.00,409.36,153.81","{""bright_ratio"": 0.2362761743067346, ""grad_ratio"": 0.100169779286927, ""near_edge"": 0.0, ""white_thresh"": 250.0, ""grad_percentile"": 90.0}"
baseline,val,/home/ubuntu/hpproject/yolo/dataset/yolo/datasetm6c/images/val/0371.png,2,background_fp,highlight,0.6958921551704407,0,"287.76,416.60,319.05,460.90","{""bright_ratio"": 0.3447811447811448, ""grad_ratio"": 0.10033670033670034, ""near_edge"": 0.0, ""white_thresh"": 250.0, ""grad_percentile"": 90.0}"
baseline,val,/home/ubuntu/hpproject/yolo/dataset/yolo/datasetm6c/images/val/0371.png,3,background_fp,texture_boundary,0.5769525170326233,0,"243.25,219.07,384.28,297.99","{""bright_ratio"": 0.0, ""grad_ratio"": 0.10001782848992691, ""near_edge"": 0.0, ""white_thresh"": 250.0, ""grad_percentile"": 90.0}"
baseline,val,/home/ubuntu/hpproject/yolo/dataset/yolo/datasetm6c/images/val/0376.png,0,background_fp,texture_boundary,0.7755287885665894,0,"295.86,135.47,345.15,200.53","{""bright_ratio"": 0.0, ""grad_ratio"": 0.10041592394533572, ""near_edge"": 0.0, ""white_thresh"": 250.0, ""grad_percentile"": 90.0}"
baseline,val,/home/ubuntu/hpproject/yolo/dataset/yolo/datasetm6c/images/val/0433.png,1,pred_dup,texture_boundary,0.42785272002220154,0,"151.11,130.41,185.04,169.74","{""bright_ratio"": 0.0, ""grad_ratio"": 0.1, ""near_edge"": 0.0, ""white_thresh"": 250.0, ""grad_percentile"": 90.0}"
baseline,test,/home/ubuntu/hpproject/yolo/dataset/yolo/datasetm6c/images/test/0031.png,0,background_fp,texture_boundary,0.6036814451217651,0,"78.08,118.63,116.75,170.72","{""bright_ratio"": 0.005321722302854378, ""grad_ratio"": 0.10014513788098693, ""near_edge"": 0.0, ""white_thresh"": 250.0, ""grad_percentile"": 90.0}"
baseline,test,/home/ubuntu/hpproject/yolo/dataset/yolo/datasetm6c/images/test/0031.png,1,background_fp,texture_boundary,0.5216760635375977,0,"77.97,118.63,133.67,171.10","{""bright_ratio"": 0.005523066926575698, ""grad_ratio"": 0.10006497725795971, ""near_edge"": 0.0, ""white_thresh"": 250.0, ""grad_percentile"": 90.0}"
baseline,test,/home/ubuntu/hpproject/yolo/dataset/yolo/datasetm6c/images/test/0031.png,2,background_fp,texture_boundary,0.30173805356025696,0,"79.06,105.65,168.97,202.94","{""bright_ratio"": 0.030839002267573697, ""grad_ratio"": 0.10034013605442177, ""near_edge"": 0.0, ""white_thresh"": 250.0, ""grad_percentile"": 90.0}"
baseline,test,/home/ubuntu/hpproject/yolo/dataset/yolo/datasetm6c/images/test/0096.png,0,background_fp,highlight,0.7239652276039124,0,"317.04,90.23,355.28,139.83","{""bright_ratio"": 0.28102564102564104, ""grad_ratio"": 0.1, ""near_edge"": 0.0, ""white_thresh"": 250.0, ""grad_percentile"": 90.0}"
baseline,test,/home/ubuntu/hpproject/yolo/dataset/yolo/datasetm6c/images/test/0096.png,1,background_fp,texture_boundary,0.639782190322876,0,"206.36,145.42,232.34,197.21","{""bright_ratio"": 0.0, ""grad_ratio"": 0.10062893081761007, ""near_edge"": 0.0, ""white_thresh"": 250.0, ""grad_percentile"": 90.0}"
baseline,test,/home/ubuntu/hpproject/yolo/dataset/yolo/datasetm6c/images/test/0139.png,1,background_fp,texture_boundary,0.5192632675170898,0,"357.82,152.89,403.94,205.32","{""bright_ratio"": 0.0035460992907801418, ""grad_ratio"": 0.10047281323877069, ""near_edge"": 0.0, ""white_thresh"": 250.0, ""grad_percentile"": 90.0}"
baseline,test,/home/ubuntu/hpproject/yolo/dataset/yolo/datasetm6c/images/test/0139.png,2,background_fp,texture_boundary,0.38697800040245056,0,"242.95,190.03,342.05,227.12","{""bright_ratio"": 0.0, ""grad_ratio"": 0.10005211047420531, ""near_edge"": 0.0, ""white_thresh"": 250.0, ""grad_percentile"": 90.0}"
baseline,test,/home/ubuntu/hpproject/yolo/dataset/yolo/datasetm6c/images/test/0149.png,0,background_fp,highlight,0.6250231266021729,0,"250.30,85.88,278.93,126.76","{""bright_ratio"": 0.07799671592775041, ""grad_ratio"": 0.10016420361247948, ""near_edge"": 0.0, ""white_thresh"": 250.0, ""grad_percentile"": 90.0}"
baseline,test,/home/ubuntu/hpproject/yolo/dataset/yolo/datasetm6c/images/test/0149.png,1,background_fp,texture_boundary,0.5553153157234192,0,"250.70,91.10,273.66,125.10","{""bright_ratio"": 0.0, ""grad_ratio"": 0.1, ""near_edge"": 0.0, ""white_thresh"": 250.0, ""grad_percentile"": 90.0}"
baseline,test,/home/ubuntu/hpproject/yolo/dataset/yolo/datasetm6c/images/test/0152.png,1,pred_dup,highlight,0.35182327032089233,0,"220.86,49.58,361.39,100.06","{""bright_ratio"": 0.30092091007583965, ""grad_ratio"": 0.10008125677139762, ""near_edge"": 0.0, ""white_thresh"": 250.0, ""grad_percentile"": 90.0}"
baseline,test,/home/ubuntu/hpproject/yolo/dataset/yolo/datasetm6c/images/test/0171.png,3,background_fp,texture_boundary,0.41116029024124146,0,"311.82,220.48,358.48,273.16","{""bright_ratio"": 0.0, ""grad_ratio"": 0.10030864197530864, ""near_edge"": 0.0, ""white_thresh"": 250.0, ""grad_percentile"": 90.0}"
baseline,test,/home/ubuntu/hpproject/yolo/dataset/yolo/datasetm6c/images/test/0218.png,0,background_fp,highlight,0.856829822063446,0,"126.23,91.91,294.86,177.58","{""bright_ratio"": 0.07909950350268653, ""grad_ratio"": 0.10004760933142896, ""near_edge"": 0.0, ""white_thresh"": 250.0, ""grad_percentile"": 90.0}"
baseline,test,/home/ubuntu/hpproject/yolo/dataset/yolo/datasetm6c/images/test/0218.png,2,background_fp,highlight,0.2668176591396332,0,"118.35,155.72,157.49,197.46","{""bright_ratio"": 0.055232558139534885, ""grad_ratio"": 0.1, ""near_edge"": 0.0, ""white_thresh"": 250.0, ""grad_percentile"": 90.0}"
baseline,test,/home/ubuntu/hpproject/yolo/dataset/yolo/datasetm6c/images/test/0259.png,2,pred_dup,texture_boundary,0.2537481188774109,0,"248.75,136.82,307.56,191.02","{""bright_ratio"": 0.00029761904761904765, ""grad_ratio"": 0.1, ""near_edge"": 0.0, ""white_thresh"": 250.0, ""grad_percentile"": 90.0}"
baseline,test,/home/ubuntu/hpproject/yolo/dataset/yolo/datasetm6c/images/test/0295.png,0,background_fp,texture_boundary,0.7868553400039673,0,"256.17,201.40,303.48,269.90","{""bright_ratio"": 0.0, ""grad_ratio"": 0.10024154589371981, ""near_edge"": 0.0, ""white_thresh"": 250.0, ""grad_percentile"": 90.0}"
baseline,test,/home/ubuntu/hpproject/yolo/dataset/yolo/datasetm6c/images/test/0340.png,1,background_fp,texture_boundary,0.35909128189086914,0,"226.41,192.26,256.18,246.33","{""bright_ratio"": 0.0, ""grad_ratio"": 0.10029325513196481, ""near_edge"": 0.0, ""white_thresh"": 250.0, ""grad_percentile"": 90.0}"
baseline,test,/home/ubuntu/hpproject/yolo/dataset/yolo/datasetm6c/images/test/0378.png,3,pred_dup,texture_boundary,0.31860190629959106,0,"344.00,314.27,383.70,355.74","{""bright_ratio"": 0.0, ""grad_ratio"": 0.1, ""near_edge"": 0.0, ""white_thresh"": 250.0, ""grad_percentile"": 90.0}"
baseline,test,/home/ubuntu/hpproject/yolo/dataset/yolo/datasetm6c/images/test/0413.png,0,background_fp,texture_boundary,0.8623285293579102,0,"339.43,245.07,386.95,299.37","{""bright_ratio"": 0.0, ""grad_ratio"": 0.1, ""near_edge"": 0.0, ""white_thresh"": 250.0, ""grad_percentile"": 90.0}"
baseline,test,/home/ubuntu/hpproject/yolo/dataset/yolo/datasetm6c/images/test/0423.png,0,background_fp,texture_boundary,0.8723844289779663,0,"171.27,319.37,227.74,373.82","{""bright_ratio"": 0.0, ""grad_ratio"": 0.10015948963317384, ""near_edge"": 0.0, ""white_thresh"": 250.0, ""grad_percentile"": 90.0}"
baseline,test,/home/ubuntu/hpproject/yolo/dataset/yolo/datasetm6c/images/test/0423.png,1,background_fp,texture_boundary,0.8050621151924133,0,"189.01,223.21,287.61,266.31","{""bright_ratio"": 0.0, ""grad_ratio"": 0.10009182736455463, ""near_edge"": 0.0, ""white_thresh"": 250.0, ""grad_percentile"": 90.0}"
baseline,test,/home/ubuntu/hpproject/yolo/dataset/yolo/datasetm6c/images/test/0423.png,3,background_fp,texture_boundary,0.7294995784759521,0,"193.34,293.98,277.69,325.26","{""bright_ratio"": 0.0, ""grad_ratio"": 0.10017825311942959, ""near_edge"": 0.0, ""white_thresh"": 250.0, ""grad_percentile"": 90.0}"
baseline,test,/home/ubuntu/hpproject/yolo/dataset/yolo/datasetm6c/images/test/0423.png,5,background_fp,texture_boundary,0.256295382976532,0,"95.55,191.79,117.63,217.00","{""bright_ratio"": 0.0, ""grad_ratio"": 0.10033444816053512, ""near_edge"": 0.0, ""white_thresh"": 250.0, ""grad_percentile"": 90.0}"
our,val,/home/ubuntu/hpproject/yolo/dataset/yolo/datasetm6c/images/val/0030.png,0,background_fp,texture_boundary,0.4178660809993744,0,"303.95,216.27,373.85,275.44","{""bright_ratio"": 0.03028169014084507, ""grad_ratio"": 0.10023474178403756, ""near_edge"": 0.0, ""white_thresh"": 250.0, ""grad_percentile"": 90.0}"
our,val,/home/ubuntu/hpproject/yolo/dataset/yolo/datasetm6c/images/val/0030.png,1,background_fp,texture_boundary,0.32123255729675293,0,"323.87,215.91,372.78,270.77","{""bright_ratio"": 0.02142857142857143, ""grad_ratio"": 0.10035714285714285, ""near_edge"": 0.0, ""white_thresh"": 250.0, ""grad_percentile"": 90.0}"
our,val,/home/ubuntu/hpproject/yolo/dataset/yolo/datasetm6c/images/val/0055.png,0,pred_dup,texture_boundary,0.6141740679740906,0,"102.18,117.70,185.92,199.72","{""bright_ratio"": 0.03772231784279977, ""grad_ratio"": 0.10011474469305795, ""near_edge"": 0.0, ""white_thresh"": 250.0, ""grad_percentile"": 90.0}"
our,val,/home/ubuntu/hpproject/yolo/dataset/yolo/datasetm6c/images/val/0061.png,0,background_fp,texture_boundary,0.6020920872688293,0,"300.08,138.05,355.67,213.69","{""bright_ratio"": 0.0, ""grad_ratio"": 0.10009398496240601, ""near_edge"": 0.0, ""white_thresh"": 250.0, ""grad_percentile"": 90.0}"
our,val,/home/ubuntu/hpproject/yolo/dataset/yolo/datasetm6c/images/val/0061.png,1,background_fp,texture_boundary,0.39849361777305603,0,"304.67,179.67,346.10,215.63","{""bright_ratio"": 0.0, ""grad_ratio"": 0.1005656819610308, ""near_edge"": 0.0, ""white_thresh"": 250.0, ""grad_percentile"": 90.0}"
our,val,/home/ubuntu/hpproject/yolo/dataset/yolo/datasetm6c/images/val/0061.png,2,background_fp,texture_boundary,0.31651923060417175,0,"240.08,154.00,299.45,199.01","{""bright_ratio"": 0.0, ""grad_ratio"": 0.1, ""near_edge"": 0.0, ""white_thresh"": 250.0, ""grad_percentile"": 90.0}"
our,val,/home/ubuntu/hpproject/yolo/dataset/yolo/datasetm6c/images/val/0094.png,2,background_fp,texture_boundary,0.2679460942745209,0,"331.60,205.65,406.47,280.91","{""bright_ratio"": 0.0, ""grad_ratio"": 0.1009349030470914, ""near_edge"": 0.0, ""white_thresh"": 250.0, ""grad_percentile"": 90.0}"
our,val,/home/ubuntu/hpproject/yolo/dataset/yolo/datasetm6c/images/val/0124.png,1,background_fp,highlight,0.5199523568153381,0,"337.14,79.62,378.00,116.26","{""bright_ratio"": 0.2556390977443609, ""grad_ratio"": 0.10025062656641603, ""near_edge"": 0.0, ""white_thresh"": 250.0, ""grad_percentile"": 90.0}"
our,val,/home/ubuntu/hpproject/yolo/dataset/yolo/datasetm6c/images/val/0142.png,1,pred_dup,highlight,0.38798943161964417,0,"204.20,122.01,370.06,178.91","{""bright_ratio"": 0.13205168610148124, ""grad_ratio"": 0.10001050530517912, ""near_edge"": 0.0, ""white_thresh"": 250.0, ""grad_percentile"": 90.0}"
our,val,/home/ubuntu/hpproject/yolo/dataset/yolo/datasetm6c/images/val/0143.png,1,background_fp,texture_boundary,0.3159055709838867,0,"155.11,225.69,257.52,255.81","{""bright_ratio"": 0.0, ""grad_ratio"": 0.10053241465706232, ""near_edge"": 0.0, ""white_thresh"": 250.0, ""grad_percentile"": 90.0}"
our,val,/home/ubuntu/hpproject/yolo/dataset/yolo/datasetm6c/images/val/0144.png,1,pred_dup,highlight,0.5648487210273743,0,"78.83,232.21,189.51,329.08","{""bright_ratio"": 0.39723032069970843, ""grad_ratio"": 0.10003644314868805, ""near_edge"": 0.0, ""white_thresh"": 250.0, ""grad_percentile"": 90.0}"
our,val,/home/ubuntu/hpproject/yolo/dataset/yolo/datasetm6c/images/val/0154.png,1,pred_dup,highlight,0.25593888759613037,0,"212.35,108.96,345.58,189.40","{""bright_ratio"": 0.12422642883145249, ""grad_ratio"": 0.10001820167455405, ""near_edge"": 0.0, ""white_thresh"": 250.0, ""grad_percentile"": 90.0}"
our,val,/home/ubuntu/hpproject/yolo/dataset/yolo/datasetm6c/images/val/0177.png,0,background_fp,highlight,0.8054766058921814,0,"165.24,364.00,257.03,411.20","{""bright_ratio"": 0.09363799283154121, ""grad_ratio"": 0.10013440860215053, ""near_edge"": 0.0, ""white_thresh"": 250.0, ""grad_percentile"": 90.0}"
our,val,/home/ubuntu/hpproject/yolo/dataset/yolo/datasetm6c/images/val/0177.png,2,pred_dup,highlight,0.6671557426452637,0,"178.35,84.18,282.43,203.95","{""bright_ratio"": 0.16960317460317462, ""grad_ratio"": 0.1, ""near_edge"": 0.0, ""white_thresh"": 250.0, ""grad_percentile"": 90.0}"
our,val,/home/ubuntu/hpproject/yolo/dataset/yolo/datasetm6c/images/val/0221.png,2,background_fp,texture_boundary,0.44623246788978577,0,"148.51,237.64,194.57,275.97","{""bright_ratio"": 0.0, ""grad_ratio"": 0.10038188761593017, ""near_edge"": 0.0, ""white_thresh"": 250.0, ""grad_percentile"": 90.0}"
our,val,/home/ubuntu/hpproject/yolo/dataset/yolo/datasetm6c/images/val/0234.png,0,background_fp,texture_boundary,0.42453131079673767,0,"158.96,184.04,233.95,211.83","{""bright_ratio"": 0.013157894736842105, ""grad_ratio"": 0.10009398496240601, ""near_edge"": 0.0, ""white_thresh"": 250.0, ""grad_percentile"": 90.0}"
our,val,/home/ubuntu/hpproject/yolo/dataset/yolo/datasetm6c/images/val/0289.png,0,background_fp,highlight,0.3009265065193176,0,"165.23,118.25,211.21,183.89","{""bright_ratio"": 0.2746615087040619, ""grad_ratio"": 0.10090264345583494, ""near_edge"": 0.0, ""white_thresh"": 250.0, ""grad_percentile"": 90.0}"
our,val,/home/ubuntu/hpproject/yolo/dataset/yolo/datasetm6c/images/val/0349.png,0,background_fp,texture_boundary,0.4554142355918884,0,"348.19,189.47,476.03,252.35","{""bright_ratio"": 0.003997093023255814, ""grad_ratio"": 0.1000484496124031, ""near_edge"": 0.0, ""white_thresh"": 250.0, ""grad_percentile"": 90.0}"
our,val,/home/ubuntu/hpproject/yolo/dataset/yolo/datasetm6c/images/val/0363.png,1,pred_dup,texture_boundary,0.35824188590049744,0,"288.29,112.17,316.05,154.09","{""bright_ratio"": 0.0, ""grad_ratio"": 0.10024057738572574, ""near_edge"": 0.0, ""white_thresh"": 250.0, ""grad_percentile"": 90.0}"
our,val,/home/ubuntu/hpproject/yolo/dataset/yolo/datasetm6c/images/val/0371.png,1,background_fp,texture_boundary,0.5287649631500244,0,"248.51,214.11,347.29,256.22","{""bright_ratio"": 0.0, ""grad_ratio"": 0.1, ""near_edge"": 0.0, ""white_thresh"": 250.0, ""grad_percentile"": 90.0}"
our,val,/home/ubuntu/hpproject/yolo/dataset/yolo/datasetm6c/images/val/0371.png,3,background_fp,texture_boundary,0.30088239908218384,0,"302.36,142.93,330.86,170.73","{""bright_ratio"": 0.0, ""grad_ratio"": 0.10107015457788347, ""near_edge"": 0.0, ""white_thresh"": 250.0, ""grad_percentile"": 90.0}"
our,val,/home/ubuntu/hpproject/yolo/dataset/yolo/datasetm6c/images/val/0371.png,5,pred_dup,highlight,0.2525779902935028,0,"369.80,107.44,400.30,151.38","{""bright_ratio"": 0.17222222222222222, ""grad_ratio"": 0.1, ""near_edge"": 0.0, ""white_thresh"": 250.0, ""grad_percentile"": 90.0}"
our,test,/home/ubuntu/hpproject/yolo/dataset/yolo/datasetm6c/images/test/0031.png,0,background_fp,highlight,0.8758665323257446,0,"72.66,120.97,165.40,216.41","{""bright_ratio"": 0.05637201140601009, ""grad_ratio"": 0.10002193463478833, ""near_edge"": 0.0, ""white_thresh"": 250.0, ""grad_percentile"": 90.0}"
our,test,/home/ubuntu/hpproject/yolo/dataset/yolo/datasetm6c/images/test/0049.png,1,background_fp,texture_boundary,0.3486423194408417,0,"171.88,102.21,202.79,131.62","{""bright_ratio"": 0.0, ""grad_ratio"": 0.1, ""near_edge"": 0.0, ""white_thresh"": 250.0, ""grad_percentile"": 90.0}"
our,test,/home/ubuntu/hpproject/yolo/dataset/yolo/datasetm6c/images/test/0127.png,1,background_fp,highlight,0.2790467441082001,0,"240.16,80.24,334.96,113.63","{""bright_ratio"": 0.09256965944272445, ""grad_ratio"": 0.1, ""near_edge"": 0.0, ""white_thresh"": 250.0, ""grad_percentile"": 90.0}"
our,test,/home/ubuntu/hpproject/yolo/dataset/yolo/datasetm6c/images/test/0139.png,1,background_fp,texture_boundary,0.5100434422492981,0,"358.12,152.86,404.77,202.78","{""bright_ratio"": 0.006257822277847309, ""grad_ratio"": 0.10012515644555695, ""near_edge"": 0.0, ""white_thresh"": 250.0, ""grad_percentile"": 90.0}"
our,test,/home/ubuntu/hpproject/yolo/dataset/yolo/datasetm6c/images/test/0149.png,0,background_fp,texture_boundary,0.3140820264816284,0,"180.06,115.02,226.97,148.75","{""bright_ratio"": 0.0, ""grad_ratio"": 0.10012515644555695, ""near_edge"": 0.0, ""white_thresh"": 250.0, ""grad_percentile"": 90.0}"
our,test,/home/ubuntu/hpproject/yolo/dataset/yolo/datasetm6c/images/test/0171.png,4,pred_dup,texture_boundary,0.44066062569618225,0,"185.57,227.57,302.33,283.64","{""bright_ratio"": 0.0, ""grad_ratio"": 0.10005947071067499, ""near_edge"": 0.0, ""white_thresh"": 250.0, ""grad_percentile"": 90.0}"
our,test,/home/ubuntu/hpproject/yolo/dataset/yolo/datasetm6c/images/test/0186.png,1,pred_dup,texture_boundary,0.2542884647846222,0,"314.89,212.04,414.01,252.91","{""bright_ratio"": 0.0, ""grad_ratio"": 0.10045882637044193, ""near_edge"": 0.0, ""white_thresh"": 250.0, ""grad_percentile"": 90.0}"
our,test,/home/ubuntu/hpproject/yolo/dataset/yolo/datasetm6c/images/test/0193.png,2,background_fp,texture_boundary,0.26224470138549805,0,"128.12,195.59,155.18,230.93","{""bright_ratio"": 0.0, ""grad_ratio"": 0.1001984126984127, ""near_edge"": 0.0, ""white_thresh"": 250.0, ""grad_percentile"": 90.0}"
our,test,/home/ubuntu/hpproject/yolo/dataset/yolo/datasetm6c/images/test/0218.png,0,background_fp,highlight,0.43846678733825684,0,"126.46,91.95,289.53,179.99","{""bright_ratio"": 0.06878596875856399, ""grad_ratio"": 0.10002740476842971, ""near_edge"": 0.0, ""white_thresh"": 250.0, ""grad_percentile"": 90.0}"
our,test,/home/ubuntu/hpproject/yolo/dataset/yolo/datasetm6c/images/test/0258.png,1,background_fp,highlight,0.4287242889404297,0,"223.07,189.66,305.82,235.77","{""bright_ratio"": 0.06690592155857472, ""grad_ratio"": 0.10023071007433991, ""near_edge"": 0.0, ""white_thresh"": 250.0, ""grad_percentile"": 90.0}"
our,test,/home/ubuntu/hpproject/yolo/dataset/yolo/datasetm6c/images/test/0295.png,0,background_fp,texture_boundary,0.374679833650589,0,"256.42,202.94,304.17,273.40","{""bright_ratio"": 0.0, ""grad_ratio"": 0.10034013605442177, ""near_edge"": 0.0, ""white_thresh"": 250.0, ""grad_percentile"": 90.0}"
our,test,/home/ubuntu/hpproject/yolo/dataset/yolo/datasetm6c/images/test/0340.png,0,background_fp,texture_boundary,0.3513283133506775,0,"228.94,195.10,253.97,243.01","{""bright_ratio"": 0.0, ""grad_ratio"": 0.10047095761381476, ""near_edge"": 0.0, ""white_thresh"": 250.0, ""grad_percentile"": 90.0}"
our,test,/home/ubuntu/hpproject/yolo/dataset/yolo/datasetm6c/images/test/0357.png,0,background_fp,texture_boundary,0.5038470029830933,0,"161.47,292.51,179.25,312.10","{""bright_ratio"": 0.0, ""grad_ratio"": 0.10025062656641603, ""near_edge"": 0.0, ""white_thresh"": 250.0, ""grad_percentile"": 90.0}"
our,test,/home/ubuntu/hpproject/yolo/dataset/yolo/datasetm6c/images/test/0378.png,2,background_fp,texture_boundary,0.2593477666378021,0,"215.59,230.99,241.42,281.63","{""bright_ratio"": 0.0, ""grad_ratio"": 0.10042735042735043, ""near_edge"": 0.0, ""white_thresh"": 250.0, ""grad_percentile"": 90.0}"
our,test,/home/ubuntu/hpproject/yolo/dataset/yolo/datasetm6c/images/test/0413.png,0,background_fp,texture_boundary,0.7051680088043213,0,"337.79,241.84,388.21,299.00","{""bright_ratio"": 0.0, ""grad_ratio"": 0.1000651890482399, ""near_edge"": 0.0, ""white_thresh"": 250.0, ""grad_percentile"": 90.0}"
our,test,/home/ubuntu/hpproject/yolo/dataset/yolo/datasetm6c/images/test/0419.png,0,background_fp,texture_boundary,0.33018794655799866,0,"213.45,187.29,239.17,215.62","{""bright_ratio"": 0.0, ""grad_ratio"": 0.10089399744572158, ""near_edge"": 0.0, ""white_thresh"": 250.0, ""grad_percentile"": 90.0}"
our,test,/home/ubuntu/hpproject/yolo/dataset/yolo/datasetm6c/images/test/0423.png,2,background_fp,texture_boundary,0.5088234543800354,0,"173.29,339.92,203.11,370.56","{""bright_ratio"": 0.0, ""grad_ratio"": 0.10080645161290322, ""near_edge"": 0.0, ""white_thresh"": 250.0, ""grad_percentile"": 90.0}"
our,test,/home/ubuntu/hpproject/yolo/dataset/yolo/datasetm6c/images/test/0423.png,4,background_fp,texture_boundary,0.327961266040802,0,"215.84,294.20,277.36,326.32","{""bright_ratio"": 0.0, ""grad_ratio"": 0.10052910052910052, ""near_edge"": 0.0, ""white_thresh"": 250.0, ""grad_percentile"": 90.0}"
our,test,/home/ubuntu/hpproject/yolo/dataset/yolo/datasetm6c/images/test/0423.png,5,background_fp,texture_boundary,0.27218812704086304,0,"173.08,320.51,224.49,370.91","{""bright_ratio"": 0.0, ""grad_ratio"": 0.10030165912518854, ""near_edge"": 0.0, ""white_thresh"": 250.0, ""grad_percentile"": 90.0}"
our,test,/home/ubuntu/hpproject/yolo/dataset/yolo/datasetm6c/images/test/0430.png,0,background_fp,texture_boundary,0.4465935528278351,0,"222.39,173.31,254.14,187.38","{""bright_ratio"": 0.0, ""grad_ratio"": 0.10101010101010101, ""near_edge"": 0.0, ""white_thresh"": 250.0, ""grad_percentile"": 90.0}"
our,test,/home/ubuntu/hpproject/yolo/dataset/yolo/datasetm6c/images/test/0450.png,1,background_fp,texture_boundary,0.2658892273902893,0,"155.68,174.49,238.65,233.68","{""bright_ratio"": 0.000992063492063492, ""grad_ratio"": 0.1001984126984127, ""near_edge"": 0.0, ""white_thresh"": 250.0, ""grad_percentile"": 90.0}"
hmc,val,/home/ubuntu/hpproject/yolo/dataset/yolo/datasetm6c/images/val/0061.png,0,background_fp,texture_boundary,0.8057918548583984,0,"295.49,138.96,361.84,217.05","{""bright_ratio"": 0.0, ""grad_ratio"": 0.1, ""near_edge"": 0.0, ""white_thresh"": 250.0, ""grad_percentile"": 90.0}"
hmc,val,/home/ubuntu/hpproject/yolo/dataset/yolo/datasetm6c/images/val/0066.png,1,background_fp,texture_boundary,0.39192286133766174,0,"298.07,129.77,330.73,158.36","{""bright_ratio"": 0.0, ""grad_ratio"": 0.1, ""near_edge"": 0.0, ""white_thresh"": 250.0, ""grad_percentile"": 90.0}"
hmc,val,/home/ubuntu/hpproject/yolo/dataset/yolo/datasetm6c/images/val/0069.png,0,background_fp,texture_boundary,0.45677971839904785,0,"184.15,282.93,291.91,342.33","{""bright_ratio"": 0.0, ""grad_ratio"": 0.10018214936247723, ""near_edge"": 0.0, ""white_thresh"": 250.0, ""grad_percentile"": 90.0}"
hmc,val,/home/ubuntu/hpproject/yolo/dataset/yolo/datasetm6c/images/val/0094.png,1,pred_dup,highlight,0.398449569940567,0,"339.48,426.19,402.17,461.10","{""bright_ratio"": 0.07508680555555555, ""grad_ratio"": 0.10026041666666667, ""near_edge"": 0.0, ""white_thresh"": 250.0, ""grad_percentile"": 90.0}"
hmc,val,/home/ubuntu/hpproject/yolo/dataset/yolo/datasetm6c/images/val/0136.png,1,pred_dup,highlight,0.7746062278747559,0,"285.92,75.62,354.17,148.80","{""bright_ratio"": 0.07316602316602316, ""grad_ratio"": 0.1, ""near_edge"": 0.0, ""white_thresh"": 250.0, ""grad_percentile"": 90.0}"
hmc,val,/home/ubuntu/hpproject/yolo/dataset/yolo/datasetm6c/images/val/0177.png,1,background_fp,highlight,0.8304415941238403,0,"166.22,368.40,256.50,410.65","{""bright_ratio"": 0.08101201124456939, ""grad_ratio"": 0.1001788908765653, ""near_edge"": 0.0, ""white_thresh"": 250.0, ""grad_percentile"": 90.0}"
hmc,val,/home/ubuntu/hpproject/yolo/dataset/yolo/datasetm6c/images/val/0177.png,2,pred_dup,highlight,0.504267692565918,0,"182.77,84.85,287.38,206.84","{""bright_ratio"": 0.17211228716060745, ""grad_ratio"": 0.10009203865623562, ""near_edge"": 0.0, ""white_thresh"": 250.0, ""grad_percentile"": 90.0}"
hmc,val,/home/ubuntu/hpproject/yolo/dataset/yolo/datasetm6c/images/val/0221.png,1,background_fp,highlight,0.6083502769470215,0,"118.82,119.07,335.66,288.59","{""bright_ratio"": 0.16778197517539126, ""grad_ratio"": 0.1006206152185645, ""near_edge"": 0.0, ""white_thresh"": 250.0, ""grad_percentile"": 90.0}"
hmc,val,/home/ubuntu/hpproject/yolo/dataset/yolo/datasetm6c/images/val/0226.png,0,pred_dup,highlight,0.9021764397621155,0,"190.82,111.04,359.08,209.91","{""bright_ratio"": 0.09560308972073678, ""grad_ratio"": 0.10005941770647653, ""near_edge"": 0.0, ""white_thresh"": 250.0, ""grad_percentile"": 90.0}"
hmc,val,/home/ubuntu/hpproject/yolo/dataset/yolo/datasetm6c/images/val/0234.png,0,background_fp,texture_boundary,0.5073139071464539,0,"159.79,179.50,308.09,220.29","{""bright_ratio"": 0.004285714285714286, ""grad_ratio"": 0.10047619047619048, ""near_edge"": 0.0, ""white_thresh"": 250.0, ""grad_percentile"": 90.0}"
hmc,val,/home/ubuntu/hpproject/yolo/dataset/yolo/datasetm6c/images/val/0274.png,0,background_fp,highlight,0.2930789291858673,0,"185.46,142.63,217.40,185.34","{""bright_ratio"": 0.41253443526170797, ""grad_ratio"": 0.10055096418732783, ""near_edge"": 0.0, ""white_thresh"": 250.0, ""grad_percentile"": 90.0}"
hmc,val,/home/ubuntu/hpproject/yolo/dataset/yolo/datasetm6c/images/val/0289.png,0,background_fp,highlight,0.5506458282470703,0,"160.63,118.54,211.77,178.92","{""bright_ratio"": 0.35119798234552335, ""grad_ratio"": 0.10025220680958385, ""near_edge"": 0.0, ""white_thresh"": 250.0, ""grad_percentile"": 90.0}"
hmc,val,/home/ubuntu/hpproject/yolo/dataset/yolo/datasetm6c/images/val/0363.png,1,pred_dup,texture_boundary,0.33581462502479553,0,"301.32,155.16,331.30,198.25","{""bright_ratio"": 0.0, ""grad_ratio"": 0.10043988269794721, ""near_edge"": 0.0, ""white_thresh"": 250.0, ""grad_percentile"": 90.0}"
hmc,val,/home/ubuntu/hpproject/yolo/dataset/yolo/datasetm6c/images/val/0363.png,2,background_fp,texture_boundary,0.30060359835624695,0,"388.27,310.99,402.00,342.49","{""bright_ratio"": 0.0, ""grad_ratio"": 0.10173160173160173, ""near_edge"": 0.0, ""white_thresh"": 250.0, ""grad_percentile"": 90.0}"
hmc,val,/home/ubuntu/hpproject/yolo/dataset/yolo/datasetm6c/images/val/0363.png,3,pred_dup,texture_boundary,0.26393210887908936,0,"289.21,135.18,331.90,206.10","{""bright_ratio"": 0.0, ""grad_ratio"": 0.10012919896640828, ""near_edge"": 0.0, ""white_thresh"": 250.0, ""grad_percentile"": 90.0}"
hmc,val,/home/ubuntu/hpproject/yolo/dataset/yolo/datasetm6c/images/val/0371.png,0,background_fp,texture_boundary,0.7517220377922058,0,"249.84,203.37,347.52,252.95","{""bright_ratio"": 0.0, ""grad_ratio"": 0.10020202020202021, ""near_edge"": 0.0, ""white_thresh"": 250.0, ""grad_percentile"": 90.0}"
hmc,val,/home/ubuntu/hpproject/yolo/dataset/yolo/datasetm6c/images/val/0371.png,2,background_fp,highlight,0.6661815047264099,0,"290.42,422.95,313.87,462.99","{""bright_ratio"": 0.3434959349593496, ""grad_ratio"": 0.10060975609756098, ""near_edge"": 0.0, ""white_thresh"": 250.0, ""grad_percentile"": 90.0}"
hmc,test,/home/ubuntu/hpproject/yolo/dataset/yolo/datasetm6c/images/test/0107.png,0,pred_dup,texture_boundary,0.7941767573356628,0,"165.24,65.34,313.01,225.44","{""bright_ratio"": 0.04898078285881029, ""grad_ratio"": 0.10012922589520197, ""near_edge"": 0.0, ""white_thresh"": 250.0, ""grad_percentile"": 90.0}"
hmc,test,/home/ubuntu/hpproject/yolo/dataset/yolo/datasetm6c/images/test/0112.png,2,background_fp,texture_boundary,0.331546425819397,0,"196.11,178.14,259.69,297.43","{""bright_ratio"": 0.0, ""grad_ratio"": 0.10013020833333333, ""near_edge"": 0.0, ""white_thresh"": 250.0, ""grad_percentile"": 90.0}"
hmc,test,/home/ubuntu/hpproject/yolo/dataset/yolo/datasetm6c/images/test/0127.png,1,background_fp,texture_boundary,0.2775436341762543,0,"177.89,93.36,325.79,214.88","{""bright_ratio"": 0.021949609417977776, ""grad_ratio"": 0.10023104852018924, ""near_edge"": 0.0, ""white_thresh"": 250.0, ""grad_percentile"": 90.0}"
hmc,test,/home/ubuntu/hpproject/yolo/dataset/yolo/datasetm6c/images/test/0139.png,1,background_fp,texture_boundary,0.6543210744857788,0,"350.65,156.58,390.12,203.12","{""bright_ratio"": 0.0, ""grad_ratio"": 0.10010162601626016, ""near_edge"": 0.0, ""white_thresh"": 250.0, ""grad_percentile"": 90.0}"
hmc,test,/home/ubuntu/hpproject/yolo/dataset/yolo/datasetm6c/images/test/0186.png,0,pred_dup,texture_boundary,0.5793976187705994,0,"304.68,210.57,415.37,251.46","{""bright_ratio"": 0.0, ""grad_ratio"": 0.10034013605442177, ""near_edge"": 0.0, ""white_thresh"": 250.0, ""grad_percentile"": 90.0}"
hmc,test,/home/ubuntu/hpproject/yolo/dataset/yolo/datasetm6c/images/test/0218.png,2,pred_dup,texture_boundary,0.4094058573246002,0,"185.89,134.94,253.97,174.28","{""bright_ratio"": 0.0, ""grad_ratio"": 0.10038882997525628, ""near_edge"": 0.0, ""white_thresh"": 250.0, ""grad_percentile"": 90.0}"
hmc,test,/home/ubuntu/hpproject/yolo/dataset/yolo/datasetm6c/images/test/0241.png,0,background_fp,highlight,0.2691173255443573,0,"183.93,139.29,230.45,165.19","{""bright_ratio"": 0.23070987654320987, ""grad_ratio"": 0.10030864197530864, ""near_edge"": 0.0, ""white_thresh"": 250.0, ""grad_percentile"": 90.0}"
hmc,test,/home/ubuntu/hpproject/yolo/dataset/yolo/datasetm6c/images/test/0259.png,1,background_fp,texture_boundary,0.7715167999267578,0,"268.21,302.18,388.45,338.01","{""bright_ratio"": 0.0, ""grad_ratio"": 0.10006700915791825, ""near_edge"": 0.0, ""white_thresh"": 250.0, ""grad_percentile"": 90.0}"
hmc,test,/home/ubuntu/hpproject/yolo/dataset/yolo/datasetm6c/images/test/0374.png,0,background_fp,texture_boundary,0.705181896686554,0,"284.90,143.42,391.68,232.60","{""bright_ratio"": 0.025, ""grad_ratio"": 0.1, ""near_edge"": 0.0, ""white_thresh"": 250.0, ""grad_percentile"": 90.0}"
hmc,test,/home/ubuntu/hpproject/yolo/dataset/yolo/datasetm6c/images/test/0378.png,4,background_fp,texture_boundary,0.5332573056221008,0,"272.06,187.88,327.31,254.07","{""bright_ratio"": 0.0, ""grad_ratio"": 0.10005252100840337, ""near_edge"": 0.0, ""white_thresh"": 250.0, ""grad_percentile"": 90.0}"
hmc,test,/home/ubuntu/hpproject/yolo/dataset/yolo/datasetm6c/images/test/0407.png,1,background_fp,texture_boundary,0.5783642530441284,0,"184.00,252.45,292.37,285.23","{""bright_ratio"": 0.0, ""grad_ratio"": 0.10010793308148948, ""near_edge"": 0.0, ""white_thresh"": 250.0, ""grad_percentile"": 90.0}"
hmc,test,/home/ubuntu/hpproject/yolo/dataset/yolo/datasetm6c/images/test/0413.png,1,background_fp,texture_boundary,0.8357407450675964,0,"340.69,240.14,386.46,300.68","{""bright_ratio"": 0.0, ""grad_ratio"": 0.10010463899546565, ""near_edge"": 0.0, ""white_thresh"": 250.0, ""grad_percentile"": 90.0}"
hmc,test,/home/ubuntu/hpproject/yolo/dataset/yolo/datasetm6c/images/test/0419.png,0,background_fp,texture_boundary,0.6069005727767944,0,"214.67,190.03,239.85,215.20","{""bright_ratio"": 0.0, ""grad_ratio"": 0.10059171597633136, ""near_edge"": 0.0, ""white_thresh"": 250.0, ""grad_percentile"": 90.0}"
hmc,test,/home/ubuntu/hpproject/yolo/dataset/yolo/datasetm6c/images/test/0423.png,0,background_fp,texture_boundary,0.7750978469848633,0,"174.84,320.14,228.43,375.45","{""bright_ratio"": 0.0, ""grad_ratio"": 0.10032467532467533, ""near_edge"": 0.0, ""white_thresh"": 250.0, ""grad_percentile"": 90.0}"
hmc,test,/home/ubuntu/hpproject/yolo/dataset/yolo/datasetm6c/images/test/0423.png,4,background_fp,texture_boundary,0.29445770382881165,0,"188.09,224.40,285.30,264.33","{""bright_ratio"": 0.0, ""grad_ratio"": 0.10004977600796416, ""near_edge"": 0.0, ""white_thresh"": 250.0, ""grad_percentile"": 90.0}"
hmc,test,/home/ubuntu/hpproject/yolo/dataset/yolo/datasetm6c/images/test/0426.png,1,background_fp,texture_boundary,0.6673251390457153,0,"182.10,153.13,309.39,228.47","{""bright_ratio"": 0.0, ""grad_ratio"": 0.10002055921052631, ""near_edge"": 0.0, ""white_thresh"": 250.0, ""grad_percentile"": 90.0}"
hmc,test,/home/ubuntu/hpproject/yolo/dataset/yolo/datasetm6c/images/test/0450.png,0,background_fp,texture_boundary,0.2596127688884735,0,"155.50,146.93,256.81,238.38","{""bright_ratio"": 0.0290955091714105, ""grad_ratio"": 0.10014758591608687, ""near_edge"": 0.0, ""white_thresh"": 250.0, ""grad_percentile"": 90.0}"
al3,val,/home/ubuntu/hpproject/yolo/dataset/yolo/datasetm6c/images/val/0020.png,0,background_fp,texture_boundary,0.3289322257041931,0,"203.16,125.44,259.12,159.63","{""bright_ratio"": 0.0, ""grad_ratio"": 0.10025062656641603, ""near_edge"": 0.0, ""white_thresh"": 250.0, ""grad_percentile"": 90.0}"
al3,val,/home/ubuntu/hpproject/yolo/dataset/yolo/datasetm6c/images/val/0061.png,0,background_fp,texture_boundary,0.7709431648254395,0,"297.68,138.81,357.21,216.26","{""bright_ratio"": 0.0, ""grad_ratio"": 0.1000207511931936, ""near_edge"": 0.0, ""white_thresh"": 250.0, ""grad_percentile"": 90.0}"
al3,val,/home/ubuntu/hpproject/yolo/dataset/yolo/datasetm6c/images/val/0061.png,2,background_fp,texture_boundary,0.28116893768310547,0,"350.23,264.87,378.41,289.45","{""bright_ratio"": 0.0, ""grad_ratio"": 0.10079575596816977, ""near_edge"": 0.0, ""white_thresh"": 250.0, ""grad_percentile"": 90.0}"
al3,val,/home/ubuntu/hpproject/yolo/dataset/yolo/datasetm6c/images/val/0103.png,0,background_fp,texture_boundary,0.44285812973976135,0,"197.96,234.55,293.50,273.52","{""bright_ratio"": 0.0, ""grad_ratio"": 0.1, ""near_edge"": 0.0, ""white_thresh"": 250.0, ""grad_percentile"": 90.0}"
al3,val,/home/ubuntu/hpproject/yolo/dataset/yolo/datasetm6c/images/val/0124.png,1,background_fp,highlight,0.38220179080963135,0,"337.36,80.67,380.24,121.45","{""bright_ratio"": 0.2050865800865801, ""grad_ratio"": 0.1001082251082251, ""near_edge"": 0.0, ""white_thresh"": 250.0, ""grad_percentile"": 90.0}"
al3,val,/home/ubuntu/hpproject/yolo/dataset/yolo/datasetm6c/images/val/0142.png,0,pred_dup,highlight,0.6484969854354858,0,"204.66,121.82,369.54,176.46","{""bright_ratio"": 0.14909638554216867, ""grad_ratio"": 0.10004302925989673, ""near_edge"": 0.0, ""white_thresh"": 250.0, ""grad_percentile"": 90.0}"
al3,val,/home/ubuntu/hpproject/yolo/dataset/yolo/datasetm6c/images/val/0160.png,0,background_fp,texture_boundary,0.5282811522483826,0,"223.29,160.46,279.94,252.83","{""bright_ratio"": 0.0, ""grad_ratio"": 0.100169779286927, ""near_edge"": 0.0, ""white_thresh"": 250.0, ""grad_percentile"": 90.0}"
al3,val,/home/ubuntu/hpproject/yolo/dataset/yolo/datasetm6c/images/val/0177.png,1,background_fp,highlight,0.6892662048339844,0,"169.79,361.79,256.82,410.80","{""bright_ratio"": 0.07, ""grad_ratio"": 0.1, ""near_edge"": 0.0, ""white_thresh"": 250.0, ""grad_percentile"": 90.0}"
al3,val,/home/ubuntu/hpproject/yolo/dataset/yolo/datasetm6c/images/val/0179.png,1,background_fp,texture_boundary,0.2563019096851349,0,"347.44,388.35,397.29,439.48","{""bright_ratio"": 0.0, ""grad_ratio"": 0.10030165912518854, ""near_edge"": 0.0, ""white_thresh"": 250.0, ""grad_percentile"": 90.0}"
al3,val,/home/ubuntu/hpproject/yolo/dataset/yolo/datasetm6c/images/val/0221.png,2,pred_dup,texture_boundary,0.29895830154418945,0,"155.23,236.80,194.25,272.31","{""bright_ratio"": 0.0, ""grad_ratio"": 0.1, ""near_edge"": 0.0, ""white_thresh"": 250.0, ""grad_percentile"": 90.0}"
al3,val,/home/ubuntu/hpproject/yolo/dataset/yolo/datasetm6c/images/val/0246.png,0,background_fp,texture_boundary,0.341999351978302,0,"216.98,198.29,282.22,242.37","{""bright_ratio"": 0.0, ""grad_ratio"": 0.10016583747927031, ""near_edge"": 0.0, ""white_thresh"": 250.0, ""grad_percentile"": 90.0}"
al3,val,/home/ubuntu/hpproject/yolo/dataset/yolo/datasetm6c/images/val/0274.png,0,background_fp,highlight,0.2551911473274231,0,"190.42,146.89,217.19,185.96","{""bright_ratio"": 0.26517857142857143, ""grad_ratio"": 0.1, ""near_edge"": 0.0, ""white_thresh"": 250.0, ""grad_percentile"": 90.0}"
al3,val,/home/ubuntu/hpproject/yolo/dataset/yolo/datasetm6c/images/val/0289.png,0,background_fp,highlight,0.39069491624832153,0,"158.41,117.61,217.02,179.79","{""bright_ratio"": 0.34074074074074073, ""grad_ratio"": 0.1, ""near_edge"": 0.0, ""white_thresh"": 250.0, ""grad_percentile"": 90.0}"
al3,val,/home/ubuntu/hpproject/yolo/dataset/yolo/datasetm6c/images/val/0351.png,0,background_fp,highlight,0.43083688616752625,0,"389.46,260.85,407.99,288.95","{""bright_ratio"": 0.16696914700544466, ""grad_ratio"": 0.10163339382940109, ""near_edge"": 0.0, ""white_thresh"": 250.0, ""grad_percentile"": 90.0}"
al3,val,/home/ubuntu/hpproject/yolo/dataset/yolo/datasetm6c/images/val/0354.png,1,pred_dup,texture_boundary,0.6354166269302368,0,"228.30,204.04,265.60,249.10","{""bright_ratio"": 0.0, ""grad_ratio"": 0.10011441647597254, ""near_edge"": 0.0, ""white_thresh"": 250.0, ""grad_percentile"": 90.0}"
al3,val,/home/ubuntu/hpproject/yolo/dataset/yolo/datasetm6c/images/val/0363.png,1,background_fp,texture_boundary,0.324285626411438,0,"97.69,230.88,124.27,263.32","{""bright_ratio"": 0.0, ""grad_ratio"": 0.10084033613445378, ""near_edge"": 0.0, ""white_thresh"": 250.0, ""grad_percentile"": 90.0}"
al3,val,/home/ubuntu/hpproject/yolo/dataset/yolo/datasetm6c/images/val/0371.png,1,background_fp,texture_boundary,0.6768856048583984,0,"244.59,212.64,346.33,251.89","{""bright_ratio"": 0.0, ""grad_ratio"": 0.1, ""near_edge"": 0.0, ""white_thresh"": 250.0, ""grad_percentile"": 90.0}"
al3,val,/home/ubuntu/hpproject/yolo/dataset/yolo/datasetm6c/images/val/0371.png,2,background_fp,texture_boundary,0.6119607090950012,0,"244.03,409.56,271.32,429.28","{""bright_ratio"": 0.0, ""grad_ratio"": 0.10034013605442177, ""near_edge"": 0.0, ""white_thresh"": 250.0, ""grad_percentile"": 90.0}"
al3,val,/home/ubuntu/hpproject/yolo/dataset/yolo/datasetm6c/images/val/0371.png,3,background_fp,texture_boundary,0.59489506483078,0,"303.73,143.41,327.78,170.06","{""bright_ratio"": 0.0, ""grad_ratio"": 0.1, ""near_edge"": 0.0, ""white_thresh"": 250.0, ""grad_percentile"": 90.0}"
al3,val,/home/ubuntu/hpproject/yolo/dataset/yolo/datasetm6c/images/val/0371.png,5,pred_dup,highlight,0.4695543944835663,0,"351.48,105.14,396.65,151.94","{""bright_ratio"": 0.0971322849213691, ""grad_ratio"": 0.10037002775208141, ""near_edge"": 0.0, ""white_thresh"": 250.0, ""grad_percentile"": 90.0}"
al3,val,/home/ubuntu/hpproject/yolo/dataset/yolo/datasetm6c/images/val/0428.png,0,background_fp,highlight,0.3075709342956543,0,"345.79,373.36,362.13,394.18","{""bright_ratio"": 0.05808080808080808, ""grad_ratio"": 0.10101010101010101, ""near_edge"": 0.0, ""white_thresh"": 250.0, ""grad_percentile"": 90.0}"
al3,val,/home/ubuntu/hpproject/yolo/dataset/yolo/datasetm6c/images/val/0433.png,1,background_fp,texture_boundary,0.3005104660987854,0,"146.93,205.76,206.75,261.36","{""bright_ratio"": 0.0, ""grad_ratio"": 0.1006614897900489, ""near_edge"": 0.0, ""white_thresh"": 250.0, ""grad_percentile"": 90.0}"
al3,test,/home/ubuntu/hpproject/yolo/dataset/yolo/datasetm6c/images/test/0049.png,0,background_fp,texture_boundary,0.37940678000450134,0,"164.97,101.99,207.37,132.23","{""bright_ratio"": 0.0, ""grad_ratio"": 0.10014204545454546, ""near_edge"": 0.0, ""white_thresh"": 250.0, ""grad_percentile"": 90.0}"
al3,test,/home/ubuntu/hpproject/yolo/dataset/yolo/datasetm6c/images/test/0071.png,0,background_fp,texture_boundary,0.38646507263183594,0,"176.12,96.66,205.73,143.68","{""bright_ratio"": 0.0, ""grad_ratio"": 0.10069444444444445, ""near_edge"": 0.0, ""white_thresh"": 250.0, ""grad_percentile"": 90.0}"
al3,test,/home/ubuntu/hpproject/yolo/dataset/yolo/datasetm6c/images/test/0112.png,1,pred_dup,texture_boundary,0.4376434087753296,0,"314.01,125.42,337.26,158.03","{""bright_ratio"": 0.0, ""grad_ratio"": 0.10049019607843138, ""near_edge"": 0.0, ""white_thresh"": 250.0, ""grad_percentile"": 90.0}"
al3,test,/home/ubuntu/hpproject/yolo/dataset/yolo/datasetm6c/images/test/0127.png,1,background_fp,highlight,0.47260263562202454,0,"241.41,79.83,316.41,114.52","{""bright_ratio"": 0.059941520467836254, ""grad_ratio"": 0.10014619883040936, ""near_edge"": 0.0, ""white_thresh"": 250.0, ""grad_percentile"": 90.0}"
al3,test,/home/ubuntu/hpproject/yolo/dataset/yolo/datasetm6c/images/test/0127.png,2,background_fp,texture_boundary,0.3244197964668274,0,"319.40,138.51,388.96,211.75","{""bright_ratio"": 0.03262548262548263, ""grad_ratio"": 0.1, ""near_edge"": 0.0, ""white_thresh"": 250.0, ""grad_percentile"": 90.0}"
al3,test,/home/ubuntu/hpproject/yolo/dataset/yolo/datasetm6c/images/test/0127.png,3,background_fp,texture_boundary,0.30672261118888855,0,"240.63,328.85,277.28,373.30","{""bright_ratio"": 0.0, ""grad_ratio"": 0.10011441647597254, ""near_edge"": 0.0, ""white_thresh"": 250.0, ""grad_percentile"": 90.0}"
al3,test,/home/ubuntu/hpproject/yolo/dataset/yolo/datasetm6c/images/test/0139.png,1,background_fp,texture_boundary,0.6910645365715027,0,"354.32,150.88,403.67,204.55","{""bright_ratio"": 0.005818181818181818, ""grad_ratio"": 0.1, ""near_edge"": 0.0, ""white_thresh"": 250.0, ""grad_percentile"": 90.0}"
al3,test,/home/ubuntu/hpproject/yolo/dataset/yolo/datasetm6c/images/test/0149.png,0,pred_dup,texture_boundary,0.6198592185974121,0,"234.71,159.87,284.64,240.50","{""bright_ratio"": 0.0, ""grad_ratio"": 0.10019129603060736, ""near_edge"": 0.0, ""white_thresh"": 250.0, ""grad_percentile"": 90.0}"
al3,test,/home/ubuntu/hpproject/yolo/dataset/yolo/datasetm6c/images/test/0149.png,1,background_fp,texture_boundary,0.48911842703819275,0,"248.38,89.52,280.85,127.84","{""bright_ratio"": 0.03263403263403263, ""grad_ratio"": 0.10023310023310024, ""near_edge"": 0.0, ""white_thresh"": 250.0, ""grad_percentile"": 90.0}"
al3,test,/home/ubuntu/hpproject/yolo/dataset/yolo/datasetm6c/images/test/0149.png,2,pred_dup,texture_boundary,0.295523077249527,0,"237.83,160.39,284.99,216.11","{""bright_ratio"": 0.0, ""grad_ratio"": 0.10051169590643275, ""near_edge"": 0.0, ""white_thresh"": 250.0, ""grad_percentile"": 90.0}"
al3,test,/home/ubuntu/hpproject/yolo/dataset/yolo/datasetm6c/images/test/0171.png,4,pred_dup,texture_boundary,0.3117528259754181,0,"184.73,224.17,300.18,285.63","{""bright_ratio"": 0.0, ""grad_ratio"": 0.10022056796250345, ""near_edge"": 0.0, ""white_thresh"": 250.0, ""grad_percentile"": 90.0}"
al3,test,/home/ubuntu/hpproject/yolo/dataset/yolo/datasetm6c/images/test/0173.png,1,pred_dup,texture_boundary,0.36020004749298096,0,"209.43,105.00,244.92,155.06","{""bright_ratio"": 0.0, ""grad_ratio"": 0.10076252723311546, ""near_edge"": 0.0, ""white_thresh"": 250.0, ""grad_percentile"": 90.0}"
al3,test,/home/ubuntu/hpproject/yolo/dataset/yolo/datasetm6c/images/test/0173.png,3,background_fp,highlight,0.2743450999259949,0,"247.81,101.46,360.30,253.40","{""bright_ratio"": 0.28236440775140464, ""grad_ratio"": 0.1001031991744066, ""near_edge"": 0.0, ""white_thresh"": 250.0, ""grad_percentile"": 90.0}"
al3,test,/home/ubuntu/hpproject/yolo/dataset/yolo/datasetm6c/images/test/0193.png,2,background_fp,texture_boundary,0.36460211873054504,0,"96.54,194.68,156.78,242.14","{""bright_ratio"": 0.021746403479424557, ""grad_ratio"": 0.10070257611241218, ""near_edge"": 0.0, ""white_thresh"": 250.0, ""grad_percentile"": 90.0}"
al3,test,/home/ubuntu/hpproject/yolo/dataset/yolo/datasetm6c/images/test/0204.png,1,pred_dup,highlight,0.2589220106601715,0,"315.43,82.49,364.13,138.63","{""bright_ratio"": 0.059298245614035086, ""grad_ratio"": 0.1, ""near_edge"": 0.0, ""white_thresh"": 250.0, ""grad_percentile"": 90.0}"
al3,test,/home/ubuntu/hpproject/yolo/dataset/yolo/datasetm6c/images/test/0259.png,1,background_fp,texture_boundary,0.6235353946685791,0,"267.15,276.86,379.50,303.46","{""bright_ratio"": 0.0, ""grad_ratio"": 0.10018963337547408, ""near_edge"": 0.0, ""white_thresh"": 250.0, ""grad_percentile"": 90.0}"
al3,test,/home/ubuntu/hpproject/yolo/dataset/yolo/datasetm6c/images/test/0295.png,0,background_fp,texture_boundary,0.42825546860694885,0,"227.22,198.81,304.51,275.55","{""bright_ratio"": 0.0023011176857330702, ""grad_ratio"": 0.10009861932938856, ""near_edge"": 0.0, ""white_thresh"": 250.0, ""grad_percentile"": 90.0}"
al3,test,/home/ubuntu/hpproject/yolo/dataset/yolo/datasetm6c/images/test/0295.png,1,background_fp,texture_boundary,0.34067976474761963,0,"258.56,201.53,307.02,271.81","{""bright_ratio"": 0.0, ""grad_ratio"": 0.10028169014084506, ""near_edge"": 0.0, ""white_thresh"": 250.0, ""grad_percentile"": 90.0}"
al3,test,/home/ubuntu/hpproject/yolo/dataset/yolo/datasetm6c/images/test/0344.png,1,pred_dup,texture_boundary,0.3052279055118561,0,"309.99,122.00,357.67,174.72","{""bright_ratio"": 0.0, ""grad_ratio"": 0.10015117157974301, ""near_edge"": 0.0, ""white_thresh"": 250.0, ""grad_percentile"": 90.0}"
al3,test,/home/ubuntu/hpproject/yolo/dataset/yolo/datasetm6c/images/test/0345.png,0,background_fp,texture_boundary,0.3142165541648865,0,"234.86,95.21,274.26,162.57","{""bright_ratio"": 0.0351506456241033, ""grad_ratio"": 0.10043041606886657, ""near_edge"": 0.0, ""white_thresh"": 250.0, ""grad_percentile"": 90.0}"
al3,test,/home/ubuntu/hpproject/yolo/dataset/yolo/datasetm6c/images/test/0378.png,2,pred_dup,texture_boundary,0.5996847748756409,0,"216.54,211.05,316.53,263.64","{""bright_ratio"": 0.0, ""grad_ratio"": 0.10013076779376051, ""near_edge"": 0.0, ""white_thresh"": 250.0, ""grad_percentile"": 90.0}"
al3,test,/home/ubuntu/hpproject/yolo/dataset/yolo/datasetm6c/images/test/0413.png,0,background_fp,texture_boundary,0.9420972466468811,0,"338.48,237.58,389.94,299.70","{""bright_ratio"": 0.0, ""grad_ratio"": 0.10042735042735043, ""near_edge"": 0.0, ""white_thresh"": 250.0, ""grad_percentile"": 90.0}"
al3,test,/home/ubuntu/hpproject/yolo/dataset/yolo/datasetm6c/images/test/0415.png,0,background_fp,texture_boundary,0.42673689126968384,0,"209.21,214.86,232.13,237.41","{""bright_ratio"": 0.0, ""grad_ratio"": 0.10069444444444445, ""near_edge"": 0.0, ""white_thresh"": 250.0, ""grad_percentile"": 90.0}"
al3,test,/home/ubuntu/hpproject/yolo/dataset/yolo/datasetm6c/images/test/0415.png,1,background_fp,texture_boundary,0.3210389316082001,0,"243.90,95.00,282.39,116.66","{""bright_ratio"": 0.04318181818181818, ""grad_ratio"": 0.1, ""near_edge"": 0.0, ""white_thresh"": 250.0, ""grad_percentile"": 90.0}"
al3,test,/home/ubuntu/hpproject/yolo/dataset/yolo/datasetm6c/images/test/0423.png,3,background_fp,texture_boundary,0.4273971617221832,0,"194.47,294.48,277.72,325.77","{""bright_ratio"": 0.0, ""grad_ratio"": 0.10007440476190477, ""near_edge"": 0.0, ""white_thresh"": 250.0, ""grad_percentile"": 90.0}"
al3,test,/home/ubuntu/hpproject/yolo/dataset/yolo/datasetm6c/images/test/0423.png,5,background_fp,texture_boundary,0.31643590331077576,0,"172.49,320.95,225.10,372.52","{""bright_ratio"": 0.0, ""grad_ratio"": 0.10027952480782669, ""near_edge"": 0.0, ""white_thresh"": 250.0, ""grad_percentile"": 90.0}"
al3,test,/home/ubuntu/hpproject/yolo/dataset/yolo/datasetm6c/images/test/0423.png,6,background_fp,highlight,0.26895079016685486,0,"78.54,272.19,142.47,342.15","{""bright_ratio"": 0.0600216684723727, ""grad_ratio"": 0.10032502708559046, ""near_edge"": 0.0, ""white_thresh"": 250.0, ""grad_percentile"": 90.0}"
al3,test,/home/ubuntu/hpproject/yolo/dataset/yolo/datasetm6c/images/test/0450.png,0,background_fp,texture_boundary,0.5475826859474182,0,"154.98,170.78,240.09,226.79","{""bright_ratio"": 0.0054446460980036296, ""grad_ratio"": 0.10022181891510386, ""near_edge"": 0.0, ""white_thresh"": 250.0, ""grad_percentile"": 90.0}"
al2,val,/home/ubuntu/hpproject/yolo/dataset/yolo/datasetm6c/images/val/0030.png,1,background_fp,texture_boundary,0.42385831475257874,0,"301.70,214.28,373.49,277.41","{""bright_ratio"": 0.03617294520547945, ""grad_ratio"": 0.10017123287671233, ""near_edge"": 0.0, ""white_thresh"": 250.0, ""grad_percentile"": 90.0}"
al2,val,/home/ubuntu/hpproject/yolo/dataset/yolo/datasetm6c/images/val/0051.png,1,pred_dup,texture_boundary,0.3680928945541382,0,"155.04,136.72,178.61,163.94","{""bright_ratio"": 0.0, ""grad_ratio"": 0.10119047619047619, ""near_edge"": 0.0, ""white_thresh"": 250.0, ""grad_percentile"": 90.0}"
al2,val,/home/ubuntu/hpproject/yolo/dataset/yolo/datasetm6c/images/val/0061.png,0,background_fp,texture_boundary,0.7224579453468323,0,"299.45,138.44,356.74,213.44","{""bright_ratio"": 0.0, ""grad_ratio"": 0.10004537205081669, ""near_edge"": 0.0, ""white_thresh"": 250.0, ""grad_percentile"": 90.0}"
al2,val,/home/ubuntu/hpproject/yolo/dataset/yolo/datasetm6c/images/val/0061.png,1,background_fp,texture_boundary,0.4509370028972626,0,"349.38,266.45,379.28,291.21","{""bright_ratio"": 0.0, ""grad_ratio"": 0.10049627791563276, ""near_edge"": 0.0, ""white_thresh"": 250.0, ""grad_percentile"": 90.0}"
al2,val,/home/ubuntu/hpproject/yolo/dataset/yolo/datasetm6c/images/val/0061.png,2,background_fp,highlight,0.26318851113319397,0,"227.83,87.83,261.31,121.44","{""bright_ratio"": 0.21551020408163266, ""grad_ratio"": 0.10040816326530612, ""near_edge"": 0.0, ""white_thresh"": 250.0, ""grad_percentile"": 90.0}"
al2,val,/home/ubuntu/hpproject/yolo/dataset/yolo/datasetm6c/images/val/0069.png,0,background_fp,texture_boundary,0.3884432017803192,0,"170.39,281.67,291.21,337.22","{""bright_ratio"": 0.0, ""grad_ratio"": 0.1000862812769629, ""near_edge"": 0.0, ""white_thresh"": 250.0, ""grad_percentile"": 90.0}"
al2,val,/home/ubuntu/hpproject/yolo/dataset/yolo/datasetm6c/images/val/0094.png,1,background_fp,highlight,0.6878523230552673,0,"325.26,166.66,483.70,283.83","{""bright_ratio"": 0.1927832853640337, ""grad_ratio"": 0.10020253704295917, ""near_edge"": 0.0, ""white_thresh"": 250.0, ""grad_percentile"": 90.0}"
al2,val,/home/ubuntu/hpproject/yolo/dataset/yolo/datasetm6c/images/val/0103.png,1,background_fp,texture_boundary,0.27792662382125854,0,"196.50,235.64,293.79,275.39","{""bright_ratio"": 0.0, ""grad_ratio"": 0.10029865604778497, ""near_edge"": 0.0, ""white_thresh"": 250.0, ""grad_percentile"": 90.0}"
al2,val,/home/ubuntu/hpproject/yolo/dataset/yolo/datasetm6c/images/val/0131.png,1,background_fp,texture_boundary,0.34222185611724854,0,"316.48,173.14,397.72,267.90","{""bright_ratio"": 0.0, ""grad_ratio"": 0.10025673940949936, ""near_edge"": 0.0, ""white_thresh"": 250.0, ""grad_percentile"": 90.0}"
al2,val,/home/ubuntu/hpproject/yolo/dataset/yolo/datasetm6c/images/val/0143.png,0,background_fp,texture_boundary,0.3544304370880127,0,"154.05,225.56,259.28,257.66","{""bright_ratio"": 0.0, ""grad_ratio"": 0.10005717552887364, ""near_edge"": 0.0, ""white_thresh"": 250.0, ""grad_percentile"": 90.0}"
al2,val,/home/ubuntu/hpproject/yolo/dataset/yolo/datasetm6c/images/val/0177.png,0,background_fp,highlight,0.9106614589691162,0,"163.18,357.09,237.09,410.42","{""bright_ratio"": 0.054814814814814816, ""grad_ratio"": 0.1, ""near_edge"": 0.0, ""white_thresh"": 250.0, ""grad_percentile"": 90.0}"
al2,val,/home/ubuntu/hpproject/yolo/dataset/yolo/datasetm6c/images/val/0177.png,2,pred_dup,highlight,0.47969573736190796,0,"159.09,85.02,280.92,204.14","{""bright_ratio"": 0.18545081967213115, ""grad_ratio"": 0.1, ""near_edge"": 0.0, ""white_thresh"": 250.0, ""grad_percentile"": 90.0}"
al2,val,/home/ubuntu/hpproject/yolo/dataset/yolo/datasetm6c/images/val/0289.png,0,background_fp,highlight,0.2996021509170532,0,"159.37,119.46,214.95,181.16","{""bright_ratio"": 0.3177437641723356, ""grad_ratio"": 0.10005668934240362, ""near_edge"": 0.0, ""white_thresh"": 250.0, ""grad_percentile"": 90.0}"
al2,val,/home/ubuntu/hpproject/yolo/dataset/yolo/datasetm6c/images/val/0351.png,0,background_fp,texture_boundary,0.47568511962890625,0,"217.20,115.60,310.97,176.17","{""bright_ratio"": 0.01098146877144818, ""grad_ratio"": 0.10003431708991077, ""near_edge"": 0.0, ""white_thresh"": 250.0, ""grad_percentile"": 90.0}"
al2,val,/home/ubuntu/hpproject/yolo/dataset/yolo/datasetm6c/images/val/0351.png,2,background_fp,texture_boundary,0.32878151535987854,0,"82.58,251.51,104.98,289.60","{""bright_ratio"": 0.0, ""grad_ratio"": 0.10144927536231885, ""near_edge"": 0.0, ""white_thresh"": 250.0, ""grad_percentile"": 90.0}"
al2,val,/home/ubuntu/hpproject/yolo/dataset/yolo/datasetm6c/images/val/0363.png,1,background_fp,texture_boundary,0.2777206599712372,0,"98.91,230.73,124.70,261.64","{""bright_ratio"": 0.0, ""grad_ratio"": 0.10069444444444445, ""near_edge"": 0.0, ""white_thresh"": 250.0, ""grad_percentile"": 90.0}"
al2,val,/home/ubuntu/hpproject/yolo/dataset/yolo/datasetm6c/images/val/0363.png,3,pred_dup,texture_boundary,0.2536495625972748,0,"294.81,153.25,333.48,205.54","{""bright_ratio"": 0.0, ""grad_ratio"": 0.10047169811320755, ""near_edge"": 0.0, ""white_thresh"": 250.0, ""grad_percentile"": 90.0}"
al2,val,/home/ubuntu/hpproject/yolo/dataset/yolo/datasetm6c/images/val/0371.png,0,background_fp,texture_boundary,0.7438542246818542,0,"246.59,409.90,272.34,428.90","{""bright_ratio"": 0.0, ""grad_ratio"": 0.1, ""near_edge"": 0.0, ""white_thresh"": 250.0, ""grad_percentile"": 90.0}"
al2,val,/home/ubuntu/hpproject/yolo/dataset/yolo/datasetm6c/images/val/0371.png,1,background_fp,texture_boundary,0.6443071365356445,0,"247.48,211.13,347.30,254.49","{""bright_ratio"": 0.0, ""grad_ratio"": 0.10013501350135014, ""near_edge"": 0.0, ""white_thresh"": 250.0, ""grad_percentile"": 90.0}"
al2,val,/home/ubuntu/hpproject/yolo/dataset/yolo/datasetm6c/images/val/0371.png,3,pred_dup,highlight,0.38411179184913635,0,"403.35,292.39,458.18,357.92","{""bright_ratio"": 0.26055194805194803, ""grad_ratio"": 0.1001082251082251, ""near_edge"": 0.0, ""white_thresh"": 250.0, ""grad_percentile"": 90.0}"
al2,val,/home/ubuntu/hpproject/yolo/dataset/yolo/datasetm6c/images/val/0371.png,6,background_fp,texture_boundary,0.2585237920284271,0,"303.66,141.41,333.87,172.21","{""bright_ratio"": 0.0, ""grad_ratio"": 0.10080645161290322, ""near_edge"": 0.0, ""white_thresh"": 250.0, ""grad_percentile"": 90.0}"
al2,val,/home/ubuntu/hpproject/yolo/dataset/yolo/datasetm6c/images/val/0376.png,1,pred_dup,texture_boundary,0.36209428310394287,0,"293.72,139.04,336.04,196.76","{""bright_ratio"": 0.0, ""grad_ratio"": 0.10109717868338558, ""near_edge"": 0.0, ""white_thresh"": 250.0, ""grad_percentile"": 90.0}"
al2,val,/home/ubuntu/hpproject/yolo/dataset/yolo/datasetm6c/images/val/0428.png,0,background_fp,texture_boundary,0.3971903622150421,0,"346.73,374.05,361.18,393.63","{""bright_ratio"": 0.028125, ""grad_ratio"": 0.1, ""near_edge"": 0.0, ""white_thresh"": 250.0, ""grad_percentile"": 90.0}"
al2,val,/home/ubuntu/hpproject/yolo/dataset/yolo/datasetm6c/images/val/0433.png,0,pred_dup,texture_boundary,0.487400084733963,0,"149.72,131.26,183.14,167.81","{""bright_ratio"": 0.0, ""grad_ratio"": 0.10038610038610038, ""near_edge"": 0.0, ""white_thresh"": 250.0, ""grad_percentile"": 90.0}"
al2,val,/home/ubuntu/hpproject/yolo/dataset/yolo/datasetm6c/images/val/0449.png,0,background_fp,texture_boundary,0.26333945989608765,0,"163.67,94.31,212.54,129.53","{""bright_ratio"": 0.0, ""grad_ratio"": 0.1, ""near_edge"": 0.0, ""white_thresh"": 250.0, ""grad_percentile"": 90.0}"
al2,test,/home/ubuntu/hpproject/yolo/dataset/yolo/datasetm6c/images/test/0045.png,1,pred_dup,texture_boundary,0.43292900919914246,0,"169.72,119.59,288.71,154.15","{""bright_ratio"": 0.0, ""grad_ratio"": 0.10023148148148148, ""near_edge"": 0.0, ""white_thresh"": 250.0, ""grad_percentile"": 90.0}"
al2,test,/home/ubuntu/hpproject/yolo/dataset/yolo/datasetm6c/images/test/0049.png,1,background_fp,texture_boundary,0.3484482765197754,0,"161.40,101.34,207.06,133.34","{""bright_ratio"": 0.0, ""grad_ratio"": 0.10058027079303675, ""near_edge"": 0.0, ""white_thresh"": 250.0, ""grad_percentile"": 90.0}"
al2,test,/home/ubuntu/hpproject/yolo/dataset/yolo/datasetm6c/images/test/0071.png,0,background_fp,texture_boundary,0.5548349022865295,0,"129.93,381.50,191.59,425.36","{""bright_ratio"": 0.0, ""grad_ratio"": 0.1001763668430335, ""near_edge"": 0.0, ""white_thresh"": 250.0, ""grad_percentile"": 90.0}"
al2,test,/home/ubuntu/hpproject/yolo/dataset/yolo/datasetm6c/images/test/0071.png,1,background_fp,texture_boundary,0.31203600764274597,0,"178.68,101.27,216.69,144.47","{""bright_ratio"": 0.0, ""grad_ratio"": 0.10081585081585082, ""near_edge"": 0.0, ""white_thresh"": 250.0, ""grad_percentile"": 90.0}"
al2,test,/home/ubuntu/hpproject/yolo/dataset/yolo/datasetm6c/images/test/0139.png,1,background_fp,texture_boundary,0.37958914041519165,0,"358.69,154.01,404.41,203.18","{""bright_ratio"": 0.003404255319148936, ""grad_ratio"": 0.10042553191489362, ""near_edge"": 0.0, ""white_thresh"": 250.0, ""grad_percentile"": 90.0}"
al2,test,/home/ubuntu/hpproject/yolo/dataset/yolo/datasetm6c/images/test/0140.png,1,background_fp,texture_boundary,0.28355494141578674,0,"303.21,120.35,384.16,201.04","{""bright_ratio"": 0.029892920880428317, ""grad_ratio"": 0.10053539559785842, ""near_edge"": 0.0, ""white_thresh"": 250.0, ""grad_percentile"": 90.0}"
al2,test,/home/ubuntu/hpproject/yolo/dataset/yolo/datasetm6c/images/test/0152.png,1,pred_dup,highlight,0.27778807282447815,0,"224.81,49.76,368.78,105.02","{""bright_ratio"": 0.3000604960677556, ""grad_ratio"": 0.10018148820326679, ""near_edge"": 0.0, ""white_thresh"": 250.0, ""grad_percentile"": 90.0}"
al2,test,/home/ubuntu/hpproject/yolo/dataset/yolo/datasetm6c/images/test/0186.png,1,pred_dup,texture_boundary,0.511850893497467,0,"304.38,197.40,420.47,251.64","{""bright_ratio"": 0.027661227661227663, ""grad_ratio"": 0.1006993006993007, ""near_edge"": 0.0, ""white_thresh"": 250.0, ""grad_percentile"": 90.0}"
al2,test,/home/ubuntu/hpproject/yolo/dataset/yolo/datasetm6c/images/test/0218.png,2,background_fp,highlight,0.2586361765861511,0,"124.85,91.02,292.64,174.80","{""bright_ratio"": 0.08009298393913779, ""grad_ratio"": 0.10009861932938856, ""near_edge"": 0.0, ""white_thresh"": 250.0, ""grad_percentile"": 90.0}"
al2,test,/home/ubuntu/hpproject/yolo/dataset/yolo/datasetm6c/images/test/0241.png,0,background_fp,highlight,0.4166308045387268,0,"187.19,141.10,239.00,165.08","{""bright_ratio"": 0.14264150943396225, ""grad_ratio"": 0.10037735849056603, ""near_edge"": 0.0, ""white_thresh"": 250.0, ""grad_percentile"": 90.0}"
al2,test,/home/ubuntu/hpproject/yolo/dataset/yolo/datasetm6c/images/test/0241.png,1,background_fp,highlight,0.3105745017528534,0,"186.76,140.28,241.82,175.21","{""bright_ratio"": 0.13343253968253968, ""grad_ratio"": 0.1001984126984127, ""near_edge"": 0.0, ""white_thresh"": 250.0, ""grad_percentile"": 90.0}"
al2,test,/home/ubuntu/hpproject/yolo/dataset/yolo/datasetm6c/images/test/0258.png,0,background_fp,highlight,0.3107090890407562,0,"223.94,189.98,307.42,238.44","{""bright_ratio"": 0.06235294117647059, ""grad_ratio"": 0.1, ""near_edge"": 0.0, ""white_thresh"": 250.0, ""grad_percentile"": 90.0}"
al2,test,/home/ubuntu/hpproject/yolo/dataset/yolo/datasetm6c/images/test/0259.png,2,background_fp,texture_boundary,0.29167330265045166,0,"265.20,306.63,381.84,336.32","{""bright_ratio"": 0.0, ""grad_ratio"": 0.1000827129859388, ""near_edge"": 0.0, ""white_thresh"": 250.0, ""grad_percentile"": 90.0}"
al2,test,/home/ubuntu/hpproject/yolo/dataset/yolo/datasetm6c/images/test/0374.png,0,background_fp,texture_boundary,0.42136475443840027,0,"282.70,145.43,390.99,222.43","{""bright_ratio"": 0.018819101387908727, ""grad_ratio"": 0.10021171489061398, ""near_edge"": 0.0, ""white_thresh"": 250.0, ""grad_percentile"": 90.0}"
al2,test,/home/ubuntu/hpproject/yolo/dataset/yolo/datasetm6c/images/test/0378.png,2,pred_dup,texture_boundary,0.3642140328884125,0,"215.81,189.53,322.97,271.99","{""bright_ratio"": 0.0, ""grad_ratio"": 0.1000669344042838, ""near_edge"": 0.0, ""white_thresh"": 250.0, ""grad_percentile"": 90.0}"
al2,test,/home/ubuntu/hpproject/yolo/dataset/yolo/datasetm6c/images/test/0413.png,0,background_fp,texture_boundary,0.48511338233947754,0,"337.99,234.81,387.81,299.40","{""bright_ratio"": 0.0, ""grad_ratio"": 0.10011883541295306, ""near_edge"": 0.0, ""white_thresh"": 250.0, ""grad_percentile"": 90.0}"
al2,test,/home/ubuntu/hpproject/yolo/dataset/yolo/datasetm6c/images/test/0415.png,0,background_fp,texture_boundary,0.3353073000907898,0,"208.52,214.42,232.11,238.10","{""bright_ratio"": 0.0, ""grad_ratio"": 0.1008, ""near_edge"": 0.0, ""white_thresh"": 250.0, ""grad_percentile"": 90.0}"
al2,test,/home/ubuntu/hpproject/yolo/dataset/yolo/datasetm6c/images/test/0423.png,2,background_fp,texture_boundary,0.3497891426086426,0,"171.13,340.96,203.83,370.97","{""bright_ratio"": 0.0, ""grad_ratio"": 0.10166177908113393, ""near_edge"": 0.0, ""white_thresh"": 250.0, ""grad_percentile"": 90.0}"
al2,test,/home/ubuntu/hpproject/yolo/dataset/yolo/datasetm6c/images/test/0430.png,1,pred_dup,texture_boundary,0.2927098274230957,0,"193.18,163.38,218.51,184.31","{""bright_ratio"": 0.0, ""grad_ratio"": 0.10139860139860139, ""near_edge"": 0.0, ""white_thresh"": 250.0, ""grad_percentile"": 90.0}"
al1,val,/home/ubuntu/hpproject/yolo/dataset/yolo/datasetm6c/images/val/0007.png,0,pred_dup,highlight,0.3070157468318939,0,"88.30,82.99,179.55,188.95","{""bright_ratio"": 0.11611133685493702, ""grad_ratio"": 0.10016253555465258, ""near_edge"": 0.0, ""white_thresh"": 250.0, ""grad_percentile"": 90.0}"
al1,val,/home/ubuntu/hpproject/yolo/dataset/yolo/datasetm6c/images/val/0055.png,0,background_fp,texture_boundary,0.6817832589149475,0,"113.29,103.17,178.12,130.29","{""bright_ratio"": 0.017857142857142856, ""grad_ratio"": 0.1001082251082251, ""near_edge"": 0.0, ""white_thresh"": 250.0, ""grad_percentile"": 90.0}"
al1,val,/home/ubuntu/hpproject/yolo/dataset/yolo/datasetm6c/images/val/0055.png,1,background_fp,highlight,0.46800270676612854,0,"106.29,65.98,217.08,203.34","{""bright_ratio"": 0.07720966084275437, ""grad_ratio"": 0.10007708119218911, ""near_edge"": 0.0, ""white_thresh"": 250.0, ""grad_percentile"": 90.0}"
al1,val,/home/ubuntu/hpproject/yolo/dataset/yolo/datasetm6c/images/val/0061.png,0,background_fp,texture_boundary,0.5105576515197754,0,"297.46,135.70,346.23,214.84","{""bright_ratio"": 0.0, ""grad_ratio"": 0.1, ""near_edge"": 0.0, ""white_thresh"": 250.0, ""grad_percentile"": 90.0}"
al1,val,/home/ubuntu/hpproject/yolo/dataset/yolo/datasetm6c/images/val/0061.png,2,background_fp,texture_boundary,0.41339826583862305,0,"269.27,135.48,346.42,214.79","{""bright_ratio"": 0.0, ""grad_ratio"": 0.1, ""near_edge"": 0.0, ""white_thresh"": 250.0, ""grad_percentile"": 90.0}"
al1,val,/home/ubuntu/hpproject/yolo/dataset/yolo/datasetm6c/images/val/0062.png,1,background_fp,highlight,0.32433152198791504,0,"264.94,98.94,317.31,138.42","{""bright_ratio"": 0.15672990063233966, ""grad_ratio"": 0.1002710027100271, ""near_edge"": 0.0, ""white_thresh"": 250.0, ""grad_percentile"": 90.0}"
al1,val,/home/ubuntu/hpproject/yolo/dataset/yolo/datasetm6c/images/val/0066.png,3,background_fp,texture_boundary,0.4973224401473999,0,"296.40,130.49,328.33,157.36","{""bright_ratio"": 0.0, ""grad_ratio"": 0.10064935064935066, ""near_edge"": 0.0, ""white_thresh"": 250.0, ""grad_percentile"": 90.0}"
al1,val,/home/ubuntu/hpproject/yolo/dataset/yolo/datasetm6c/images/val/0103.png,0,background_fp,texture_boundary,0.2685709595680237,0,"196.23,228.22,296.04,275.70","{""bright_ratio"": 0.0, ""grad_ratio"": 0.10004125412541254, ""near_edge"": 0.0, ""white_thresh"": 250.0, ""grad_percentile"": 90.0}"
al1,val,/home/ubuntu/hpproject/yolo/dataset/yolo/datasetm6c/images/val/0105.png,1,background_fp,highlight,0.5066428184509277,0,"245.79,97.43,299.40,135.32","{""bright_ratio"": 0.26713286713286716, ""grad_ratio"": 0.10023310023310024, ""near_edge"": 0.0, ""white_thresh"": 250.0, ""grad_percentile"": 90.0}"
al1,val,/home/ubuntu/hpproject/yolo/dataset/yolo/datasetm6c/images/val/0142.png,0,pred_dup,highlight,0.8692018389701843,0,"203.39,122.06,371.06,182.92","{""bright_ratio"": 0.12872247550683868, ""grad_ratio"": 0.1002037055000485, ""near_edge"": 0.0, ""white_thresh"": 250.0, ""grad_percentile"": 90.0}"
al1,val,/home/ubuntu/hpproject/yolo/dataset/yolo/datasetm6c/images/val/0143.png,1,background_fp,highlight,0.7345328330993652,0,"248.58,80.41,294.53,109.73","{""bright_ratio"": 0.3028368794326241, ""grad_ratio"": 0.1, ""near_edge"": 0.0, ""white_thresh"": 250.0, ""grad_percentile"": 90.0}"
al1,val,/home/ubuntu/hpproject/yolo/dataset/yolo/datasetm6c/images/val/0144.png,1,background_fp,highlight,0.7573456168174744,0,"143.16,47.34,210.22,89.41","{""bright_ratio"": 0.1993844049247606, ""grad_ratio"": 0.10020519835841313, ""near_edge"": 0.0, ""white_thresh"": 250.0, ""grad_percentile"": 90.0}"
al1,val,/home/ubuntu/hpproject/yolo/dataset/yolo/datasetm6c/images/val/0177.png,0,background_fp,texture_boundary,0.8666197657585144,0,"162.08,360.47,237.70,408.91","{""bright_ratio"": 0.020676691729323307, ""grad_ratio"": 0.10016111707841031, ""near_edge"": 0.0, ""white_thresh"": 250.0, ""grad_percentile"": 90.0}"
al1,val,/home/ubuntu/hpproject/yolo/dataset/yolo/datasetm6c/images/val/0221.png,3,background_fp,highlight,0.2659207582473755,0,"436.11,231.99,483.85,352.44","{""bright_ratio"": 0.21157786885245902, ""grad_ratio"": 0.10006830601092896, ""near_edge"": 0.0, ""white_thresh"": 250.0, ""grad_percentile"": 90.0}"
al1,val,/home/ubuntu/hpproject/yolo/dataset/yolo/datasetm6c/images/val/0234.png,0,background_fp,texture_boundary,0.3991185426712036,0,"246.09,147.39,282.25,172.62","{""bright_ratio"": 0.0, ""grad_ratio"": 0.10083160083160084, ""near_edge"": 0.0, ""white_thresh"": 250.0, ""grad_percentile"": 90.0}"
al1,val,/home/ubuntu/hpproject/yolo/dataset/yolo/datasetm6c/images/val/0324.png,0,background_fp,highlight,0.41117018461227417,0,"276.33,93.56,358.15,138.82","{""bright_ratio"": 0.3148245154531168, ""grad_ratio"": 0.1000523834468308, ""near_edge"": 0.0, ""white_thresh"": 250.0, ""grad_percentile"": 90.0}"
al1,val,/home/ubuntu/hpproject/yolo/dataset/yolo/datasetm6c/images/val/0351.png,0,background_fp,texture_boundary,0.7850754857063293,0,"211.14,114.45,307.71,175.73","{""bright_ratio"": 0.006983704689058862, ""grad_ratio"": 0.1000997672098437, ""near_edge"": 0.0, ""white_thresh"": 250.0, ""grad_percentile"": 90.0}"
al1,val,/home/ubuntu/hpproject/yolo/dataset/yolo/datasetm6c/images/val/0351.png,2,pred_dup,texture_boundary,0.3276132345199585,0,"135.00,168.20,180.64,218.63","{""bright_ratio"": 0.0, ""grad_ratio"": 0.10054234459741343, ""near_edge"": 0.0, ""white_thresh"": 250.0, ""grad_percentile"": 90.0}"
al1,val,/home/ubuntu/hpproject/yolo/dataset/yolo/datasetm6c/images/val/0363.png,1,background_fp,highlight,0.28502413630485535,0,"199.29,89.59,299.71,117.37","{""bright_ratio"": 0.14202799590303858, ""grad_ratio"": 0.100034141345169, ""near_edge"": 0.0, ""white_thresh"": 250.0, ""grad_percentile"": 90.0}"
al1,val,/home/ubuntu/hpproject/yolo/dataset/yolo/datasetm6c/images/val/0371.png,1,background_fp,highlight,0.7938546538352966,0,"288.40,417.67,316.03,460.50","{""bright_ratio"": 0.3236677115987461, ""grad_ratio"": 0.10031347962382445, ""near_edge"": 0.0, ""white_thresh"": 250.0, ""grad_percentile"": 90.0}"
al1,val,/home/ubuntu/hpproject/yolo/dataset/yolo/datasetm6c/images/val/0371.png,2,background_fp,texture_boundary,0.7025632858276367,0,"251.81,206.79,348.72,257.31","{""bright_ratio"": 0.0, ""grad_ratio"": 0.10027472527472528, ""near_edge"": 0.0, ""white_thresh"": 250.0, ""grad_percentile"": 90.0}"
al1,val,/home/ubuntu/hpproject/yolo/dataset/yolo/datasetm6c/images/val/0376.png,1,pred_dup,highlight,0.5660410523414612,0,"335.78,128.76,402.57,162.54","{""bright_ratio"": 0.16974789915966387, ""grad_ratio"": 0.1, ""near_edge"": 0.0, ""white_thresh"": 250.0, ""grad_percentile"": 90.0}"
al1,val,/home/ubuntu/hpproject/yolo/dataset/yolo/datasetm6c/images/val/0403.png,1,background_fp,texture_boundary,0.6004337668418884,0,"117.57,278.71,145.31,309.97","{""bright_ratio"": 0.0, ""grad_ratio"": 0.10021551724137931, ""near_edge"": 0.0, ""white_thresh"": 250.0, ""grad_percentile"": 90.0}"
al1,val,/home/ubuntu/hpproject/yolo/dataset/yolo/datasetm6c/images/val/0428.png,0,background_fp,highlight,0.4894394278526306,0,"346.67,371.85,363.15,395.12","{""bright_ratio"": 0.09333333333333334, ""grad_ratio"": 0.1, ""near_edge"": 0.0, ""white_thresh"": 250.0, ""grad_percentile"": 90.0}"
al1,test,/home/ubuntu/hpproject/yolo/dataset/yolo/datasetm6c/images/test/0031.png,0,background_fp,texture_boundary,0.6678743958473206,0,"91.49,168.26,168.51,201.34","{""bright_ratio"": 0.0, ""grad_ratio"": 0.10030165912518854, ""near_edge"": 0.0, ""white_thresh"": 250.0, ""grad_percentile"": 90.0}"
al1,test,/home/ubuntu/hpproject/yolo/dataset/yolo/datasetm6c/images/test/0039.png,0,background_fp,texture_boundary,0.259905606508255,0,"188.55,91.17,231.72,147.80","{""bright_ratio"": 0.027910685805422646, ""grad_ratio"": 0.10087719298245613, ""near_edge"": 0.0, ""white_thresh"": 250.0, ""grad_percentile"": 90.0}"
al1,test,/home/ubuntu/hpproject/yolo/dataset/yolo/datasetm6c/images/test/0045.png,1,pred_dup,texture_boundary,0.6759138107299805,0,"172.35,117.45,301.19,154.27","{""bright_ratio"": 0.0, ""grad_ratio"": 0.1, ""near_edge"": 0.0, ""white_thresh"": 250.0, ""grad_percentile"": 90.0}"
al1,test,/home/ubuntu/hpproject/yolo/dataset/yolo/datasetm6c/images/test/0049.png,0,background_fp,texture_boundary,0.8310139775276184,0,"162.40,97.96,207.76,132.44","{""bright_ratio"": 0.0, ""grad_ratio"": 0.10024154589371981, ""near_edge"": 0.0, ""white_thresh"": 250.0, ""grad_percentile"": 90.0}"
al1,test,/home/ubuntu/hpproject/yolo/dataset/yolo/datasetm6c/images/test/0071.png,0,background_fp,texture_boundary,0.6568730473518372,0,"130.53,382.30,193.23,423.02","{""bright_ratio"": 0.0, ""grad_ratio"": 0.10007440476190477, ""near_edge"": 0.0, ""white_thresh"": 250.0, ""grad_percentile"": 90.0}"
al1,test,/home/ubuntu/hpproject/yolo/dataset/yolo/datasetm6c/images/test/0096.png,0,background_fp,texture_boundary,0.4372926354408264,0,"207.97,142.12,232.84,200.91","{""bright_ratio"": 0.0, ""grad_ratio"": 0.10039113428943937, ""near_edge"": 0.0, ""white_thresh"": 250.0, ""grad_percentile"": 90.0}"
al1,test,/home/ubuntu/hpproject/yolo/dataset/yolo/datasetm6c/images/test/0107.png,0,pred_dup,texture_boundary,0.8810772895812988,0,"169.34,66.88,305.76,224.77","{""bright_ratio"": 0.04186751136207134, ""grad_ratio"": 0.10003213515126474, ""near_edge"": 0.0, ""white_thresh"": 250.0, ""grad_percentile"": 90.0}"
al1,test,/home/ubuntu/hpproject/yolo/dataset/yolo/datasetm6c/images/test/0127.png,0,background_fp,texture_boundary,0.7009673118591309,0,"256.65,88.37,330.40,115.26","{""bright_ratio"": 0.010952380952380953, ""grad_ratio"": 0.1, ""near_edge"": 0.0, ""white_thresh"": 250.0, ""grad_percentile"": 90.0}"
al1,test,/home/ubuntu/hpproject/yolo/dataset/yolo/datasetm6c/images/test/0127.png,2,background_fp,highlight,0.32823318243026733,0,"258.20,87.02,351.74,117.32","{""bright_ratio"": 0.09299931365820178, ""grad_ratio"": 0.10020590253946465, ""near_edge"": 0.0, ""white_thresh"": 250.0, ""grad_percentile"": 90.0}"
al1,test,/home/ubuntu/hpproject/yolo/dataset/yolo/datasetm6c/images/test/0127.png,3,pred_dup,texture_boundary,0.27775490283966064,0,"180.57,116.28,321.75,210.41","{""bright_ratio"": 0.0, ""grad_ratio"": 0.10029651593773166, ""near_edge"": 0.0, ""white_thresh"": 250.0, ""grad_percentile"": 90.0}"
al1,test,/home/ubuntu/hpproject/yolo/dataset/yolo/datasetm6c/images/test/0139.png,1,background_fp,texture_boundary,0.4366138279438019,0,"355.80,155.03,398.12,203.83","{""bright_ratio"": 0.0, ""grad_ratio"": 0.10018552875695733, ""near_edge"": 0.0, ""white_thresh"": 250.0, ""grad_percentile"": 90.0}"
al1,test,/home/ubuntu/hpproject/yolo/dataset/yolo/datasetm6c/images/test/0149.png,1,background_fp,texture_boundary,0.43435510993003845,0,"253.43,91.36,278.54,126.38","{""bright_ratio"": 0.011752136752136752, ""grad_ratio"": 0.1014957264957265, ""near_edge"": 0.0, ""white_thresh"": 250.0, ""grad_percentile"": 90.0}"
al1,test,/home/ubuntu/hpproject/yolo/dataset/yolo/datasetm6c/images/test/0171.png,3,background_fp,highlight,0.743545651435852,0,"281.64,83.94,327.03,111.89","{""bright_ratio"": 0.31841526045487895, ""grad_ratio"": 0.10051357300073367, ""near_edge"": 0.0, ""white_thresh"": 250.0, ""grad_percentile"": 90.0}"
al1,test,/home/ubuntu/hpproject/yolo/dataset/yolo/datasetm6c/images/test/0173.png,2,pred_dup,highlight,0.2633432447910309,0,"265.79,105.84,294.11,145.78","{""bright_ratio"": 0.14227642276422764, ""grad_ratio"": 0.1, ""near_edge"": 0.0, ""white_thresh"": 250.0, ""grad_percentile"": 90.0}"
al1,test,/home/ubuntu/hpproject/yolo/dataset/yolo/datasetm6c/images/test/0259.png,1,background_fp,texture_boundary,0.7713291645050049,0,"263.57,305.29,386.27,339.36","{""bright_ratio"": 0.0, ""grad_ratio"": 0.1, ""near_edge"": 0.0, ""white_thresh"": 250.0, ""grad_percentile"": 90.0}"
al1,test,/home/ubuntu/hpproject/yolo/dataset/yolo/datasetm6c/images/test/0259.png,2,background_fp,highlight,0.7320727705955505,0,"327.82,113.93,373.18,145.71","{""bright_ratio"": 0.18117343649258544, ""grad_ratio"": 0.10058027079303675, ""near_edge"": 0.0, ""white_thresh"": 250.0, ""grad_percentile"": 90.0}"
al1,test,/home/ubuntu/hpproject/yolo/dataset/yolo/datasetm6c/images/test/0259.png,3,background_fp,highlight,0.6486316919326782,0,"202.19,138.87,292.40,251.41","{""bright_ratio"": 0.0868517447464816, ""grad_ratio"": 0.10005783689994216, ""near_edge"": 0.0, ""white_thresh"": 250.0, ""grad_percentile"": 90.0}"
al1,test,/home/ubuntu/hpproject/yolo/dataset/yolo/datasetm6c/images/test/0259.png,4,background_fp,highlight,0.2718445956707001,0,"204.13,137.22,298.02,218.45","{""bright_ratio"": 0.10757381258023106, ""grad_ratio"": 0.1, ""near_edge"": 0.0, ""white_thresh"": 250.0, ""grad_percentile"": 90.0}"
al1,test,/home/ubuntu/hpproject/yolo/dataset/yolo/datasetm6c/images/test/0340.png,1,background_fp,texture_boundary,0.7257923483848572,0,"231.36,193.93,255.53,244.80","{""bright_ratio"": 0.0, ""grad_ratio"": 0.1, ""near_edge"": 0.0, ""white_thresh"": 250.0, ""grad_percentile"": 90.0}"
al1,test,/home/ubuntu/hpproject/yolo/dataset/yolo/datasetm6c/images/test/0411.png,1,background_fp,texture_boundary,0.6541357636451721,0,"227.16,383.93,251.95,416.48","{""bright_ratio"": 0.0, ""grad_ratio"": 0.1, ""near_edge"": 0.0, ""white_thresh"": 250.0, ""grad_percentile"": 90.0}"
al1,test,/home/ubuntu/hpproject/yolo/dataset/yolo/datasetm6c/images/test/0413.png,1,background_fp,texture_boundary,0.8284125328063965,0,"340.92,241.01,387.91,299.21","{""bright_ratio"": 0.0, ""grad_ratio"": 0.10028248587570622, ""near_edge"": 0.0, ""white_thresh"": 250.0, ""grad_percentile"": 90.0}"
al1,test,/home/ubuntu/hpproject/yolo/dataset/yolo/datasetm6c/images/test/0415.png,0,background_fp,texture_boundary,0.37150880694389343,0,"207.70,210.13,233.16,239.07","{""bright_ratio"": 0.0, ""grad_ratio"": 0.1, ""near_edge"": 0.0, ""white_thresh"": 250.0, ""grad_percentile"": 90.0}"
al1,test,/home/ubuntu/hpproject/yolo/dataset/yolo/datasetm6c/images/test/0415.png,1,background_fp,highlight,0.2683446407318115,0,"243.41,94.67,295.04,129.11","{""bright_ratio"": 0.0859538784067086, ""grad_ratio"": 0.100104821802935, ""near_edge"": 0.0, ""white_thresh"": 250.0, ""grad_percentile"": 90.0}"
al1,test,/home/ubuntu/hpproject/yolo/dataset/yolo/datasetm6c/images/test/0419.png,0,background_fp,texture_boundary,0.2725485861301422,0,"213.87,191.60,237.60,213.33","{""bright_ratio"": 0.0, ""grad_ratio"": 0.10086956521739131, ""near_edge"": 0.0, ""white_thresh"": 250.0, ""grad_percentile"": 90.0}"
al1,test,/home/ubuntu/hpproject/yolo/dataset/yolo/datasetm6c/images/test/0430.png,1,pred_dup,texture_boundary,0.6161361932754517,0,"193.53,161.18,217.83,184.43","{""bright_ratio"": 0.0, ""grad_ratio"": 0.1, ""near_edge"": 0.0, ""white_thresh"": 250.0, ""grad_percentile"": 90.0}"
al1,test,/home/ubuntu/hpproject/yolo/dataset/yolo/datasetm6c/images/test/0430.png,2,pred_dup,texture_boundary,0.4920244812965393,0,"193.03,161.74,228.17,185.89","{""bright_ratio"": 0.0, ""grad_ratio"": 0.1, ""near_edge"": 0.0, ""white_thresh"": 250.0, ""grad_percentile"": 90.0}"
al1,test,/home/ubuntu/hpproject/yolo/dataset/yolo/datasetm6c/images/test/0430.png,3,pred_dup,texture_boundary,0.41614770889282227,0,"206.98,171.38,255.86,188.64","{""bright_ratio"": 0.0, ""grad_ratio"": 0.1, ""near_edge"": 0.0, ""white_thresh"": 250.0, ""grad_percentile"": 90.0}"
al1,test,/home/ubuntu/hpproject/yolo/dataset/yolo/datasetm6c/images/test/0450.png,1,pred_dup,texture_boundary,0.3664482831954956,0,"160.56,171.83,210.00,194.33","{""bright_ratio"": 0.0, ""grad_ratio"": 0.10049019607843138, ""near_edge"": 0.0, ""white_thresh"": 250.0, ""grad_percentile"": 90.0}"
op1,val,/home/ubuntu/hpproject/yolo/dataset/yolo/datasetm6c/images/val/0030.png,0,background_fp,highlight,0.5424531102180481,0,"280.12,178.07,364.50,277.47","{""bright_ratio"": 0.05764705882352941, ""grad_ratio"": 0.1, ""near_edge"": 0.0, ""white_thresh"": 250.0, ""grad_percentile"": 90.0}"
op1,val,/home/ubuntu/hpproject/yolo/dataset/yolo/datasetm6c/images/val/0055.png,1,pred_dup,highlight,0.35076358914375305,0,"103.63,70.02,208.05,201.47","{""bright_ratio"": 0.08411949685534591, ""grad_ratio"": 0.10012864493996569, ""near_edge"": 0.0, ""white_thresh"": 250.0, ""grad_percentile"": 90.0}"
op1,val,/home/ubuntu/hpproject/yolo/dataset/yolo/datasetm6c/images/val/0061.png,1,background_fp,texture_boundary,0.4532344341278076,0,"302.71,179.94,342.93,214.79","{""bright_ratio"": 0.0, ""grad_ratio"": 0.1002710027100271, ""near_edge"": 0.0, ""white_thresh"": 250.0, ""grad_percentile"": 90.0}"
op1,val,/home/ubuntu/hpproject/yolo/dataset/yolo/datasetm6c/images/val/0061.png,2,background_fp,texture_boundary,0.32066795229911804,0,"299.07,139.54,358.97,215.04","{""bright_ratio"": 0.0, ""grad_ratio"": 0.10021645021645022, ""near_edge"": 0.0, ""white_thresh"": 250.0, ""grad_percentile"": 90.0}"
op1,val,/home/ubuntu/hpproject/yolo/dataset/yolo/datasetm6c/images/val/0062.png,1,pred_dup,texture_boundary,0.44420579075813293,0,"303.70,150.91,411.56,224.36","{""bright_ratio"": 0.025321100917431193, ""grad_ratio"": 0.1000611620795107, ""near_edge"": 0.0, ""white_thresh"": 250.0, ""grad_percentile"": 90.0}"
op1,val,/home/ubuntu/hpproject/yolo/dataset/yolo/datasetm6c/images/val/0066.png,2,pred_dup,highlight,0.5004198551177979,0,"248.38,322.72,355.93,356.83","{""bright_ratio"": 0.1814814814814815, ""grad_ratio"": 0.1, ""near_edge"": 0.0, ""white_thresh"": 250.0, ""grad_percentile"": 90.0}"
op1,val,/home/ubuntu/hpproject/yolo/dataset/yolo/datasetm6c/images/val/0094.png,2,background_fp,texture_boundary,0.30425986647605896,0,"325.86,180.80,408.83,276.11","{""bright_ratio"": 0.009450171821305841, ""grad_ratio"": 0.10063819342169858, ""near_edge"": 0.0, ""white_thresh"": 250.0, ""grad_percentile"": 90.0}"
op1,val,/home/ubuntu/hpproject/yolo/dataset/yolo/datasetm6c/images/val/0103.png,0,background_fp,texture_boundary,0.733832597732544,0,"196.25,232.96,296.36,275.74","{""bright_ratio"": 0.0, ""grad_ratio"": 0.10058505850585059, ""near_edge"": 0.0, ""white_thresh"": 250.0, ""grad_percentile"": 90.0}"
op1,val,/home/ubuntu/hpproject/yolo/dataset/yolo/datasetm6c/images/val/0124.png,1,background_fp,highlight,0.31297925114631653,0,"341.07,80.04,388.18,114.38","{""bright_ratio"": 0.21428571428571427, ""grad_ratio"": 0.1, ""near_edge"": 0.0, ""white_thresh"": 250.0, ""grad_percentile"": 90.0}"
op1,val,/home/ubuntu/hpproject/yolo/dataset/yolo/datasetm6c/images/val/0131.png,1,background_fp,texture_boundary,0.3538093566894531,0,"318.60,231.63,358.01,259.30","{""bright_ratio"": 0.0, ""grad_ratio"": 0.10008410428931876, ""near_edge"": 0.0, ""white_thresh"": 250.0, ""grad_percentile"": 90.0}"
op1,val,/home/ubuntu/hpproject/yolo/dataset/yolo/datasetm6c/images/val/0142.png,0,pred_dup,highlight,0.6437926292419434,0,"204.82,121.52,369.70,176.80","{""bright_ratio"": 0.14909638554216867, ""grad_ratio"": 0.10004302925989673, ""near_edge"": 0.0, ""white_thresh"": 250.0, ""grad_percentile"": 90.0}"
op1,val,/home/ubuntu/hpproject/yolo/dataset/yolo/datasetm6c/images/val/0143.png,1,background_fp,texture_boundary,0.4578114449977875,0,"262.53,180.25,318.39,231.15","{""bright_ratio"": 0.0, ""grad_ratio"": 0.10087719298245613, ""near_edge"": 0.0, ""white_thresh"": 250.0, ""grad_percentile"": 90.0}"
op1,val,/home/ubuntu/hpproject/yolo/dataset/yolo/datasetm6c/images/val/0143.png,2,pred_dup,highlight,0.2882654368877411,0,"183.36,258.35,320.54,347.48","{""bright_ratio"": 0.19041867954911434, ""grad_ratio"": 0.100402576489533, ""near_edge"": 0.0, ""white_thresh"": 250.0, ""grad_percentile"": 90.0}"
op1,val,/home/ubuntu/hpproject/yolo/dataset/yolo/datasetm6c/images/val/0144.png,1,background_fp,highlight,0.47844627499580383,0,"137.00,48.86,226.91,101.56","{""bright_ratio"": 0.1639917695473251, ""grad_ratio"": 0.1, ""near_edge"": 0.0, ""white_thresh"": 250.0, ""grad_percentile"": 90.0}"
op1,val,/home/ubuntu/hpproject/yolo/dataset/yolo/datasetm6c/images/val/0144.png,2,background_fp,texture_boundary,0.2685216963291168,0,"114.59,98.51,168.62,223.16","{""bright_ratio"": 0.046464646464646465, ""grad_ratio"": 0.10014430014430015, ""near_edge"": 0.0, ""white_thresh"": 250.0, ""grad_percentile"": 90.0}"
op1,val,/home/ubuntu/hpproject/yolo/dataset/yolo/datasetm6c/images/val/0177.png,0,background_fp,highlight,0.7612298727035522,0,"170.95,367.64,253.90,410.31","{""bright_ratio"": 0.07819264069264069, ""grad_ratio"": 0.1001082251082251, ""near_edge"": 0.0, ""white_thresh"": 250.0, ""grad_percentile"": 90.0}"
op1,val,/home/ubuntu/hpproject/yolo/dataset/yolo/datasetm6c/images/val/0177.png,2,background_fp,texture_boundary,0.2557781934738159,0,"104.07,185.69,154.58,231.16","{""bright_ratio"": 0.040467250730079264, ""grad_ratio"": 0.10012515644555695, ""near_edge"": 0.0, ""white_thresh"": 250.0, ""grad_percentile"": 90.0}"
op1,val,/home/ubuntu/hpproject/yolo/dataset/yolo/datasetm6c/images/val/0179.png,1,background_fp,texture_boundary,0.28918924927711487,0,"343.97,360.65,429.79,444.35","{""bright_ratio"": 0.01162947937795808, ""grad_ratio"": 0.10033806626098715, ""near_edge"": 0.0, ""white_thresh"": 250.0, ""grad_percentile"": 90.0}"
op1,val,/home/ubuntu/hpproject/yolo/dataset/yolo/datasetm6c/images/val/0179.png,2,background_fp,texture_boundary,0.2571532130241394,0,"348.75,391.79,397.94,439.18","{""bright_ratio"": 0.0, ""grad_ratio"": 0.10040816326530612, ""near_edge"": 0.0, ""white_thresh"": 250.0, ""grad_percentile"": 90.0}"
op1,val,/home/ubuntu/hpproject/yolo/dataset/yolo/datasetm6c/images/val/0274.png,0,background_fp,highlight,0.4347357153892517,0,"183.61,142.10,217.94,187.71","{""bright_ratio"": 0.42857142857142855, ""grad_ratio"": 0.1, ""near_edge"": 0.0, ""white_thresh"": 250.0, ""grad_percentile"": 90.0}"
op1,val,/home/ubuntu/hpproject/yolo/dataset/yolo/datasetm6c/images/val/0351.png,0,background_fp,texture_boundary,0.6656948328018188,0,"210.45,115.58,306.93,176.58","{""bright_ratio"": 0.004156967076820751, ""grad_ratio"": 0.1000997672098437, ""near_edge"": 0.0, ""white_thresh"": 250.0, ""grad_percentile"": 90.0}"
op1,val,/home/ubuntu/hpproject/yolo/dataset/yolo/datasetm6c/images/val/0354.png,2,pred_dup,texture_boundary,0.28189143538475037,0,"228.21,203.04,270.20,246.72","{""bright_ratio"": 0.0, ""grad_ratio"": 0.10042283298097252, ""near_edge"": 0.0, ""white_thresh"": 250.0, ""grad_percentile"": 90.0}"
op1,val,/home/ubuntu/hpproject/yolo/dataset/yolo/datasetm6c/images/val/0359.png,1,background_fp,highlight,0.4645105004310608,0,"362.32,177.64,400.48,290.77","{""bright_ratio"": 0.1612685560053981, ""grad_ratio"": 0.10008996851102114, ""near_edge"": 0.0, ""white_thresh"": 250.0, ""grad_percentile"": 90.0}"
op1,val,/home/ubuntu/hpproject/yolo/dataset/yolo/datasetm6c/images/val/0359.png,3,pred_dup,texture_boundary,0.2937678098678589,0,"367.20,249.34,395.13,285.03","{""bright_ratio"": 0.0, ""grad_ratio"": 0.10065237651444547, ""near_edge"": 0.0, ""white_thresh"": 250.0, ""grad_percentile"": 90.0}"
op1,val,/home/ubuntu/hpproject/yolo/dataset/yolo/datasetm6c/images/val/0363.png,0,pred_dup,texture_boundary,0.7523996233940125,0,"294.92,152.17,334.70,204.94","{""bright_ratio"": 0.0, ""grad_ratio"": 0.10032213529682467, ""near_edge"": 0.0, ""white_thresh"": 250.0, ""grad_percentile"": 90.0}"
op1,val,/home/ubuntu/hpproject/yolo/dataset/yolo/datasetm6c/images/val/0363.png,2,pred_dup,texture_boundary,0.33677759766578674,0,"291.21,133.79,334.35,206.01","{""bright_ratio"": 0.0, ""grad_ratio"": 0.10012285012285012, ""near_edge"": 0.0, ""white_thresh"": 250.0, ""grad_percentile"": 90.0}"
op1,val,/home/ubuntu/hpproject/yolo/dataset/yolo/datasetm6c/images/val/0371.png,0,background_fp,texture_boundary,0.5241092443466187,0,"246.52,205.00,347.41,259.21","{""bright_ratio"": 0.0, ""grad_ratio"": 0.10014005602240897, ""near_edge"": 0.0, ""white_thresh"": 250.0, ""grad_percentile"": 90.0}"
op1,val,/home/ubuntu/hpproject/yolo/dataset/yolo/datasetm6c/images/val/0371.png,1,background_fp,texture_boundary,0.3201564848423004,0,"244.30,410.73,271.78,428.27","{""bright_ratio"": 0.0, ""grad_ratio"": 0.10150375939849623, ""near_edge"": 0.0, ""white_thresh"": 250.0, ""grad_percentile"": 90.0}"
op1,val,/home/ubuntu/hpproject/yolo/dataset/yolo/datasetm6c/images/val/0371.png,2,background_fp,highlight,0.3039698600769043,0,"289.42,425.97,313.97,460.78","{""bright_ratio"": 0.3488888888888889, ""grad_ratio"": 0.1, ""near_edge"": 0.0, ""white_thresh"": 250.0, ""grad_percentile"": 90.0}"
op1,val,/home/ubuntu/hpproject/yolo/dataset/yolo/datasetm6c/images/val/0376.png,2,pred_dup,texture_boundary,0.34132280945777893,0,"292.72,149.46,342.02,195.57","{""bright_ratio"": 0.0, ""grad_ratio"": 0.10054234459741343, ""near_edge"": 0.0, ""white_thresh"": 250.0, ""grad_percentile"": 90.0}"
op1,val,/home/ubuntu/hpproject/yolo/dataset/yolo/datasetm6c/images/val/0414.png,1,pred_dup,highlight,0.3658033013343811,0,"406.81,241.20,435.99,280.33","{""bright_ratio"": 0.20916666666666667, ""grad_ratio"": 0.1, ""near_edge"": 0.0, ""white_thresh"": 250.0, ""grad_percentile"": 90.0}"
op1,val,/home/ubuntu/hpproject/yolo/dataset/yolo/datasetm6c/images/val/0447.png,0,background_fp,texture_boundary,0.4291726052761078,0,"136.44,135.66,179.52,181.89","{""bright_ratio"": 0.018858800773694392, ""grad_ratio"": 0.10009671179883946, ""near_edge"": 0.0, ""white_thresh"": 250.0, ""grad_percentile"": 90.0}"
op1,test,/home/ubuntu/hpproject/yolo/dataset/yolo/datasetm6c/images/test/0031.png,0,pred_dup,texture_boundary,0.5617525577545166,0,"72.76,118.62,179.59,216.82","{""bright_ratio"": 0.049850355405910964, ""grad_ratio"": 0.10007482229704452, ""near_edge"": 0.0, ""white_thresh"": 250.0, ""grad_percentile"": 90.0}"
op1,test,/home/ubuntu/hpproject/yolo/dataset/yolo/datasetm6c/images/test/0031.png,1,pred_dup,highlight,0.5062925815582275,0,"74.62,109.65,285.11,295.02","{""bright_ratio"": 0.07854908687317122, ""grad_ratio"": 0.10009080819291696, ""near_edge"": 0.0, ""white_thresh"": 250.0, ""grad_percentile"": 90.0}"
op1,test,/home/ubuntu/hpproject/yolo/dataset/yolo/datasetm6c/images/test/0049.png,1,background_fp,texture_boundary,0.31789612770080566,0,"174.43,103.08,206.83,130.92","{""bright_ratio"": 0.0, ""grad_ratio"": 0.10173160173160173, ""near_edge"": 0.0, ""white_thresh"": 250.0, ""grad_percentile"": 90.0}"
op1,test,/home/ubuntu/hpproject/yolo/dataset/yolo/datasetm6c/images/test/0071.png,0,background_fp,texture_boundary,0.528045117855072,0,"131.54,380.14,199.86,429.25","{""bright_ratio"": 0.002028985507246377, ""grad_ratio"": 0.1, ""near_edge"": 0.0, ""white_thresh"": 250.0, ""grad_percentile"": 90.0}"
op1,test,/home/ubuntu/hpproject/yolo/dataset/yolo/datasetm6c/images/test/0071.png,1,background_fp,texture_boundary,0.5051376223564148,0,"181.54,93.31,218.07,143.83","{""bright_ratio"": 0.0, ""grad_ratio"": 0.1001031991744066, ""near_edge"": 0.0, ""white_thresh"": 250.0, ""grad_percentile"": 90.0}"
op1,test,/home/ubuntu/hpproject/yolo/dataset/yolo/datasetm6c/images/test/0096.png,0,background_fp,texture_boundary,0.2838638722896576,0,"208.06,141.35,232.66,195.01","{""bright_ratio"": 0.0, ""grad_ratio"": 0.10036363636363636, ""near_edge"": 0.0, ""white_thresh"": 250.0, ""grad_percentile"": 90.0}"
op1,test,/home/ubuntu/hpproject/yolo/dataset/yolo/datasetm6c/images/test/0127.png,0,background_fp,texture_boundary,0.6743133664131165,0,"165.91,111.80,331.93,219.60","{""bright_ratio"": 0.0029116079767071363, ""grad_ratio"": 0.10014832719881338, ""near_edge"": 0.0, ""white_thresh"": 250.0, ""grad_percentile"": 90.0}"
op1,test,/home/ubuntu/hpproject/yolo/dataset/yolo/datasetm6c/images/test/0127.png,1,background_fp,texture_boundary,0.4059222936630249,0,"321.21,134.87,386.52,208.37","{""bright_ratio"": 0.03333333333333333, ""grad_ratio"": 0.10020202020202021, ""near_edge"": 0.0, ""white_thresh"": 250.0, ""grad_percentile"": 90.0}"
op1,test,/home/ubuntu/hpproject/yolo/dataset/yolo/datasetm6c/images/test/0127.png,3,background_fp,texture_boundary,0.3077355623245239,0,"239.93,327.79,279.65,365.28","{""bright_ratio"": 0.0, ""grad_ratio"": 0.10006253908692933, ""near_edge"": 0.0, ""white_thresh"": 250.0, ""grad_percentile"": 90.0}"
op1,test,/home/ubuntu/hpproject/yolo/dataset/yolo/datasetm6c/images/test/0139.png,1,background_fp,texture_boundary,0.759823203086853,0,"355.68,156.50,400.22,195.60","{""bright_ratio"": 0.0, ""grad_ratio"": 0.1, ""near_edge"": 0.0, ""white_thresh"": 250.0, ""grad_percentile"": 90.0}"
op1,test,/home/ubuntu/hpproject/yolo/dataset/yolo/datasetm6c/images/test/0140.png,1,pred_dup,highlight,0.40670010447502136,0,"199.34,83.10,277.27,155.77","{""bright_ratio"": 0.11964626322177908, ""grad_ratio"": 0.10005202011444425, ""near_edge"": 0.0, ""white_thresh"": 250.0, ""grad_percentile"": 90.0}"
op1,test,/home/ubuntu/hpproject/yolo/dataset/yolo/datasetm6c/images/test/0149.png,1,background_fp,texture_boundary,0.2928154468536377,0,"175.73,117.66,227.91,145.50","{""bright_ratio"": 0.0, ""grad_ratio"": 0.10019518542615485, ""near_edge"": 0.0, ""white_thresh"": 250.0, ""grad_percentile"": 90.0}"
op1,test,/home/ubuntu/hpproject/yolo/dataset/yolo/datasetm6c/images/test/0149.png,2,background_fp,highlight,0.2623123228549957,0,"249.07,85.66,287.65,122.44","{""bright_ratio"": 0.14979757085020243, ""grad_ratio"": 0.10053981106612686, ""near_edge"": 0.0, ""white_thresh"": 250.0, ""grad_percentile"": 90.0}"
op1,test,/home/ubuntu/hpproject/yolo/dataset/yolo/datasetm6c/images/test/0171.png,3,pred_dup,texture_boundary,0.5183244943618774,0,"212.24,168.37,297.24,194.25","{""bright_ratio"": 0.0, ""grad_ratio"": 0.10034453057708871, ""near_edge"": 0.0, ""white_thresh"": 250.0, ""grad_percentile"": 90.0}"
op1,test,/home/ubuntu/hpproject/yolo/dataset/yolo/datasetm6c/images/test/0173.png,1,background_fp,texture_boundary,0.43136146664619446,0,"289.70,241.60,307.87,264.19","{""bright_ratio"": 0.0, ""grad_ratio"": 0.10087719298245613, ""near_edge"": 0.0, ""white_thresh"": 250.0, ""grad_percentile"": 90.0}"
op1,test,/home/ubuntu/hpproject/yolo/dataset/yolo/datasetm6c/images/test/0175.png,1,pred_dup,texture_boundary,0.3556970953941345,0,"242.17,163.22,399.87,257.86","{""bright_ratio"": 0.0, ""grad_ratio"": 0.10019986675549633, ""near_edge"": 0.0, ""white_thresh"": 250.0, ""grad_percentile"": 90.0}"
op1,test,/home/ubuntu/hpproject/yolo/dataset/yolo/datasetm6c/images/test/0193.png,1,background_fp,highlight,0.29268917441368103,0,"225.66,87.02,276.55,116.07","{""bright_ratio"": 0.191025641025641, ""grad_ratio"": 0.1, ""near_edge"": 0.0, ""white_thresh"": 250.0, ""grad_percentile"": 90.0}"
op1,test,/home/ubuntu/hpproject/yolo/dataset/yolo/datasetm6c/images/test/0241.png,0,background_fp,highlight,0.3289659023284912,0,"182.03,141.82,238.12,163.70","{""bright_ratio"": 0.18993135011441648, ""grad_ratio"": 0.10068649885583524, ""near_edge"": 0.0, ""white_thresh"": 250.0, ""grad_percentile"": 90.0}"
op1,test,/home/ubuntu/hpproject/yolo/dataset/yolo/datasetm6c/images/test/0258.png,1,pred_dup,texture_boundary,0.35714811086654663,0,"394.94,248.25,425.01,315.02","{""bright_ratio"": 0.0, ""grad_ratio"": 0.10018382352941177, ""near_edge"": 0.0, ""white_thresh"": 250.0, ""grad_percentile"": 90.0}"
op1,test,/home/ubuntu/hpproject/yolo/dataset/yolo/datasetm6c/images/test/0258.png,2,background_fp,highlight,0.31413742899894714,0,"221.99,190.05,302.99,234.43","{""bright_ratio"": 0.061788617886178863, ""grad_ratio"": 0.1002710027100271, ""near_edge"": 0.0, ""white_thresh"": 250.0, ""grad_percentile"": 90.0}"
op1,test,/home/ubuntu/hpproject/yolo/dataset/yolo/datasetm6c/images/test/0259.png,1,background_fp,texture_boundary,0.3276693522930145,0,"262.11,309.15,391.00,339.25","{""bright_ratio"": 0.0, ""grad_ratio"": 0.1, ""near_edge"": 0.0, ""white_thresh"": 250.0, ""grad_percentile"": 90.0}"
op1,test,/home/ubuntu/hpproject/yolo/dataset/yolo/datasetm6c/images/test/0295.png,0,background_fp,texture_boundary,0.7957444787025452,0,"232.05,203.69,304.85,273.69","{""bright_ratio"": 0.0, ""grad_ratio"": 0.10032799536947713, ""near_edge"": 0.0, ""white_thresh"": 250.0, ""grad_percentile"": 90.0}"
op1,test,/home/ubuntu/hpproject/yolo/dataset/yolo/datasetm6c/images/test/0295.png,1,background_fp,texture_boundary,0.3721405565738678,0,"303.62,286.80,399.97,366.20","{""bright_ratio"": 0.00012727504136438844, ""grad_ratio"": 0.1001654575537737, ""near_edge"": 0.0, ""white_thresh"": 250.0, ""grad_percentile"": 90.0}"
op1,test,/home/ubuntu/hpproject/yolo/dataset/yolo/datasetm6c/images/test/0340.png,0,background_fp,texture_boundary,0.6612741351127625,0,"221.65,176.04,256.83,243.79","{""bright_ratio"": 0.0, ""grad_ratio"": 0.10008169934640523, ""near_edge"": 0.0, ""white_thresh"": 250.0, ""grad_percentile"": 90.0}"
op1,test,/home/ubuntu/hpproject/yolo/dataset/yolo/datasetm6c/images/test/0340.png,2,background_fp,texture_boundary,0.2710402309894562,0,"224.53,190.58,256.81,242.10","{""bright_ratio"": 0.0, ""grad_ratio"": 0.10005717552887364, ""near_edge"": 0.0, ""white_thresh"": 250.0, ""grad_percentile"": 90.0}"
op1,test,/home/ubuntu/hpproject/yolo/dataset/yolo/datasetm6c/images/test/0344.png,2,pred_dup,texture_boundary,0.44458359479904175,0,"300.22,118.23,364.29,173.21","{""bright_ratio"": 0.0, ""grad_ratio"": 0.10027472527472528, ""near_edge"": 0.0, ""white_thresh"": 250.0, ""grad_percentile"": 90.0}"
op1,test,/home/ubuntu/hpproject/yolo/dataset/yolo/datasetm6c/images/test/0357.png,0,background_fp,texture_boundary,0.4158778190612793,0,"159.75,291.27,180.69,311.72","{""bright_ratio"": 0.0, ""grad_ratio"": 0.10173160173160173, ""near_edge"": 0.0, ""white_thresh"": 250.0, ""grad_percentile"": 90.0}"
op1,test,/home/ubuntu/hpproject/yolo/dataset/yolo/datasetm6c/images/test/0407.png,1,background_fp,texture_boundary,0.2528393864631653,0,"183.57,253.30,290.83,285.24","{""bright_ratio"": 0.0, ""grad_ratio"": 0.10016835016835017, ""near_edge"": 0.0, ""white_thresh"": 250.0, ""grad_percentile"": 90.0}"
op1,test,/home/ubuntu/hpproject/yolo/dataset/yolo/datasetm6c/images/test/0413.png,1,background_fp,texture_boundary,0.6329357028007507,0,"341.21,240.20,390.80,298.07","{""bright_ratio"": 0.0, ""grad_ratio"": 0.1, ""near_edge"": 0.0, ""white_thresh"": 250.0, ""grad_percentile"": 90.0}"
op1,test,/home/ubuntu/hpproject/yolo/dataset/yolo/datasetm6c/images/test/0415.png,0,background_fp,texture_boundary,0.4436211585998535,0,"245.32,97.64,284.35,114.82","{""bright_ratio"": 0.009722222222222222, ""grad_ratio"": 0.1, ""near_edge"": 0.0, ""white_thresh"": 250.0, ""grad_percentile"": 90.0}"
op1,test,/home/ubuntu/hpproject/yolo/dataset/yolo/datasetm6c/images/test/0415.png,1,background_fp,texture_boundary,0.4203369915485382,0,"208.03,214.83,233.18,238.81","{""bright_ratio"": 0.0, ""grad_ratio"": 0.1, ""near_edge"": 0.0, ""white_thresh"": 250.0, ""grad_percentile"": 90.0}"
op1,test,/home/ubuntu/hpproject/yolo/dataset/yolo/datasetm6c/images/test/0419.png,0,background_fp,texture_boundary,0.5189447402954102,0,"175.76,230.63,299.56,270.82","{""bright_ratio"": 0.0005853658536585366, ""grad_ratio"": 0.10048780487804879, ""near_edge"": 0.0, ""white_thresh"": 250.0, ""grad_percentile"": 90.0}"
op1,test,/home/ubuntu/hpproject/yolo/dataset/yolo/datasetm6c/images/test/0423.png,1,background_fp,highlight,0.4636005461215973,0,"60.18,262.23,139.40,344.56","{""bright_ratio"": 0.16897590361445783, ""grad_ratio"": 0.1, ""near_edge"": 0.0, ""white_thresh"": 250.0, ""grad_percentile"": 90.0}"
op1,test,/home/ubuntu/hpproject/yolo/dataset/yolo/datasetm6c/images/test/0423.png,2,background_fp,texture_boundary,0.27726060152053833,0,"174.39,326.84,226.55,371.44","{""bright_ratio"": 0.0, ""grad_ratio"": 0.10008203445447088, ""near_edge"": 0.0, ""white_thresh"": 250.0, ""grad_percentile"": 90.0}"
op2,val,/home/ubuntu/hpproject/yolo/dataset/yolo/datasetm6c/images/val/0007.png,0,pred_dup,highlight,0.4962066113948822,0,"89.82,87.55,182.00,182.44","{""bright_ratio"": 0.09773936170212766, ""grad_ratio"": 0.10017730496453901, ""near_edge"": 0.0, ""white_thresh"": 250.0, ""grad_percentile"": 90.0}"
op2,val,/home/ubuntu/hpproject/yolo/dataset/yolo/datasetm6c/images/val/0023.png,1,pred_dup,highlight,0.3460516631603241,0,"93.53,75.55,218.65,182.38","{""bright_ratio"": 0.05261610817166373, ""grad_ratio"": 0.10001469723691946, ""near_edge"": 0.0, ""white_thresh"": 250.0, ""grad_percentile"": 90.0}"
op2,val,/home/ubuntu/hpproject/yolo/dataset/yolo/datasetm6c/images/val/0030.png,0,background_fp,highlight,0.44657188653945923,0,"281.63,179.24,375.82,278.98","{""bright_ratio"": 0.11589473684210526, ""grad_ratio"": 0.1, ""near_edge"": 0.0, ""white_thresh"": 250.0, ""grad_percentile"": 90.0}"
op2,val,/home/ubuntu/hpproject/yolo/dataset/yolo/datasetm6c/images/val/0030.png,1,background_fp,highlight,0.30859971046447754,0,"302.36,211.80,376.93,278.89","{""bright_ratio"": 0.0707843137254902, ""grad_ratio"": 0.1, ""near_edge"": 0.0, ""white_thresh"": 250.0, ""grad_percentile"": 90.0}"
op2,val,/home/ubuntu/hpproject/yolo/dataset/yolo/datasetm6c/images/val/0030.png,2,background_fp,highlight,0.267416775226593,0,"331.46,213.44,375.29,268.77","{""bright_ratio"": 0.06111111111111111, ""grad_ratio"": 0.1, ""near_edge"": 0.0, ""white_thresh"": 250.0, ""grad_percentile"": 90.0}"
op2,val,/home/ubuntu/hpproject/yolo/dataset/yolo/datasetm6c/images/val/0055.png,0,pred_dup,texture_boundary,0.5187234282493591,0,"103.39,117.29,189.40,198.49","{""bright_ratio"": 0.028875805999439303, ""grad_ratio"": 0.10008410428931876, ""near_edge"": 0.0, ""white_thresh"": 250.0, ""grad_percentile"": 90.0}"
op2,val,/home/ubuntu/hpproject/yolo/dataset/yolo/datasetm6c/images/val/0055.png,1,pred_dup,highlight,0.4690733850002289,0,"103.16,67.31,215.06,200.24","{""bright_ratio"": 0.08902390701360455, ""grad_ratio"": 0.10005283317923656, ""near_edge"": 0.0, ""white_thresh"": 250.0, ""grad_percentile"": 90.0}"
op2,val,/home/ubuntu/hpproject/yolo/dataset/yolo/datasetm6c/images/val/0061.png,1,background_fp,texture_boundary,0.28354334831237793,0,"300.98,139.38,350.02,218.62","{""bright_ratio"": 0.0, ""grad_ratio"": 0.10024509803921569, ""near_edge"": 0.0, ""white_thresh"": 250.0, ""grad_percentile"": 90.0}"
op2,val,/home/ubuntu/hpproject/yolo/dataset/yolo/datasetm6c/images/val/0068.png,1,pred_dup,highlight,0.3467085659503937,0,"112.99,296.10,223.12,341.05","{""bright_ratio"": 0.27096273291925466, ""grad_ratio"": 0.10015527950310558, ""near_edge"": 0.0, ""white_thresh"": 250.0, ""grad_percentile"": 90.0}"
op2,val,/home/ubuntu/hpproject/yolo/dataset/yolo/datasetm6c/images/val/0094.png,1,background_fp,highlight,0.37078189849853516,0,"322.87,170.52,387.67,267.41","{""bright_ratio"": 0.0686456400742115, ""grad_ratio"": 0.10049474335188621, ""near_edge"": 0.0, ""white_thresh"": 250.0, ""grad_percentile"": 90.0}"
op2,val,/home/ubuntu/hpproject/yolo/dataset/yolo/datasetm6c/images/val/0094.png,2,background_fp,texture_boundary,0.3233388066291809,0,"325.82,175.11,408.28,279.70","{""bright_ratio"": 0.021201814058956915, ""grad_ratio"": 0.10022675736961452, ""near_edge"": 0.0, ""white_thresh"": 250.0, ""grad_percentile"": 90.0}"
op2,val,/home/ubuntu/hpproject/yolo/dataset/yolo/datasetm6c/images/val/0094.png,3,background_fp,highlight,0.3225972652435303,0,"323.32,166.63,480.58,281.03","{""bright_ratio"": 0.1797250109122654, ""grad_ratio"": 0.1001745962461807, ""near_edge"": 0.0, ""white_thresh"": 250.0, ""grad_percentile"": 90.0}"
op2,val,/home/ubuntu/hpproject/yolo/dataset/yolo/datasetm6c/images/val/0124.png,1,pred_dup,texture_boundary,0.2836017310619354,0,"369.52,174.13,447.32,207.24","{""bright_ratio"": 0.0052122114668652275, ""grad_ratio"": 0.10014892032762472, ""near_edge"": 0.0, ""white_thresh"": 250.0, ""grad_percentile"": 90.0}"
op2,val,/home/ubuntu/hpproject/yolo/dataset/yolo/datasetm6c/images/val/0136.png,0,background_fp,texture_boundary,0.5649851560592651,0,"260.80,82.23,309.63,144.50","{""bright_ratio"": 0.00031746031746031746, ""grad_ratio"": 0.1, ""near_edge"": 0.0, ""white_thresh"": 250.0, ""grad_percentile"": 90.0}"
op2,val,/home/ubuntu/hpproject/yolo/dataset/yolo/datasetm6c/images/val/0136.png,2,pred_dup,highlight,0.29278621077537537,0,"287.60,73.22,358.92,148.26","{""bright_ratio"": 0.10727339181286549, ""grad_ratio"": 0.10032894736842106, ""near_edge"": 0.0, ""white_thresh"": 250.0, ""grad_percentile"": 90.0}"
op2,val,/home/ubuntu/hpproject/yolo/dataset/yolo/datasetm6c/images/val/0144.png,0,pred_dup,highlight,0.5304896235466003,0,"85.00,240.85,190.71,329.02","{""bright_ratio"": 0.3941848390446521, ""grad_ratio"": 0.1, ""near_edge"": 0.0, ""white_thresh"": 250.0, ""grad_percentile"": 90.0}"
op2,val,/home/ubuntu/hpproject/yolo/dataset/yolo/datasetm6c/images/val/0144.png,2,background_fp,highlight,0.27830055356025696,0,"140.95,47.28,209.30,93.36","{""bright_ratio"": 0.21003039513677813, ""grad_ratio"": 0.1, ""near_edge"": 0.0, ""white_thresh"": 250.0, ""grad_percentile"": 90.0}"
op2,val,/home/ubuntu/hpproject/yolo/dataset/yolo/datasetm6c/images/val/0160.png,0,background_fp,texture_boundary,0.32919371128082275,0,"221.87,155.94,291.10,257.61","{""bright_ratio"": 0.0015041706549979489, ""grad_ratio"": 0.1000957199507726, ""near_edge"": 0.0, ""white_thresh"": 250.0, ""grad_percentile"": 90.0}"
op2,val,/home/ubuntu/hpproject/yolo/dataset/yolo/datasetm6c/images/val/0172.png,0,background_fp,highlight,0.4122190773487091,0,"196.00,138.33,260.66,287.65","{""bright_ratio"": 0.060505050505050506, ""grad_ratio"": 0.10020202020202021, ""near_edge"": 0.0, ""white_thresh"": 250.0, ""grad_percentile"": 90.0}"
op2,val,/home/ubuntu/hpproject/yolo/dataset/yolo/datasetm6c/images/val/0177.png,0,background_fp,highlight,0.6978440284729004,0,"185.05,371.44,237.80,410.76","{""bright_ratio"": 0.059433962264150944, ""grad_ratio"": 0.1, ""near_edge"": 0.0, ""white_thresh"": 250.0, ""grad_percentile"": 90.0}"
op2,val,/home/ubuntu/hpproject/yolo/dataset/yolo/datasetm6c/images/val/0177.png,2,pred_dup,highlight,0.4062584340572357,0,"138.84,84.22,283.53,210.09","{""bright_ratio"": 0.2241397907453349, ""grad_ratio"": 0.10004314529177004, ""near_edge"": 0.0, ""white_thresh"": 250.0, ""grad_percentile"": 90.0}"
op2,val,/home/ubuntu/hpproject/yolo/dataset/yolo/datasetm6c/images/val/0177.png,3,background_fp,highlight,0.2720889449119568,0,"104.73,179.41,154.27,231.35","{""bright_ratio"": 0.05327413984461709, ""grad_ratio"": 0.10025897151313355, ""near_edge"": 0.0, ""white_thresh"": 250.0, ""grad_percentile"": 90.0}"
op2,val,/home/ubuntu/hpproject/yolo/dataset/yolo/datasetm6c/images/val/0179.png,1,background_fp,texture_boundary,0.39517727494239807,0,"351.67,390.30,397.47,442.22","{""bright_ratio"": 0.0, ""grad_ratio"": 0.10036130068245684, ""near_edge"": 0.0, ""white_thresh"": 250.0, ""grad_percentile"": 90.0}"
op2,val,/home/ubuntu/hpproject/yolo/dataset/yolo/datasetm6c/images/val/0179.png,2,background_fp,texture_boundary,0.3856514096260071,0,"351.40,337.30,385.32,361.97","{""bright_ratio"": 0.0, ""grad_ratio"": 0.10057142857142858, ""near_edge"": 0.0, ""white_thresh"": 250.0, ""grad_percentile"": 90.0}"
op2,val,/home/ubuntu/hpproject/yolo/dataset/yolo/datasetm6c/images/val/0188.png,2,pred_dup,texture_boundary,0.3044271469116211,0,"401.27,193.88,482.81,265.01","{""bright_ratio"": 0.036585365853658534, ""grad_ratio"": 0.10006682258603408, ""near_edge"": 0.0, ""white_thresh"": 250.0, ""grad_percentile"": 90.0}"
op2,val,/home/ubuntu/hpproject/yolo/dataset/yolo/datasetm6c/images/val/0221.png,3,pred_dup,texture_boundary,0.2568953335285187,0,"200.12,229.13,245.24,262.82","{""bright_ratio"": 0.0, ""grad_ratio"": 0.100383631713555, ""near_edge"": 0.0, ""white_thresh"": 250.0, ""grad_percentile"": 90.0}"
op2,val,/home/ubuntu/hpproject/yolo/dataset/yolo/datasetm6c/images/val/0234.png,0,background_fp,highlight,0.3961228132247925,0,"162.50,136.32,207.10,172.53","{""bright_ratio"": 0.18507638072855465, ""grad_ratio"": 0.10047003525264395, ""near_edge"": 0.0, ""white_thresh"": 250.0, ""grad_percentile"": 90.0}"
op2,val,/home/ubuntu/hpproject/yolo/dataset/yolo/datasetm6c/images/val/0234.png,1,background_fp,highlight,0.3056704103946686,0,"171.04,139.84,205.24,172.15","{""bright_ratio"": 0.07478991596638655, ""grad_ratio"": 0.1, ""near_edge"": 0.0, ""white_thresh"": 250.0, ""grad_percentile"": 90.0}"
op2,val,/home/ubuntu/hpproject/yolo/dataset/yolo/datasetm6c/images/val/0234.png,2,background_fp,texture_boundary,0.2723156809806824,0,"243.85,151.88,280.69,177.30","{""bright_ratio"": 0.0, ""grad_ratio"": 0.10038986354775828, ""near_edge"": 0.0, ""white_thresh"": 250.0, ""grad_percentile"": 90.0}"
op2,val,/home/ubuntu/hpproject/yolo/dataset/yolo/datasetm6c/images/val/0289.png,0,background_fp,highlight,0.4027455449104309,0,"160.54,115.44,227.34,180.65","{""bright_ratio"": 0.2905525846702317, ""grad_ratio"": 0.1000445632798574, ""near_edge"": 0.0, ""white_thresh"": 250.0, ""grad_percentile"": 90.0}"
op2,val,/home/ubuntu/hpproject/yolo/dataset/yolo/datasetm6c/images/val/0351.png,1,background_fp,texture_boundary,0.43167707324028015,0,"222.75,110.09,314.04,177.23","{""bright_ratio"": 0.033681214421252374, ""grad_ratio"": 0.10009487666034156, ""near_edge"": 0.0, ""white_thresh"": 250.0, ""grad_percentile"": 90.0}"
op2,val,/home/ubuntu/hpproject/yolo/dataset/yolo/datasetm6c/images/val/0359.png,1,pred_dup,texture_boundary,0.28302237391471863,0,"366.87,250.98,393.30,285.56","{""bright_ratio"": 0.0, ""grad_ratio"": 0.10119047619047619, ""near_edge"": 0.0, ""white_thresh"": 250.0, ""grad_percentile"": 90.0}"
op2,val,/home/ubuntu/hpproject/yolo/dataset/yolo/datasetm6c/images/val/0363.png,0,background_fp,texture_boundary,0.3726845681667328,0,"97.04,229.96,125.02,262.40","{""bright_ratio"": 0.0, ""grad_ratio"": 0.10040567951318459, ""near_edge"": 0.0, ""white_thresh"": 250.0, ""grad_percentile"": 90.0}"
op2,val,/home/ubuntu/hpproject/yolo/dataset/yolo/datasetm6c/images/val/0363.png,2,pred_dup,texture_boundary,0.30947911739349365,0,"294.20,150.17,333.58,202.19","{""bright_ratio"": 0.0, ""grad_ratio"": 0.1, ""near_edge"": 0.0, ""white_thresh"": 250.0, ""grad_percentile"": 90.0}"
op2,val,/home/ubuntu/hpproject/yolo/dataset/yolo/datasetm6c/images/val/0363.png,3,background_fp,texture_boundary,0.28353452682495117,0,"384.15,311.54,406.26,342.90","{""bright_ratio"": 0.0, ""grad_ratio"": 0.10190217391304347, ""near_edge"": 0.0, ""white_thresh"": 250.0, ""grad_percentile"": 90.0}"
op2,val,/home/ubuntu/hpproject/yolo/dataset/yolo/datasetm6c/images/val/0363.png,4,background_fp,texture_boundary,0.2573911249637604,0,"82.63,229.99,125.70,268.45","{""bright_ratio"": 0.0017045454545454545, ""grad_ratio"": 0.1, ""near_edge"": 0.0, ""white_thresh"": 250.0, ""grad_percentile"": 90.0}"
op2,val,/home/ubuntu/hpproject/yolo/dataset/yolo/datasetm6c/images/val/0371.png,0,background_fp,texture_boundary,0.564170241355896,0,"247.09,207.37,349.65,256.03","{""bright_ratio"": 0.0, ""grad_ratio"": 0.1, ""near_edge"": 0.0, ""white_thresh"": 250.0, ""grad_percentile"": 90.0}"
op2,val,/home/ubuntu/hpproject/yolo/dataset/yolo/datasetm6c/images/val/0371.png,1,background_fp,texture_boundary,0.3364968001842499,0,"244.02,408.56,273.05,430.32","{""bright_ratio"": 0.0, ""grad_ratio"": 0.1, ""near_edge"": 0.0, ""white_thresh"": 250.0, ""grad_percentile"": 90.0}"
op2,val,/home/ubuntu/hpproject/yolo/dataset/yolo/datasetm6c/images/val/0381.png,0,background_fp,texture_boundary,0.28201213479042053,0,"220.83,233.03,243.36,267.49","{""bright_ratio"": 0.0, ""grad_ratio"": 0.1, ""near_edge"": 0.0, ""white_thresh"": 250.0, ""grad_percentile"": 90.0}"
op2,val,/home/ubuntu/hpproject/yolo/dataset/yolo/datasetm6c/images/val/0394.png,0,background_fp,texture_boundary,0.25047749280929565,0,"153.07,232.99,182.95,258.59","{""bright_ratio"": 0.0, ""grad_ratio"": 0.1, ""near_edge"": 0.0, ""white_thresh"": 250.0, ""grad_percentile"": 90.0}"
op2,val,/home/ubuntu/hpproject/yolo/dataset/yolo/datasetm6c/images/val/0447.png,0,background_fp,texture_boundary,0.31635770201683044,0,"135.63,133.26,177.97,175.90","{""bright_ratio"": 0.04002163331530557, ""grad_ratio"": 0.10059491617090319, ""near_edge"": 0.0, ""white_thresh"": 250.0, ""grad_percentile"": 90.0}"
op2,test,/home/ubuntu/hpproject/yolo/dataset/yolo/datasetm6c/images/test/0049.png,1,background_fp,texture_boundary,0.28169092535972595,0,"168.55,106.96,195.47,133.72","{""bright_ratio"": 0.0, ""grad_ratio"": 0.10076530612244898, ""near_edge"": 0.0, ""white_thresh"": 250.0, ""grad_percentile"": 90.0}"
op2,test,/home/ubuntu/hpproject/yolo/dataset/yolo/datasetm6c/images/test/0049.png,2,background_fp,texture_boundary,0.25535717606544495,0,"169.79,101.94,205.19,134.30","{""bright_ratio"": 0.0, ""grad_ratio"": 0.10095389507154214, ""near_edge"": 0.0, ""white_thresh"": 250.0, ""grad_percentile"": 90.0}"
op2,test,/home/ubuntu/hpproject/yolo/dataset/yolo/datasetm6c/images/test/0112.png,2,background_fp,texture_boundary,0.3034549653530121,0,"195.38,170.60,256.52,294.34","{""bright_ratio"": 0.0021935483870967744, ""grad_ratio"": 0.10025806451612904, ""near_edge"": 0.0, ""white_thresh"": 250.0, ""grad_percentile"": 90.0}"
op2,test,/home/ubuntu/hpproject/yolo/dataset/yolo/datasetm6c/images/test/0127.png,0,background_fp,highlight,0.384364515542984,0,"167.72,87.40,374.25,217.59","{""bright_ratio"": 0.07240898414562537, ""grad_ratio"": 0.10015413975337639, ""near_edge"": 0.0, ""white_thresh"": 250.0, ""grad_percentile"": 90.0}"
op2,test,/home/ubuntu/hpproject/yolo/dataset/yolo/datasetm6c/images/test/0127.png,2,background_fp,texture_boundary,0.3274509012699127,0,"243.75,326.44,284.01,363.08","{""bright_ratio"": 0.0, ""grad_ratio"": 0.10025062656641603, ""near_edge"": 0.0, ""white_thresh"": 250.0, ""grad_percentile"": 90.0}"
op2,test,/home/ubuntu/hpproject/yolo/dataset/yolo/datasetm6c/images/test/0139.png,1,background_fp,texture_boundary,0.5271621942520142,0,"359.08,155.82,390.29,196.01","{""bright_ratio"": 0.0, ""grad_ratio"": 0.10044642857142858, ""near_edge"": 0.0, ""white_thresh"": 250.0, ""grad_percentile"": 90.0}"
op2,test,/home/ubuntu/hpproject/yolo/dataset/yolo/datasetm6c/images/test/0139.png,2,background_fp,texture_boundary,0.4084841310977936,0,"357.13,155.12,396.45,200.83","{""bright_ratio"": 0.0, ""grad_ratio"": 0.1, ""near_edge"": 0.0, ""white_thresh"": 250.0, ""grad_percentile"": 90.0}"
op2,test,/home/ubuntu/hpproject/yolo/dataset/yolo/datasetm6c/images/test/0139.png,3,background_fp,texture_boundary,0.3263660669326782,0,"244.39,189.67,340.63,226.16","{""bright_ratio"": 0.0, ""grad_ratio"": 0.10010851871947911, ""near_edge"": 0.0, ""white_thresh"": 250.0, ""grad_percentile"": 90.0}"
op2,test,/home/ubuntu/hpproject/yolo/dataset/yolo/datasetm6c/images/test/0149.png,0,background_fp,highlight,0.4327280521392822,0,"216.84,81.95,295.91,123.06","{""bright_ratio"": 0.18575581395348836, ""grad_ratio"": 0.1, ""near_edge"": 0.0, ""white_thresh"": 250.0, ""grad_percentile"": 90.0}"
op2,test,/home/ubuntu/hpproject/yolo/dataset/yolo/datasetm6c/images/test/0149.png,1,background_fp,highlight,0.25682371854782104,0,"171.72,96.96,230.24,147.54","{""bright_ratio"": 0.09743589743589744, ""grad_ratio"": 0.1, ""near_edge"": 0.0, ""white_thresh"": 250.0, ""grad_percentile"": 90.0}"
op2,test,/home/ubuntu/hpproject/yolo/dataset/yolo/datasetm6c/images/test/0204.png,0,pred_dup,highlight,0.384128600358963,0,"309.85,74.36,363.88,143.85","{""bright_ratio"": 0.08571428571428572, ""grad_ratio"": 0.10025974025974026, ""near_edge"": 0.0, ""white_thresh"": 250.0, ""grad_percentile"": 90.0}"
op2,test,/home/ubuntu/hpproject/yolo/dataset/yolo/datasetm6c/images/test/0204.png,1,pred_dup,highlight,0.33864304423332214,0,"308.13,66.25,377.99,143.63","{""bright_ratio"": 0.21813186813186813, ""grad_ratio"": 0.1, ""near_edge"": 0.0, ""white_thresh"": 250.0, ""grad_percentile"": 90.0}"
op2,test,/home/ubuntu/hpproject/yolo/dataset/yolo/datasetm6c/images/test/0218.png,0,pred_dup,texture_boundary,0.3948747217655182,0,"185.74,127.64,266.38,167.56","{""bright_ratio"": 0.0, ""grad_ratio"": 0.10083283759666865, ""near_edge"": 0.0, ""white_thresh"": 250.0, ""grad_percentile"": 90.0}"
op2,test,/home/ubuntu/hpproject/yolo/dataset/yolo/datasetm6c/images/test/0258.png,1,background_fp,highlight,0.4765929579734802,0,"221.59,188.75,328.56,235.50","{""bright_ratio"": 0.09066358024691358, ""grad_ratio"": 0.10030864197530864, ""near_edge"": 0.0, ""white_thresh"": 250.0, ""grad_percentile"": 90.0}"
op2,test,/home/ubuntu/hpproject/yolo/dataset/yolo/datasetm6c/images/test/0259.png,0,pred_dup,texture_boundary,0.5577983856201172,0,"328.86,212.20,394.97,246.58","{""bright_ratio"": 0.0, ""grad_ratio"": 0.10021321961620469, ""near_edge"": 0.0, ""white_thresh"": 250.0, ""grad_percentile"": 90.0}"
op2,test,/home/ubuntu/hpproject/yolo/dataset/yolo/datasetm6c/images/test/0259.png,3,background_fp,texture_boundary,0.35752493143081665,0,"264.51,302.97,388.46,336.76","{""bright_ratio"": 0.0, ""grad_ratio"": 0.10034285714285714, ""near_edge"": 0.0, ""white_thresh"": 250.0, ""grad_percentile"": 90.0}"
op2,test,/home/ubuntu/hpproject/yolo/dataset/yolo/datasetm6c/images/test/0278.png,0,background_fp,highlight,0.5265753269195557,0,"201.17,135.88,360.10,206.43","{""bright_ratio"": 0.06788194444444444, ""grad_ratio"": 0.10060763888888889, ""near_edge"": 0.0, ""white_thresh"": 250.0, ""grad_percentile"": 90.0}"
op2,test,/home/ubuntu/hpproject/yolo/dataset/yolo/datasetm6c/images/test/0278.png,1,background_fp,texture_boundary,0.3458409309387207,0,"206.99,156.98,357.89,205.49","{""bright_ratio"": 0.012236842105263157, ""grad_ratio"": 0.10013157894736842, ""near_edge"": 0.0, ""white_thresh"": 250.0, ""grad_percentile"": 90.0}"
op2,test,/home/ubuntu/hpproject/yolo/dataset/yolo/datasetm6c/images/test/0295.png,0,background_fp,texture_boundary,0.4106046259403229,0,"232.24,200.84,302.99,272.61","{""bright_ratio"": 0.0, ""grad_ratio"": 0.10032799536947713, ""near_edge"": 0.0, ""white_thresh"": 250.0, ""grad_percentile"": 90.0}"
op2,test,/home/ubuntu/hpproject/yolo/dataset/yolo/datasetm6c/images/test/0295.png,2,pred_dup,texture_boundary,0.25329267978668213,0,"309.40,142.32,341.16,168.85","{""bright_ratio"": 0.0, ""grad_ratio"": 0.10101010101010101, ""near_edge"": 0.0, ""white_thresh"": 250.0, ""grad_percentile"": 90.0}"
op2,test,/home/ubuntu/hpproject/yolo/dataset/yolo/datasetm6c/images/test/0374.png,0,background_fp,texture_boundary,0.4322417080402374,0,"270.82,143.26,391.58,218.76","{""bright_ratio"": 0.026207937877480585, ""grad_ratio"": 0.10019413287316652, ""near_edge"": 0.0, ""white_thresh"": 250.0, ""grad_percentile"": 90.0}"
op2,test,/home/ubuntu/hpproject/yolo/dataset/yolo/datasetm6c/images/test/0378.png,0,background_fp,texture_boundary,0.36228469014167786,0,"352.94,319.31,382.14,342.77","{""bright_ratio"": 0.0, ""grad_ratio"": 0.10080645161290322, ""near_edge"": 0.0, ""white_thresh"": 250.0, ""grad_percentile"": 90.0}"
op2,test,/home/ubuntu/hpproject/yolo/dataset/yolo/datasetm6c/images/test/0413.png,0,background_fp,texture_boundary,0.6700297594070435,0,"340.70,235.20,392.40,299.10","{""bright_ratio"": 0.0, ""grad_ratio"": 0.10043541364296081, ""near_edge"": 0.0, ""white_thresh"": 250.0, ""grad_percentile"": 90.0}"
op2,test,/home/ubuntu/hpproject/yolo/dataset/yolo/datasetm6c/images/test/0415.png,0,background_fp,texture_boundary,0.7949995398521423,0,"207.52,214.87,230.91,239.82","{""bright_ratio"": 0.0, ""grad_ratio"": 0.10096153846153846, ""near_edge"": 0.0, ""white_thresh"": 250.0, ""grad_percentile"": 90.0}"
op2,test,/home/ubuntu/hpproject/yolo/dataset/yolo/datasetm6c/images/test/0415.png,1,background_fp,highlight,0.2771171033382416,0,"238.55,94.15,290.70,128.35","{""bright_ratio"": 0.07924528301886792, ""grad_ratio"": 0.10026954177897573, ""near_edge"": 0.0, ""white_thresh"": 250.0, ""grad_percentile"": 90.0}"
op2,test,/home/ubuntu/hpproject/yolo/dataset/yolo/datasetm6c/images/test/0423.png,1,background_fp,texture_boundary,0.4167459011077881,0,"176.04,322.36,226.98,371.15","{""bright_ratio"": 0.0, ""grad_ratio"": 0.1, ""near_edge"": 0.0, ""white_thresh"": 250.0, ""grad_percentile"": 90.0}"
op2,test,/home/ubuntu/hpproject/yolo/dataset/yolo/datasetm6c/images/test/0426.png,2,pred_dup,texture_boundary,0.37402406334877014,0,"165.55,140.32,199.69,164.66","{""bright_ratio"": 0.009142857142857144, ""grad_ratio"": 0.10057142857142858, ""near_edge"": 0.0, ""white_thresh"": 250.0, ""grad_percentile"": 90.0}"
op3,val,/home/ubuntu/hpproject/yolo/dataset/yolo/datasetm6c/images/val/0020.png,0,background_fp,texture_boundary,0.3289322257041931,0,"203.16,125.44,259.12,159.63","{""bright_ratio"": 0.0, ""grad_ratio"": 0.10025062656641603, ""near_edge"": 0.0, ""white_thresh"": 250.0, ""grad_percentile"": 90.0}"
op3,val,/home/ubuntu/hpproject/yolo/dataset/yolo/datasetm6c/images/val/0061.png,0,background_fp,texture_boundary,0.7709431648254395,0,"297.68,138.81,357.21,216.26","{""bright_ratio"": 0.0, ""grad_ratio"": 0.1000207511931936, ""near_edge"": 0.0, ""white_thresh"": 250.0, ""grad_percentile"": 90.0}"
op3,val,/home/ubuntu/hpproject/yolo/dataset/yolo/datasetm6c/images/val/0061.png,2,background_fp,texture_boundary,0.28116893768310547,0,"350.23,264.87,378.41,289.45","{""bright_ratio"": 0.0, ""grad_ratio"": 0.10079575596816977, ""near_edge"": 0.0, ""white_thresh"": 250.0, ""grad_percentile"": 90.0}"
op3,val,/home/ubuntu/hpproject/yolo/dataset/yolo/datasetm6c/images/val/0103.png,0,background_fp,texture_boundary,0.44285812973976135,0,"197.96,234.55,293.50,273.52","{""bright_ratio"": 0.0, ""grad_ratio"": 0.1, ""near_edge"": 0.0, ""white_thresh"": 250.0, ""grad_percentile"": 90.0}"
op3,val,/home/ubuntu/hpproject/yolo/dataset/yolo/datasetm6c/images/val/0124.png,1,background_fp,highlight,0.38220179080963135,0,"337.36,80.67,380.24,121.45","{""bright_ratio"": 0.2050865800865801, ""grad_ratio"": 0.1001082251082251, ""near_edge"": 0.0, ""white_thresh"": 250.0, ""grad_percentile"": 90.0}"
op3,val,/home/ubuntu/hpproject/yolo/dataset/yolo/datasetm6c/images/val/0142.png,0,pred_dup,highlight,0.6484969854354858,0,"204.66,121.82,369.54,176.46","{""bright_ratio"": 0.14909638554216867, ""grad_ratio"": 0.10004302925989673, ""near_edge"": 0.0, ""white_thresh"": 250.0, ""grad_percentile"": 90.0}"
op3,val,/home/ubuntu/hpproject/yolo/dataset/yolo/datasetm6c/images/val/0160.png,0,background_fp,texture_boundary,0.5282811522483826,0,"223.29,160.46,279.94,252.83","{""bright_ratio"": 0.0, ""grad_ratio"": 0.100169779286927, ""near_edge"": 0.0, ""white_thresh"": 250.0, ""grad_percentile"": 90.0}"
op3,val,/home/ubuntu/hpproject/yolo/dataset/yolo/datasetm6c/images/val/0177.png,1,background_fp,highlight,0.6892662048339844,0,"169.79,361.79,256.82,410.80","{""bright_ratio"": 0.07, ""grad_ratio"": 0.1, ""near_edge"": 0.0, ""white_thresh"": 250.0, ""grad_percentile"": 90.0}"
op3,val,/home/ubuntu/hpproject/yolo/dataset/yolo/datasetm6c/images/val/0179.png,1,background_fp,texture_boundary,0.2563019096851349,0,"347.44,388.35,397.29,439.48","{""bright_ratio"": 0.0, ""grad_ratio"": 0.10030165912518854, ""near_edge"": 0.0, ""white_thresh"": 250.0, ""grad_percentile"": 90.0}"
op3,val,/home/ubuntu/hpproject/yolo/dataset/yolo/datasetm6c/images/val/0221.png,2,pred_dup,texture_boundary,0.29895830154418945,0,"155.23,236.80,194.25,272.31","{""bright_ratio"": 0.0, ""grad_ratio"": 0.1, ""near_edge"": 0.0, ""white_thresh"": 250.0, ""grad_percentile"": 90.0}"
op3,val,/home/ubuntu/hpproject/yolo/dataset/yolo/datasetm6c/images/val/0246.png,0,background_fp,texture_boundary,0.341999351978302,0,"216.98,198.29,282.22,242.37","{""bright_ratio"": 0.0, ""grad_ratio"": 0.10016583747927031, ""near_edge"": 0.0, ""white_thresh"": 250.0, ""grad_percentile"": 90.0}"
op3,val,/home/ubuntu/hpproject/yolo/dataset/yolo/datasetm6c/images/val/0274.png,0,background_fp,highlight,0.2551911473274231,0,"190.42,146.89,217.19,185.96","{""bright_ratio"": 0.26517857142857143, ""grad_ratio"": 0.1, ""near_edge"": 0.0, ""white_thresh"": 250.0, ""grad_percentile"": 90.0}"
op3,val,/home/ubuntu/hpproject/yolo/dataset/yolo/datasetm6c/images/val/0289.png,0,background_fp,highlight,0.39069491624832153,0,"158.41,117.61,217.02,179.79","{""bright_ratio"": 0.34074074074074073, ""grad_ratio"": 0.1, ""near_edge"": 0.0, ""white_thresh"": 250.0, ""grad_percentile"": 90.0}"
op3,val,/home/ubuntu/hpproject/yolo/dataset/yolo/datasetm6c/images/val/0351.png,0,background_fp,highlight,0.43083688616752625,0,"389.46,260.85,407.99,288.95","{""bright_ratio"": 0.16696914700544466, ""grad_ratio"": 0.10163339382940109, ""near_edge"": 0.0, ""white_thresh"": 250.0, ""grad_percentile"": 90.0}"
op3,val,/home/ubuntu/hpproject/yolo/dataset/yolo/datasetm6c/images/val/0354.png,1,pred_dup,texture_boundary,0.6354166269302368,0,"228.30,204.04,265.60,249.10","{""bright_ratio"": 0.0, ""grad_ratio"": 0.10011441647597254, ""near_edge"": 0.0, ""white_thresh"": 250.0, ""grad_percentile"": 90.0}"
op3,val,/home/ubuntu/hpproject/yolo/dataset/yolo/datasetm6c/images/val/0363.png,1,background_fp,texture_boundary,0.324285626411438,0,"97.69,230.88,124.27,263.32","{""bright_ratio"": 0.0, ""grad_ratio"": 0.10084033613445378, ""near_edge"": 0.0, ""white_thresh"": 250.0, ""grad_percentile"": 90.0}"
op3,val,/home/ubuntu/hpproject/yolo/dataset/yolo/datasetm6c/images/val/0371.png,1,background_fp,texture_boundary,0.6768856048583984,0,"244.59,212.64,346.33,251.89","{""bright_ratio"": 0.0, ""grad_ratio"": 0.1, ""near_edge"": 0.0, ""white_thresh"": 250.0, ""grad_percentile"": 90.0}"
op3,val,/home/ubuntu/hpproject/yolo/dataset/yolo/datasetm6c/images/val/0371.png,2,background_fp,texture_boundary,0.6119607090950012,0,"244.03,409.56,271.32,429.28","{""bright_ratio"": 0.0, ""grad_ratio"": 0.10034013605442177, ""near_edge"": 0.0, ""white_thresh"": 250.0, ""grad_percentile"": 90.0}"
op3,val,/home/ubuntu/hpproject/yolo/dataset/yolo/datasetm6c/images/val/0371.png,3,background_fp,texture_boundary,0.59489506483078,0,"303.73,143.41,327.78,170.06","{""bright_ratio"": 0.0, ""grad_ratio"": 0.1, ""near_edge"": 0.0, ""white_thresh"": 250.0, ""grad_percentile"": 90.0}"
op3,val,/home/ubuntu/hpproject/yolo/dataset/yolo/datasetm6c/images/val/0371.png,5,pred_dup,highlight,0.4695543944835663,0,"351.48,105.14,396.65,151.94","{""bright_ratio"": 0.0971322849213691, ""grad_ratio"": 0.10037002775208141, ""near_edge"": 0.0, ""white_thresh"": 250.0, ""grad_percentile"": 90.0}"
op3,val,/home/ubuntu/hpproject/yolo/dataset/yolo/datasetm6c/images/val/0428.png,0,background_fp,highlight,0.3075709342956543,0,"345.79,373.36,362.13,394.18","{""bright_ratio"": 0.05808080808080808, ""grad_ratio"": 0.10101010101010101, ""near_edge"": 0.0, ""white_thresh"": 250.0, ""grad_percentile"": 90.0}"
op3,val,/home/ubuntu/hpproject/yolo/dataset/yolo/datasetm6c/images/val/0433.png,1,background_fp,texture_boundary,0.3005104660987854,0,"146.93,205.76,206.75,261.36","{""bright_ratio"": 0.0, ""grad_ratio"": 0.1006614897900489, ""near_edge"": 0.0, ""white_thresh"": 250.0, ""grad_percentile"": 90.0}"
op3,test,/home/ubuntu/hpproject/yolo/dataset/yolo/datasetm6c/images/test/0049.png,0,background_fp,texture_boundary,0.37940678000450134,0,"164.97,101.99,207.37,132.23","{""bright_ratio"": 0.0, ""grad_ratio"": 0.10014204545454546, ""near_edge"": 0.0, ""white_thresh"": 250.0, ""grad_percentile"": 90.0}"
op3,test,/home/ubuntu/hpproject/yolo/dataset/yolo/datasetm6c/images/test/0071.png,0,background_fp,texture_boundary,0.38646507263183594,0,"176.12,96.66,205.73,143.68","{""bright_ratio"": 0.0, ""grad_ratio"": 0.10069444444444445, ""near_edge"": 0.0, ""white_thresh"": 250.0, ""grad_percentile"": 90.0}"
op3,test,/home/ubuntu/hpproject/yolo/dataset/yolo/datasetm6c/images/test/0112.png,1,pred_dup,texture_boundary,0.4376434087753296,0,"314.01,125.42,337.26,158.03","{""bright_ratio"": 0.0, ""grad_ratio"": 0.10049019607843138, ""near_edge"": 0.0, ""white_thresh"": 250.0, ""grad_percentile"": 90.0}"
op3,test,/home/ubuntu/hpproject/yolo/dataset/yolo/datasetm6c/images/test/0127.png,1,background_fp,highlight,0.47260263562202454,0,"241.41,79.83,316.41,114.52","{""bright_ratio"": 0.059941520467836254, ""grad_ratio"": 0.10014619883040936, ""near_edge"": 0.0, ""white_thresh"": 250.0, ""grad_percentile"": 90.0}"
op3,test,/home/ubuntu/hpproject/yolo/dataset/yolo/datasetm6c/images/test/0127.png,2,background_fp,texture_boundary,0.3244197964668274,0,"319.40,138.51,388.96,211.75","{""bright_ratio"": 0.03262548262548263, ""grad_ratio"": 0.1, ""near_edge"": 0.0, ""white_thresh"": 250.0, ""grad_percentile"": 90.0}"
op3,test,/home/ubuntu/hpproject/yolo/dataset/yolo/datasetm6c/images/test/0127.png,3,background_fp,texture_boundary,0.30672261118888855,0,"240.63,328.85,277.28,373.30","{""bright_ratio"": 0.0, ""grad_ratio"": 0.10011441647597254, ""near_edge"": 0.0, ""white_thresh"": 250.0, ""grad_percentile"": 90.0}"
op3,test,/home/ubuntu/hpproject/yolo/dataset/yolo/datasetm6c/images/test/0139.png,1,background_fp,texture_boundary,0.6910645365715027,0,"354.32,150.88,403.67,204.55","{""bright_ratio"": 0.005818181818181818, ""grad_ratio"": 0.1, ""near_edge"": 0.0, ""white_thresh"": 250.0, ""grad_percentile"": 90.0}"
op3,test,/home/ubuntu/hpproject/yolo/dataset/yolo/datasetm6c/images/test/0149.png,0,pred_dup,texture_boundary,0.6198592185974121,0,"234.71,159.87,284.64,240.50","{""bright_ratio"": 0.0, ""grad_ratio"": 0.10019129603060736, ""near_edge"": 0.0, ""white_thresh"": 250.0, ""grad_percentile"": 90.0}"
op3,test,/home/ubuntu/hpproject/yolo/dataset/yolo/datasetm6c/images/test/0149.png,1,background_fp,texture_boundary,0.48911842703819275,0,"248.38,89.52,280.85,127.84","{""bright_ratio"": 0.03263403263403263, ""grad_ratio"": 0.10023310023310024, ""near_edge"": 0.0, ""white_thresh"": 250.0, ""grad_percentile"": 90.0}"
op3,test,/home/ubuntu/hpproject/yolo/dataset/yolo/datasetm6c/images/test/0149.png,2,pred_dup,texture_boundary,0.295523077249527,0,"237.83,160.39,284.99,216.11","{""bright_ratio"": 0.0, ""grad_ratio"": 0.10051169590643275, ""near_edge"": 0.0, ""white_thresh"": 250.0, ""grad_percentile"": 90.0}"
op3,test,/home/ubuntu/hpproject/yolo/dataset/yolo/datasetm6c/images/test/0171.png,4,pred_dup,texture_boundary,0.3117528259754181,0,"184.73,224.17,300.18,285.63","{""bright_ratio"": 0.0, ""grad_ratio"": 0.10022056796250345, ""near_edge"": 0.0, ""white_thresh"": 250.0, ""grad_percentile"": 90.0}"
op3,test,/home/ubuntu/hpproject/yolo/dataset/yolo/datasetm6c/images/test/0173.png,1,pred_dup,texture_boundary,0.36020004749298096,0,"209.43,105.00,244.92,155.06","{""bright_ratio"": 0.0, ""grad_ratio"": 0.10076252723311546, ""near_edge"": 0.0, ""white_thresh"": 250.0, ""grad_percentile"": 90.0}"
op3,test,/home/ubuntu/hpproject/yolo/dataset/yolo/datasetm6c/images/test/0173.png,3,background_fp,highlight,0.2743450999259949,0,"247.81,101.46,360.30,253.40","{""bright_ratio"": 0.28236440775140464, ""grad_ratio"": 0.1001031991744066, ""near_edge"": 0.0, ""white_thresh"": 250.0, ""grad_percentile"": 90.0}"
op3,test,/home/ubuntu/hpproject/yolo/dataset/yolo/datasetm6c/images/test/0193.png,2,background_fp,texture_boundary,0.36460211873054504,0,"96.54,194.68,156.78,242.14","{""bright_ratio"": 0.021746403479424557, ""grad_ratio"": 0.10070257611241218, ""near_edge"": 0.0, ""white_thresh"": 250.0, ""grad_percentile"": 90.0}"
op3,test,/home/ubuntu/hpproject/yolo/dataset/yolo/datasetm6c/images/test/0204.png,1,pred_dup,highlight,0.2589220106601715,0,"315.43,82.49,364.13,138.63","{""bright_ratio"": 0.059298245614035086, ""grad_ratio"": 0.1, ""near_edge"": 0.0, ""white_thresh"": 250.0, ""grad_percentile"": 90.0}"
op3,test,/home/ubuntu/hpproject/yolo/dataset/yolo/datasetm6c/images/test/0259.png,1,background_fp,texture_boundary,0.6235353946685791,0,"267.15,276.86,379.50,303.46","{""bright_ratio"": 0.0, ""grad_ratio"": 0.10018963337547408, ""near_edge"": 0.0, ""white_thresh"": 250.0, ""grad_percentile"": 90.0}"
op3,test,/home/ubuntu/hpproject/yolo/dataset/yolo/datasetm6c/images/test/0295.png,0,background_fp,texture_boundary,0.42825546860694885,0,"227.22,198.81,304.51,275.55","{""bright_ratio"": 0.0023011176857330702, ""grad_ratio"": 0.10009861932938856, ""near_edge"": 0.0, ""white_thresh"": 250.0, ""grad_percentile"": 90.0}"
op3,test,/home/ubuntu/hpproject/yolo/dataset/yolo/datasetm6c/images/test/0295.png,1,background_fp,texture_boundary,0.34067976474761963,0,"258.56,201.53,307.02,271.81","{""bright_ratio"": 0.0, ""grad_ratio"": 0.10028169014084506, ""near_edge"": 0.0, ""white_thresh"": 250.0, ""grad_percentile"": 90.0}"
op3,test,/home/ubuntu/hpproject/yolo/dataset/yolo/datasetm6c/images/test/0344.png,1,pred_dup,texture_boundary,0.3052279055118561,0,"309.99,122.00,357.67,174.72","{""bright_ratio"": 0.0, ""grad_ratio"": 0.10015117157974301, ""near_edge"": 0.0, ""white_thresh"": 250.0, ""grad_percentile"": 90.0}"
op3,test,/home/ubuntu/hpproject/yolo/dataset/yolo/datasetm6c/images/test/0345.png,0,background_fp,texture_boundary,0.3142165541648865,0,"234.86,95.21,274.26,162.57","{""bright_ratio"": 0.0351506456241033, ""grad_ratio"": 0.10043041606886657, ""near_edge"": 0.0, ""white_thresh"": 250.0, ""grad_percentile"": 90.0}"
op3,test,/home/ubuntu/hpproject/yolo/dataset/yolo/datasetm6c/images/test/0378.png,2,pred_dup,texture_boundary,0.5996847748756409,0,"216.54,211.05,316.53,263.64","{""bright_ratio"": 0.0, ""grad_ratio"": 0.10013076779376051, ""near_edge"": 0.0, ""white_thresh"": 250.0, ""grad_percentile"": 90.0}"
op3,test,/home/ubuntu/hpproject/yolo/dataset/yolo/datasetm6c/images/test/0413.png,0,background_fp,texture_boundary,0.9420972466468811,0,"338.48,237.58,389.94,299.70","{""bright_ratio"": 0.0, ""grad_ratio"": 0.10042735042735043, ""near_edge"": 0.0, ""white_thresh"": 250.0, ""grad_percentile"": 90.0}"
op3,test,/home/ubuntu/hpproject/yolo/dataset/yolo/datasetm6c/images/test/0415.png,0,background_fp,texture_boundary,0.42673689126968384,0,"209.21,214.86,232.13,237.41","{""bright_ratio"": 0.0, ""grad_ratio"": 0.10069444444444445, ""near_edge"": 0.0, ""white_thresh"": 250.0, ""grad_percentile"": 90.0}"
op3,test,/home/ubuntu/hpproject/yolo/dataset/yolo/datasetm6c/images/test/0415.png,1,background_fp,texture_boundary,0.3210389316082001,0,"243.90,95.00,282.39,116.66","{""bright_ratio"": 0.04318181818181818, ""grad_ratio"": 0.1, ""near_edge"": 0.0, ""white_thresh"": 250.0, ""grad_percentile"": 90.0}"
op3,test,/home/ubuntu/hpproject/yolo/dataset/yolo/datasetm6c/images/test/0423.png,3,background_fp,texture_boundary,0.4273971617221832,0,"194.47,294.48,277.72,325.77","{""bright_ratio"": 0.0, ""grad_ratio"": 0.10007440476190477, ""near_edge"": 0.0, ""white_thresh"": 250.0, ""grad_percentile"": 90.0}"
op3,test,/home/ubuntu/hpproject/yolo/dataset/yolo/datasetm6c/images/test/0423.png,5,background_fp,texture_boundary,0.31643590331077576,0,"172.49,320.95,225.10,372.52","{""bright_ratio"": 0.0, ""grad_ratio"": 0.10027952480782669, ""near_edge"": 0.0, ""white_thresh"": 250.0, ""grad_percentile"": 90.0}"
op3,test,/home/ubuntu/hpproject/yolo/dataset/yolo/datasetm6c/images/test/0423.png,6,background_fp,highlight,0.26895079016685486,0,"78.54,272.19,142.47,342.15","{""bright_ratio"": 0.0600216684723727, ""grad_ratio"": 0.10032502708559046, ""near_edge"": 0.0, ""white_thresh"": 250.0, ""grad_percentile"": 90.0}"
op3,test,/home/ubuntu/hpproject/yolo/dataset/yolo/datasetm6c/images/test/0450.png,0,background_fp,texture_boundary,0.5475826859474182,0,"154.98,170.78,240.09,226.79","{""bright_ratio"": 0.0054446460980036296, ""grad_ratio"": 0.10022181891510386, ""near_edge"": 0.0, ""white_thresh"": 250.0, ""grad_percentile"": 90.0}"
