model_name,split,image_path,gt_idx,scale_bin,best_score_all,match_metric,best_metric_all,best_metric_conf,best_metric_final,best_iou_all,best_iou_conf,best_iou_final,fn_type,gt_cls,gt_box_xyxy
bsd,val,/home/ubuntu/hpproject/yolo/dataset/yolo/datasetm6c/images/val/0051.png,2,32-64,0.43612292408943176,ios,1.0,0.08860242366790771,0.08276139199733734,1.0,0.08860242366790771,0.08276139199733734,regression_or_match_poor,0,"148.39,67.22,174.99,99.26"
bsd,val,/home/ubuntu/hpproject/yolo/dataset/yolo/datasetm6c/images/val/0055.png,1,>=64,0.36236846446990967,ios,1.0,1.0,1.0,1.0,1.0,1.0,regression_or_match_poor,0,"151.00,65.00,211.00,117.00"
bsd,val,/home/ubuntu/hpproject/yolo/dataset/yolo/datasetm6c/images/val/0066.png,1,16-32,0.0,ios,0.0,0.0,0.0,0.0,0.0,0.0,no_response,0,"178.00,160.00,197.00,203.00"
bsd,val,/home/ubuntu/hpproject/yolo/dataset/yolo/datasetm6c/images/val/0066.png,3,16-32,0.08755329996347427,ios,1.0,0.0,0.0,1.0,0.0,0.0,low_score,0,"301.00,109.00,342.00,124.00"
bsd,val,/home/ubuntu/hpproject/yolo/dataset/yolo/datasetm6c/images/val/0068.png,1,32-64,0.23749934136867523,ios,1.0,0.0,0.0,1.0,0.0,0.0,low_score,0,"124.00,211.00,155.00,235.00"
bsd,val,/home/ubuntu/hpproject/yolo/dataset/yolo/datasetm6c/images/val/0068.png,2,32-64,0.10469108074903488,ios,1.0,0.0,0.0,1.0,0.0,0.0,low_score,0,"245.00,204.00,283.00,244.00"
bsd,val,/home/ubuntu/hpproject/yolo/dataset/yolo/datasetm6c/images/val/0069.png,1,32-64,0.10018052905797958,ios,1.0,0.0,0.0,1.0,0.0,0.0,low_score,0,"213.83,122.63,243.66,150.93"
bsd,val,/home/ubuntu/hpproject/yolo/dataset/yolo/datasetm6c/images/val/0069.png,2,16-32,0.22482988238334656,ios,1.0,0.0,0.0,1.0,0.0,0.0,low_score,0,"145.00,243.47,169.47,271.77"
bsd,val,/home/ubuntu/hpproject/yolo/dataset/yolo/datasetm6c/images/val/0069.png,3,16-32,0.11071904748678207,ios,1.0,0.0,0.0,1.0,0.0,0.0,low_score,0,"421.86,195.29,438.68,225.88"
bsd,val,/home/ubuntu/hpproject/yolo/dataset/yolo/datasetm6c/images/val/0103.png,0,>=64,0.2526538670063019,ios,1.0,0.0,0.0,1.0,0.0,0.0,low_score,0,"211.00,112.00,291.00,194.00"
bsd,val,/home/ubuntu/hpproject/yolo/dataset/yolo/datasetm6c/images/val/0105.png,0,32-64,0.10343251377344131,ios,0.9814795851707458,0.0,0.0,0.9814795851707458,0.0,0.0,low_score,0,"145.00,170.00,205.00,198.00"
bsd,val,/home/ubuntu/hpproject/yolo/dataset/yolo/datasetm6c/images/val/0143.png,0,>=64,0.4090368151664734,ios,1.0,0.9178272485733032,0.9178272485733032,1.0,0.9178272485733032,0.9178272485733032,regression_or_match_poor,0,"94.00,275.00,315.00,346.00"
bsd,val,/home/ubuntu/hpproject/yolo/dataset/yolo/datasetm6c/images/val/0144.png,0,32-64,0.015064517967402935,ios,0.9428726434707642,0.0,0.0,0.9428726434707642,0.0,0.0,low_score,0,"312.00,269.00,350.00,305.00"
bsd,val,/home/ubuntu/hpproject/yolo/dataset/yolo/datasetm6c/images/val/0188.png,0,>=64,0.29413771629333496,ios,1.0,0.0,0.0,1.0,0.0,0.0,low_score,0,"387.00,151.00,485.00,260.00"
bsd,val,/home/ubuntu/hpproject/yolo/dataset/yolo/datasetm6c/images/val/0188.png,1,32-64,0.23729750514030457,ios,1.0,0.0,0.0,1.0,0.0,0.0,low_score,0,"293.00,111.00,340.00,184.00"
bsd,val,/home/ubuntu/hpproject/yolo/dataset/yolo/datasetm6c/images/val/0221.png,1,16-32,0.28698036074638367,ios,1.0,0.0,0.0,1.0,0.0,0.0,low_score,0,"164.00,236.00,191.00,257.00"
bsd,val,/home/ubuntu/hpproject/yolo/dataset/yolo/datasetm6c/images/val/0221.png,2,16-32,0.6338526606559753,ios,1.0,1.0,1.0,1.0,1.0,1.0,regression_or_match_poor,0,"200.00,229.00,243.00,251.00"
bsd,val,/home/ubuntu/hpproject/yolo/dataset/yolo/datasetm6c/images/val/0221.png,3,>=64,0.28698036074638367,ios,0.9700441956520081,0.0,0.0,0.9700441956520081,0.0,0.0,low_score,0,"263.00,200.00,331.00,285.00"
bsd,val,/home/ubuntu/hpproject/yolo/dataset/yolo/datasetm6c/images/val/0221.png,4,32-64,0.28698036074638367,ios,1.0,0.0,0.0,1.0,0.0,0.0,low_score,0,"232.00,144.00,283.00,195.00"
bsd,val,/home/ubuntu/hpproject/yolo/dataset/yolo/datasetm6c/images/val/0221.png,5,>=64,0.28698036074638367,ios,1.0,0.0,0.0,1.0,0.0,0.0,low_score,0,"143.00,129.00,229.00,214.00"
bsd,val,/home/ubuntu/hpproject/yolo/dataset/yolo/datasetm6c/images/val/0234.png,0,16-32,0.07092949002981186,ios,1.0,0.0,0.0,1.0,0.0,0.0,low_score,0,"212.04,221.24,272.37,247.89"
bsd,val,/home/ubuntu/hpproject/yolo/dataset/yolo/datasetm6c/images/val/0234.png,1,16-32,0.15147753059864044,ios,1.0,0.0,0.0,1.0,0.0,0.0,low_score,0,"255.13,153.08,270.80,169.53"
bsd,val,/home/ubuntu/hpproject/yolo/dataset/yolo/datasetm6c/images/val/0234.png,2,32-64,0.0,ios,0.0,0.0,0.0,0.0,0.0,0.0,no_response,0,"361.70,260.42,396.96,297.25"
bsd,val,/home/ubuntu/hpproject/yolo/dataset/yolo/datasetm6c/images/val/0262.png,0,16-32,0.08073266595602036,ios,1.0,0.0,0.0,1.0,0.0,0.0,low_score,0,"309.00,219.00,345.00,249.00"
bsd,val,/home/ubuntu/hpproject/yolo/dataset/yolo/datasetm6c/images/val/0262.png,1,16-32,0.09315351396799088,ios,0.9866396188735962,0.0,0.0,0.9866396188735962,0.0,0.0,low_score,0,"246.00,193.00,280.00,217.00"
bsd,val,/home/ubuntu/hpproject/yolo/dataset/yolo/datasetm6c/images/val/0262.png,2,32-64,0.08073266595602036,ios,0.46069055795669556,0.0,0.0,0.46069055795669556,0.0,0.0,low_score,0,"323.00,186.00,399.00,231.00"
bsd,val,/home/ubuntu/hpproject/yolo/dataset/yolo/datasetm6c/images/val/0324.png,0,32-64,0.14846310019493103,ios,1.0,0.0,0.0,1.0,0.0,0.0,low_score,0,"216.00,230.00,251.00,269.00"
bsd,val,/home/ubuntu/hpproject/yolo/dataset/yolo/datasetm6c/images/val/0349.png,0,16-32,0.0,ios,0.0,0.0,0.0,0.0,0.0,0.0,no_response,0,"411.00,225.00,442.00,250.00"
bsd,val,/home/ubuntu/hpproject/yolo/dataset/yolo/datasetm6c/images/val/0351.png,1,>=64,0.8314635157585144,ios,1.0,1.0,1.0,1.0,1.0,1.0,regression_or_match_poor,0,"175.00,126.00,304.00,252.00"
bsd,val,/home/ubuntu/hpproject/yolo/dataset/yolo/datasetm6c/images/val/0359.png,0,32-64,0.1360890418291092,ios,1.0,0.0,0.0,1.0,0.0,0.0,low_score,0,"177.00,290.00,235.00,322.00"
bsd,val,/home/ubuntu/hpproject/yolo/dataset/yolo/datasetm6c/images/val/0359.png,1,16-32,0.22521522641181946,ios,1.0,0.0,0.0,1.0,0.0,0.0,low_score,0,"368.00,255.00,391.00,283.00"
bsd,val,/home/ubuntu/hpproject/yolo/dataset/yolo/datasetm6c/images/val/0359.png,2,32-64,0.0,ios,0.0,0.0,0.0,0.0,0.0,0.0,no_response,0,"245.00,225.00,281.00,252.00"
bsd,val,/home/ubuntu/hpproject/yolo/dataset/yolo/datasetm6c/images/val/0359.png,3,16-32,0.1413821578025818,ios,1.0,0.0,0.0,1.0,0.0,0.0,low_score,0,"367.00,178.00,390.00,207.00"
bsd,val,/home/ubuntu/hpproject/yolo/dataset/yolo/datasetm6c/images/val/0359.png,4,32-64,0.18664313852787018,ios,1.0,0.0,0.0,1.0,0.0,0.0,low_score,0,"238.00,81.00,284.00,107.00"
bsd,val,/home/ubuntu/hpproject/yolo/dataset/yolo/datasetm6c/images/val/0363.png,2,32-64,0.703347384929657,ios,0.7901154160499573,0.08894862979650497,0.05500435829162598,0.7901154160499573,0.08894862979650497,0.05500435829162598,regression_or_match_poor,0,"264.00,90.00,290.00,117.00"
bsd,val,/home/ubuntu/hpproject/yolo/dataset/yolo/datasetm6c/images/val/0371.png,0,16-32,0.1371365189552307,ios,1.0,0.0,0.0,1.0,0.0,0.0,low_score,0,"377.00,109.00,404.00,150.00"
bsd,val,/home/ubuntu/hpproject/yolo/dataset/yolo/datasetm6c/images/val/0371.png,3,32-64,0.1027468591928482,ios,0.7675839066505432,0.0,0.0,0.7675839066505432,0.0,0.0,low_score,0,"255.00,144.00,330.00,188.00"
bsd,val,/home/ubuntu/hpproject/yolo/dataset/yolo/datasetm6c/images/val/0371.png,4,32-64,0.19961409270763397,ios,1.0,0.0,0.0,1.0,0.0,0.0,low_score,0,"405.00,311.00,447.00,354.00"
bsd,val,/home/ubuntu/hpproject/yolo/dataset/yolo/datasetm6c/images/val/0376.png,0,<16,0.0,ios,0.0,0.0,0.0,0.0,0.0,0.0,no_response,0,"423.00,339.00,436.00,384.00"
bsd,val,/home/ubuntu/hpproject/yolo/dataset/yolo/datasetm6c/images/val/0376.png,1,16-32,0.030888335779309273,ios,0.9924902319908142,0.0,0.0,0.9924902319908142,0.0,0.0,low_score,0,"456.00,174.00,473.00,212.00"
bsd,val,/home/ubuntu/hpproject/yolo/dataset/yolo/datasetm6c/images/val/0380.png,0,32-64,0.1915857344865799,ios,0.9309887290000916,0.0,0.0,0.9309887290000916,0.0,0.0,low_score,0,"330.00,350.00,376.00,383.00"
bsd,val,/home/ubuntu/hpproject/yolo/dataset/yolo/datasetm6c/images/val/0380.png,1,32-64,0.1915857344865799,ios,0.9315919876098633,0.0,0.0,0.9315919876098633,0.0,0.0,low_score,0,"389.00,302.00,419.00,333.00"
bsd,val,/home/ubuntu/hpproject/yolo/dataset/yolo/datasetm6c/images/val/0380.png,3,32-64,0.03373466432094574,ios,0.8328293561935425,0.0,0.0,0.8328293561935425,0.0,0.0,low_score,0,"399.00,163.00,431.00,203.00"
bsd,val,/home/ubuntu/hpproject/yolo/dataset/yolo/datasetm6c/images/val/0380.png,4,16-32,0.061400607228279114,ios,1.0,0.0,0.0,1.0,0.0,0.0,low_score,0,"356.00,130.00,379.00,161.00"
bsd,val,/home/ubuntu/hpproject/yolo/dataset/yolo/datasetm6c/images/val/0409.png,0,32-64,0.11587448418140411,ios,1.0,0.0,0.0,1.0,0.0,0.0,low_score,0,"215.00,66.00,249.00,133.00"
bsd,val,/home/ubuntu/hpproject/yolo/dataset/yolo/datasetm6c/images/val/0428.png,0,16-32,0.0,ios,0.0,0.0,0.0,0.0,0.0,0.0,no_response,0,"206.00,154.00,227.00,179.00"
bsd,val,/home/ubuntu/hpproject/yolo/dataset/yolo/datasetm6c/images/val/0428.png,1,32-64,0.0,ios,0.0,0.0,0.0,0.0,0.0,0.0,no_response,0,"223.00,172.00,251.00,237.00"
bsd,val,/home/ubuntu/hpproject/yolo/dataset/yolo/datasetm6c/images/val/0433.png,0,32-64,0.06932926177978516,ios,0.9926031231880188,0.0,0.0,0.9926031231880188,0.0,0.0,low_score,0,"286.00,326.00,332.00,374.00"
bsd,val,/home/ubuntu/hpproject/yolo/dataset/yolo/datasetm6c/images/val/0433.png,1,32-64,0.0,ios,0.0,0.0,0.0,0.0,0.0,0.0,no_response,0,"357.00,289.00,391.00,333.00"
bsd,val,/home/ubuntu/hpproject/yolo/dataset/yolo/datasetm6c/images/val/0433.png,2,>=64,0.016682568937540054,ios,0.940876305103302,0.0,0.0,0.940876305103302,0.0,0.0,low_score,0,"344.00,198.00,423.00,294.00"
bsd,val,/home/ubuntu/hpproject/yolo/dataset/yolo/datasetm6c/images/val/0433.png,3,32-64,0.0,ios,0.0,0.0,0.0,0.0,0.0,0.0,no_response,0,"272.00,146.00,305.00,177.00"
bsd,val,/home/ubuntu/hpproject/yolo/dataset/yolo/datasetm6c/images/val/0433.png,5,16-32,0.015610127709805965,ios,0.999531090259552,0.0,0.0,0.999531090259552,0.0,0.0,low_score,0,"291.00,112.00,314.00,138.00"
bsd,test,/home/ubuntu/hpproject/yolo/dataset/yolo/datasetm6c/images/test/0031.png,0,>=64,0.17179255187511444,ios,1.0,0.0,0.0,1.0,0.0,0.0,low_score,0,"73.00,101.00,303.00,239.00"
bsd,test,/home/ubuntu/hpproject/yolo/dataset/yolo/datasetm6c/images/test/0049.png,0,32-64,0.17239555716514587,ios,1.0,0.0,0.0,1.0,0.0,0.0,low_score,0,"135.00,177.00,237.00,203.00"
bsd,test,/home/ubuntu/hpproject/yolo/dataset/yolo/datasetm6c/images/test/0127.png,1,32-64,0.6941129565238953,ios,1.0,0.8988901972770691,0.8404179215431213,1.0,0.8988901972770691,0.8404179215431213,regression_or_match_poor,0,"173.00,129.00,230.00,177.00"
bsd,test,/home/ubuntu/hpproject/yolo/dataset/yolo/datasetm6c/images/test/0140.png,0,32-64,0.06608055531978607,ios,1.0,0.0,0.0,1.0,0.0,0.0,low_score,0,"324.00,143.00,355.00,183.00"
bsd,test,/home/ubuntu/hpproject/yolo/dataset/yolo/datasetm6c/images/test/0149.png,0,32-64,0.06207788735628128,ios,1.0,0.0,0.0,1.0,0.0,0.0,low_score,0,"247.00,165.00,284.00,203.00"
bsd,test,/home/ubuntu/hpproject/yolo/dataset/yolo/datasetm6c/images/test/0149.png,1,32-64,0.06207788735628128,ios,1.0,0.0,0.0,1.0,0.0,0.0,low_score,0,"284.00,132.00,311.00,161.00"
bsd,test,/home/ubuntu/hpproject/yolo/dataset/yolo/datasetm6c/images/test/0161.png,1,>=64,0.1976255625486374,ios,1.0,0.0,0.0,1.0,0.0,0.0,low_score,0,"150.00,88.00,208.00,150.00"
bsd,test,/home/ubuntu/hpproject/yolo/dataset/yolo/datasetm6c/images/test/0171.png,2,32-64,0.4748322665691376,ios,1.0,0.9080544710159302,0.5655348896980286,1.0,0.9080544710159302,0.5655348896980286,regression_or_match_poor,0,"179.00,221.00,240.00,253.00"
bsd,test,/home/ubuntu/hpproject/yolo/dataset/yolo/datasetm6c/images/test/0193.png,0,>=64,0.22312121093273163,ios,1.0,0.0,0.0,1.0,0.0,0.0,low_score,0,"241.00,182.00,308.00,255.00"
bsd,test,/home/ubuntu/hpproject/yolo/dataset/yolo/datasetm6c/images/test/0193.png,1,32-64,0.22312121093273163,ios,0.9734073877334595,0.0,0.0,0.9734073877334595,0.0,0.0,low_score,0,"245.00,152.00,275.00,189.00"
bsd,test,/home/ubuntu/hpproject/yolo/dataset/yolo/datasetm6c/images/test/0204.png,0,32-64,0.133645161986351,ios,1.0,0.0,0.0,1.0,0.0,0.0,low_score,0,"246.00,149.00,288.00,207.00"
bsd,test,/home/ubuntu/hpproject/yolo/dataset/yolo/datasetm6c/images/test/0213.png,0,32-64,0.021024692803621292,ios,1.0,0.0,0.0,1.0,0.0,0.0,low_score,0,"163.00,243.00,189.00,288.00"
bsd,test,/home/ubuntu/hpproject/yolo/dataset/yolo/datasetm6c/images/test/0213.png,1,32-64,0.0,ios,0.0,0.0,0.0,0.0,0.0,0.0,no_response,0,"119.00,230.00,154.00,290.00"
bsd,test,/home/ubuntu/hpproject/yolo/dataset/yolo/datasetm6c/images/test/0232.png,1,32-64,0.0,ios,0.0,0.0,0.0,0.0,0.0,0.0,no_response,0,"391.47,235.35,422.03,316.05"
bsd,test,/home/ubuntu/hpproject/yolo/dataset/yolo/datasetm6c/images/test/0241.png,0,32-64,0.03806867077946663,ios,0.869096040725708,0.0,0.0,0.869096040725708,0.0,0.0,low_score,0,"188.00,142.00,307.00,195.00"
bsd,test,/home/ubuntu/hpproject/yolo/dataset/yolo/datasetm6c/images/test/0258.png,0,16-32,0.20278604328632355,ios,1.0,0.0,0.0,1.0,0.0,0.0,low_score,0,"394.00,266.00,422.00,316.00"
bsd,test,/home/ubuntu/hpproject/yolo/dataset/yolo/datasetm6c/images/test/0295.png,0,32-64,0.26963096857070923,ios,1.0,0.0,0.0,1.0,0.0,0.0,low_score,0,"303.00,134.00,358.00,175.00"
bsd,test,/home/ubuntu/hpproject/yolo/dataset/yolo/datasetm6c/images/test/0299.png,0,32-64,0.023652581498026848,ios,0.9558069109916687,0.0,0.0,0.9558069109916687,0.0,0.0,low_score,0,"246.00,168.00,282.00,216.00"
bsd,test,/home/ubuntu/hpproject/yolo/dataset/yolo/datasetm6c/images/test/0299.png,1,32-64,0.2592918276786804,ios,1.0,0.0,0.0,1.0,0.0,0.0,low_score,0,"241.00,109.00,283.00,150.00"
bsd,test,/home/ubuntu/hpproject/yolo/dataset/yolo/datasetm6c/images/test/0299.png,2,32-64,0.06379376351833344,ios,0.9616625308990479,0.0,0.0,0.9616625308990479,0.0,0.0,low_score,0,"450.00,388.00,505.00,442.00"
bsd,test,/home/ubuntu/hpproject/yolo/dataset/yolo/datasetm6c/images/test/0308.png,0,32-64,0.0318090058863163,ios,1.0,0.0,0.0,1.0,0.0,0.0,low_score,0,"201.00,159.00,239.00,214.00"
bsd,test,/home/ubuntu/hpproject/yolo/dataset/yolo/datasetm6c/images/test/0308.png,1,16-32,0.0,ios,0.0,0.0,0.0,0.0,0.0,0.0,no_response,0,"197.00,120.00,217.00,142.00"
bsd,test,/home/ubuntu/hpproject/yolo/dataset/yolo/datasetm6c/images/test/0340.png,0,<16,0.20191648602485657,ios,1.0,0.0,0.0,1.0,0.0,0.0,low_score,0,"225.00,357.00,239.00,376.00"
bsd,test,/home/ubuntu/hpproject/yolo/dataset/yolo/datasetm6c/images/test/0340.png,1,16-32,0.2884625792503357,ios,1.0,0.0,0.0,1.0,0.0,0.0,low_score,0,"331.42,346.81,349.48,377.19"
bsd,test,/home/ubuntu/hpproject/yolo/dataset/yolo/datasetm6c/images/test/0340.png,2,16-32,0.0,ios,0.0,0.0,0.0,0.0,0.0,0.0,no_response,0,"227.96,250.75,246.03,270.45"
bsd,test,/home/ubuntu/hpproject/yolo/dataset/yolo/datasetm6c/images/test/0344.png,1,32-64,0.27953216433525085,ios,0.7741504907608032,0.0,0.0,0.7741504907608032,0.0,0.0,low_score,0,"260.00,376.00,297.00,404.00"
bsd,test,/home/ubuntu/hpproject/yolo/dataset/yolo/datasetm6c/images/test/0365.png,1,32-64,0.3465439975261688,ios,0.9874334335327148,0.8783186078071594,0.8783186078071594,0.9874334335327148,0.8783186078071594,0.8783186078071594,regression_or_match_poor,0,"146.00,141.00,180.00,180.00"
bsd,test,/home/ubuntu/hpproject/yolo/dataset/yolo/datasetm6c/images/test/0374.png,1,32-64,0.36362284421920776,ios,1.0,1.0,1.0,1.0,1.0,1.0,regression_or_match_poor,0,"351.00,143.00,390.00,196.00"
bsd,test,/home/ubuntu/hpproject/yolo/dataset/yolo/datasetm6c/images/test/0378.png,0,16-32,0.281258225440979,ios,0.9872398972511292,0.0,0.0,0.9872398972511292,0.0,0.0,low_score,0,"207.00,382.00,257.00,404.00"
bsd,test,/home/ubuntu/hpproject/yolo/dataset/yolo/datasetm6c/images/test/0378.png,1,32-64,0.2714684307575226,ios,0.9909277558326721,0.0,0.0,0.9909277558326721,0.0,0.0,low_score,0,"263.00,327.00,313.00,359.00"
bsd,test,/home/ubuntu/hpproject/yolo/dataset/yolo/datasetm6c/images/test/0407.png,0,16-32,0.0,ios,0.0,0.0,0.0,0.0,0.0,0.0,no_response,0,"167.00,328.00,190.00,354.00"
bsd,test,/home/ubuntu/hpproject/yolo/dataset/yolo/datasetm6c/images/test/0419.png,0,32-64,0.045800741761922836,ios,1.0,0.0,0.0,1.0,0.0,0.0,low_score,0,"139.42,142.89,183.31,203.62"
bsd,test,/home/ubuntu/hpproject/yolo/dataset/yolo/datasetm6c/images/test/0423.png,0,32-64,0.08216339349746704,ios,0.9719656705856323,0.0,0.0,0.9719656705856323,0.0,0.0,low_score,0,"245.00,349.00,280.00,380.00"
bsd,test,/home/ubuntu/hpproject/yolo/dataset/yolo/datasetm6c/images/test/0423.png,1,16-32,0.10294190049171448,ios,1.0,0.0,0.0,1.0,0.0,0.0,low_score,0,"124.00,320.00,144.00,344.00"
bsd,test,/home/ubuntu/hpproject/yolo/dataset/yolo/datasetm6c/images/test/0423.png,2,16-32,0.2005361169576645,ios,1.0,0.0,0.0,1.0,0.0,0.0,low_score,0,"95.00,275.00,116.00,302.00"
bsd,test,/home/ubuntu/hpproject/yolo/dataset/yolo/datasetm6c/images/test/0423.png,4,32-64,0.7223122715950012,ios,1.0,0.5192639231681824,0.5116976499557495,1.0,0.5192639231681824,0.5116976499557495,regression_or_match_poor,0,"266.00,116.00,302.00,147.00"
bsd,test,/home/ubuntu/hpproject/yolo/dataset/yolo/datasetm6c/images/test/0423.png,5,32-64,0.14430440962314606,ios,1.0,0.0,0.0,1.0,0.0,0.0,low_score,0,"228.00,97.00,263.00,123.00"
bsd,test,/home/ubuntu/hpproject/yolo/dataset/yolo/datasetm6c/images/test/0426.png,0,16-32,0.18388937413692474,ios,1.0,0.0,0.0,1.0,0.0,0.0,low_score,0,"248.00,324.00,271.00,345.00"
bsd,test,/home/ubuntu/hpproject/yolo/dataset/yolo/datasetm6c/images/test/0426.png,3,32-64,0.22800807654857635,ios,1.0,0.0,0.0,1.0,0.0,0.0,low_score,0,"185.00,194.00,253.00,227.00"
bsd,test,/home/ubuntu/hpproject/yolo/dataset/yolo/datasetm6c/images/test/0426.png,4,32-64,0.05168069526553154,ios,1.0,0.0,0.0,1.0,0.0,0.0,low_score,0,"234.00,147.00,271.00,176.00"
bsd,test,/home/ubuntu/hpproject/yolo/dataset/yolo/datasetm6c/images/test/0426.png,6,16-32,0.03639420494437218,ios,1.0,0.0,0.0,1.0,0.0,0.0,low_score,0,"214.00,126.00,235.00,159.00"
bsd,test,/home/ubuntu/hpproject/yolo/dataset/yolo/datasetm6c/images/test/0426.png,7,32-64,0.2775188684463501,ios,1.0,0.0,0.0,1.0,0.0,0.0,low_score,0,"281.00,122.00,312.00,158.00"
bsd,test,/home/ubuntu/hpproject/yolo/dataset/yolo/datasetm6c/images/test/0426.png,8,32-64,0.2775188684463501,ios,1.0,0.0,0.0,1.0,0.0,0.0,low_score,0,"248.00,108.00,285.00,138.00"
bsd,test,/home/ubuntu/hpproject/yolo/dataset/yolo/datasetm6c/images/test/0430.png,0,32-64,0.2323586642742157,ios,1.0,0.0,0.0,1.0,0.0,0.0,low_score,0,"194.00,163.00,254.00,189.00"
bsd,test,/home/ubuntu/hpproject/yolo/dataset/yolo/datasetm6c/images/test/0430.png,1,32-64,0.14548060297966003,ios,1.0,0.0,0.0,1.0,0.0,0.0,low_score,0,"200.00,127.00,284.00,160.00"
bsd,test,/home/ubuntu/hpproject/yolo/dataset/yolo/datasetm6c/images/test/0432.png,2,32-64,0.01354136224836111,ios,0.9111740589141846,0.0,0.0,0.9111740589141846,0.0,0.0,low_score,0,"385.00,143.00,414.00,197.00"
bsd,test,/home/ubuntu/hpproject/yolo/dataset/yolo/datasetm6c/images/test/0432.png,4,16-32,0.0517314188182354,ios,1.0,0.0,0.0,1.0,0.0,0.0,low_score,0,"340.00,102.00,364.00,133.00"
bsd,test,/home/ubuntu/hpproject/yolo/dataset/yolo/datasetm6c/images/test/0436.png,0,32-64,0.0784577876329422,ios,1.0,0.0,0.0,1.0,0.0,0.0,low_score,0,"135.00,286.00,174.00,328.00"
bsd,test,/home/ubuntu/hpproject/yolo/dataset/yolo/datasetm6c/images/test/0450.png,0,32-64,0.11043627560138702,ios,0.9343662261962891,0.0,0.0,0.9343662261962891,0.0,0.0,low_score,0,"154.00,156.00,204.00,193.00"
bsd,test,/home/ubuntu/hpproject/yolo/dataset/yolo/datasetm6c/images/test/0450.png,1,32-64,0.044673848897218704,ios,0.8705547451972961,0.0,0.0,0.8705547451972961,0.0,0.0,low_score,0,"207.00,119.00,282.00,154.00"
baseline,val,/home/ubuntu/hpproject/yolo/dataset/yolo/datasetm6c/images/val/0051.png,0,32-64,0.0,ios,0.0,0.0,0.0,0.0,0.0,0.0,no_response,0,"95.18,101.68,124.81,167.58"
baseline,val,/home/ubuntu/hpproject/yolo/dataset/yolo/datasetm6c/images/val/0051.png,1,32-64,0.0,ios,0.0,0.0,0.0,0.0,0.0,0.0,no_response,0,"151.41,131.31,181.04,170.61"
baseline,val,/home/ubuntu/hpproject/yolo/dataset/yolo/datasetm6c/images/val/0051.png,2,32-64,0.016133537515997887,ios,1.0,0.0,0.0,1.0,0.0,0.0,low_score,0,"148.39,67.22,174.99,99.26"
baseline,val,/home/ubuntu/hpproject/yolo/dataset/yolo/datasetm6c/images/val/0055.png,1,>=64,0.9165963530540466,ios,1.0,1.0,1.0,1.0,1.0,1.0,regression_or_match_poor,0,"151.00,65.00,211.00,117.00"
baseline,val,/home/ubuntu/hpproject/yolo/dataset/yolo/datasetm6c/images/val/0066.png,1,16-32,0.0,ios,0.0,0.0,0.0,0.0,0.0,0.0,no_response,0,"178.00,160.00,197.00,203.00"
baseline,val,/home/ubuntu/hpproject/yolo/dataset/yolo/datasetm6c/images/val/0066.png,2,32-64,0.2774641811847687,ios,0.8610846400260925,0.0,0.0,0.8610846400260925,0.0,0.0,low_score,0,"256.00,122.00,324.00,153.00"
baseline,val,/home/ubuntu/hpproject/yolo/dataset/yolo/datasetm6c/images/val/0066.png,3,16-32,0.045253440737724304,ios,1.0,0.0,0.0,1.0,0.0,0.0,low_score,0,"301.00,109.00,342.00,124.00"
baseline,val,/home/ubuntu/hpproject/yolo/dataset/yolo/datasetm6c/images/val/0068.png,2,32-64,0.01861034706234932,ios,1.0,0.0,0.0,1.0,0.0,0.0,low_score,0,"245.00,204.00,283.00,244.00"
baseline,val,/home/ubuntu/hpproject/yolo/dataset/yolo/datasetm6c/images/val/0069.png,0,16-32,0.0,ios,0.0,0.0,0.0,0.0,0.0,0.0,no_response,0,"246.72,163.93,276.55,179.99"
baseline,val,/home/ubuntu/hpproject/yolo/dataset/yolo/datasetm6c/images/val/0069.png,1,32-64,0.0,ios,0.0,0.0,0.0,0.0,0.0,0.0,no_response,0,"213.83,122.63,243.66,150.93"
baseline,val,/home/ubuntu/hpproject/yolo/dataset/yolo/datasetm6c/images/val/0069.png,2,16-32,0.20875686407089233,ios,1.0,0.0,0.0,1.0,0.0,0.0,low_score,0,"145.00,243.47,169.47,271.77"
baseline,val,/home/ubuntu/hpproject/yolo/dataset/yolo/datasetm6c/images/val/0072.png,0,16-32,0.0,ios,0.0,0.0,0.0,0.0,0.0,0.0,no_response,0,"222.00,150.00,241.00,164.00"
baseline,val,/home/ubuntu/hpproject/yolo/dataset/yolo/datasetm6c/images/val/0072.png,1,32-64,0.060364414006471634,ios,0.8054899573326111,0.0,0.0,0.8054899573326111,0.0,0.0,low_score,0,"163.00,192.00,201.00,221.00"
baseline,val,/home/ubuntu/hpproject/yolo/dataset/yolo/datasetm6c/images/val/0103.png,0,>=64,0.0,ios,0.0,0.0,0.0,0.0,0.0,0.0,no_response,0,"211.00,112.00,291.00,194.00"
baseline,val,/home/ubuntu/hpproject/yolo/dataset/yolo/datasetm6c/images/val/0105.png,0,32-64,0.0,ios,0.0,0.0,0.0,0.0,0.0,0.0,no_response,0,"145.00,170.00,205.00,198.00"
baseline,val,/home/ubuntu/hpproject/yolo/dataset/yolo/datasetm6c/images/val/0105.png,1,32-64,0.0,ios,0.0,0.0,0.0,0.0,0.0,0.0,no_response,0,"171.00,83.00,210.00,139.00"
baseline,val,/home/ubuntu/hpproject/yolo/dataset/yolo/datasetm6c/images/val/0144.png,0,32-64,0.0,ios,0.0,0.0,0.0,0.0,0.0,0.0,no_response,0,"312.00,269.00,350.00,305.00"
baseline,val,/home/ubuntu/hpproject/yolo/dataset/yolo/datasetm6c/images/val/0146.png,0,32-64,0.1560378223657608,ios,1.0,0.0,0.0,1.0,0.0,0.0,low_score,0,"193.00,310.00,234.00,338.00"
baseline,val,/home/ubuntu/hpproject/yolo/dataset/yolo/datasetm6c/images/val/0172.png,0,32-64,0.534582257270813,ios,0.9926756620407104,0.0015037845587357879,0.0,0.9926756620407104,0.0015037845587357879,0.0,regression_or_match_poor,0,"271.00,159.00,317.00,216.00"
baseline,val,/home/ubuntu/hpproject/yolo/dataset/yolo/datasetm6c/images/val/0188.png,1,32-64,0.010564112104475498,ios,1.0,0.0,0.0,1.0,0.0,0.0,low_score,0,"293.00,111.00,340.00,184.00"
baseline,val,/home/ubuntu/hpproject/yolo/dataset/yolo/datasetm6c/images/val/0221.png,0,<16,0.24248912930488586,ios,1.0,0.0,0.0,1.0,0.0,0.0,low_score,0,"200.00,228.00,201.00,229.00"
baseline,val,/home/ubuntu/hpproject/yolo/dataset/yolo/datasetm6c/images/val/0221.png,2,16-32,0.24248912930488586,ios,1.0,0.0,0.0,1.0,0.0,0.0,low_score,0,"200.00,229.00,243.00,251.00"
baseline,val,/home/ubuntu/hpproject/yolo/dataset/yolo/datasetm6c/images/val/0221.png,3,>=64,0.042231347411870956,ios,0.04194865748286247,0.0,0.0,0.04194865748286247,0.0,0.0,low_score,0,"263.00,200.00,331.00,285.00"
baseline,val,/home/ubuntu/hpproject/yolo/dataset/yolo/datasetm6c/images/val/0221.png,4,32-64,0.7844117283821106,ios,1.0,0.19685962796211243,0.16921313107013702,1.0,0.19685962796211243,0.16921313107013702,regression_or_match_poor,0,"232.00,144.00,283.00,195.00"
baseline,val,/home/ubuntu/hpproject/yolo/dataset/yolo/datasetm6c/images/val/0234.png,0,16-32,0.0,ios,0.0,0.0,0.0,0.0,0.0,0.0,no_response,0,"212.04,221.24,272.37,247.89"
baseline,val,/home/ubuntu/hpproject/yolo/dataset/yolo/datasetm6c/images/val/0234.png,1,16-32,0.0,ios,0.0,0.0,0.0,0.0,0.0,0.0,no_response,0,"255.13,153.08,270.80,169.53"
baseline,val,/home/ubuntu/hpproject/yolo/dataset/yolo/datasetm6c/images/val/0234.png,2,32-64,0.0,ios,0.0,0.0,0.0,0.0,0.0,0.0,no_response,0,"361.70,260.42,396.96,297.25"
baseline,val,/home/ubuntu/hpproject/yolo/dataset/yolo/datasetm6c/images/val/0262.png,0,16-32,0.0,ios,0.0,0.0,0.0,0.0,0.0,0.0,no_response,0,"309.00,219.00,345.00,249.00"
baseline,val,/home/ubuntu/hpproject/yolo/dataset/yolo/datasetm6c/images/val/0262.png,1,16-32,0.2056725174188614,ios,1.0,0.0,0.0,1.0,0.0,0.0,low_score,0,"246.00,193.00,280.00,217.00"
baseline,val,/home/ubuntu/hpproject/yolo/dataset/yolo/datasetm6c/images/val/0262.png,2,32-64,0.0,ios,0.0,0.0,0.0,0.0,0.0,0.0,no_response,0,"323.00,186.00,399.00,231.00"
baseline,val,/home/ubuntu/hpproject/yolo/dataset/yolo/datasetm6c/images/val/0324.png,0,32-64,0.039473988115787506,ios,0.9210326075553894,0.0,0.0,0.9210326075553894,0.0,0.0,low_score,0,"216.00,230.00,251.00,269.00"
baseline,val,/home/ubuntu/hpproject/yolo/dataset/yolo/datasetm6c/images/val/0349.png,0,16-32,0.0,ios,0.0,0.0,0.0,0.0,0.0,0.0,no_response,0,"411.00,225.00,442.00,250.00"
baseline,val,/home/ubuntu/hpproject/yolo/dataset/yolo/datasetm6c/images/val/0359.png,0,32-64,0.1291636824607849,ios,0.9769092202186584,0.0,0.0,0.9769092202186584,0.0,0.0,low_score,0,"177.00,290.00,235.00,322.00"
baseline,val,/home/ubuntu/hpproject/yolo/dataset/yolo/datasetm6c/images/val/0359.png,2,32-64,0.011371503584086895,ios,1.0,0.0,0.0,1.0,0.0,0.0,low_score,0,"245.00,225.00,281.00,252.00"
baseline,val,/home/ubuntu/hpproject/yolo/dataset/yolo/datasetm6c/images/val/0363.png,1,16-32,0.02711915783584118,ios,0.8528754711151123,0.0,0.0,0.8528754711151123,0.0,0.0,low_score,0,"185.00,118.00,209.00,168.00"
baseline,val,/home/ubuntu/hpproject/yolo/dataset/yolo/datasetm6c/images/val/0363.png,2,32-64,0.3784828782081604,ios,0.9053235650062561,0.030530398711562157,0.025300342589616776,0.9053235650062561,0.030530398711562157,0.025300342589616776,regression_or_match_poor,0,"264.00,90.00,290.00,117.00"
baseline,val,/home/ubuntu/hpproject/yolo/dataset/yolo/datasetm6c/images/val/0371.png,3,32-64,0.0,ios,0.0,0.0,0.0,0.0,0.0,0.0,no_response,0,"255.00,144.00,330.00,188.00"
baseline,val,/home/ubuntu/hpproject/yolo/dataset/yolo/datasetm6c/images/val/0376.png,0,<16,0.0,ios,0.0,0.0,0.0,0.0,0.0,0.0,no_response,0,"423.00,339.00,436.00,384.00"
baseline,val,/home/ubuntu/hpproject/yolo/dataset/yolo/datasetm6c/images/val/0376.png,1,16-32,0.0,ios,0.0,0.0,0.0,0.0,0.0,0.0,no_response,0,"456.00,174.00,473.00,212.00"
baseline,val,/home/ubuntu/hpproject/yolo/dataset/yolo/datasetm6c/images/val/0376.png,3,16-32,0.04499515891075134,ios,0.7286907434463501,0.0,0.0,0.7286907434463501,0.0,0.0,low_score,0,"360.00,131.00,395.00,157.00"
baseline,val,/home/ubuntu/hpproject/yolo/dataset/yolo/datasetm6c/images/val/0380.png,1,32-64,0.0,ios,0.0,0.0,0.0,0.0,0.0,0.0,no_response,0,"389.00,302.00,419.00,333.00"
baseline,val,/home/ubuntu/hpproject/yolo/dataset/yolo/datasetm6c/images/val/0380.png,2,16-32,0.0,ios,0.0,0.0,0.0,0.0,0.0,0.0,no_response,0,"295.00,192.00,320.00,215.00"
baseline,val,/home/ubuntu/hpproject/yolo/dataset/yolo/datasetm6c/images/val/0380.png,3,32-64,0.0,ios,0.0,0.0,0.0,0.0,0.0,0.0,no_response,0,"399.00,163.00,431.00,203.00"
baseline,val,/home/ubuntu/hpproject/yolo/dataset/yolo/datasetm6c/images/val/0380.png,4,16-32,0.0,ios,0.0,0.0,0.0,0.0,0.0,0.0,no_response,0,"356.00,130.00,379.00,161.00"
baseline,val,/home/ubuntu/hpproject/yolo/dataset/yolo/datasetm6c/images/val/0409.png,0,32-64,0.1180550828576088,ios,0.9328402280807495,0.0,0.0,0.9328402280807495,0.0,0.0,low_score,0,"215.00,66.00,249.00,133.00"
baseline,val,/home/ubuntu/hpproject/yolo/dataset/yolo/datasetm6c/images/val/0428.png,0,16-32,0.0,ios,0.0,0.0,0.0,0.0,0.0,0.0,no_response,0,"206.00,154.00,227.00,179.00"
baseline,val,/home/ubuntu/hpproject/yolo/dataset/yolo/datasetm6c/images/val/0428.png,1,32-64,0.0,ios,0.0,0.0,0.0,0.0,0.0,0.0,no_response,0,"223.00,172.00,251.00,237.00"
baseline,val,/home/ubuntu/hpproject/yolo/dataset/yolo/datasetm6c/images/val/0433.png,0,32-64,0.0,ios,0.0,0.0,0.0,0.0,0.0,0.0,no_response,0,"286.00,326.00,332.00,374.00"
baseline,val,/home/ubuntu/hpproject/yolo/dataset/yolo/datasetm6c/images/val/0433.png,1,32-64,0.0,ios,0.0,0.0,0.0,0.0,0.0,0.0,no_response,0,"357.00,289.00,391.00,333.00"
baseline,val,/home/ubuntu/hpproject/yolo/dataset/yolo/datasetm6c/images/val/0433.png,2,>=64,0.0,ios,0.0,0.0,0.0,0.0,0.0,0.0,no_response,0,"344.00,198.00,423.00,294.00"
baseline,val,/home/ubuntu/hpproject/yolo/dataset/yolo/datasetm6c/images/val/0433.png,3,32-64,0.0,ios,0.0,0.0,0.0,0.0,0.0,0.0,no_response,0,"272.00,146.00,305.00,177.00"
baseline,val,/home/ubuntu/hpproject/yolo/dataset/yolo/datasetm6c/images/val/0433.png,5,16-32,0.11866288632154465,ios,1.0,0.0,0.0,1.0,0.0,0.0,low_score,0,"291.00,112.00,314.00,138.00"
baseline,val,/home/ubuntu/hpproject/yolo/dataset/yolo/datasetm6c/images/val/0433.png,6,32-64,0.0,ios,0.0,0.0,0.0,0.0,0.0,0.0,no_response,0,"232.00,84.00,269.00,119.00"
baseline,test,/home/ubuntu/hpproject/yolo/dataset/yolo/datasetm6c/images/test/0127.png,1,32-64,0.7390593886375427,ios,1.0,0.54038006067276,0.3108071982860565,1.0,0.54038006067276,0.3108071982860565,regression_or_match_poor,0,"173.00,129.00,230.00,177.00"
baseline,test,/home/ubuntu/hpproject/yolo/dataset/yolo/datasetm6c/images/test/0140.png,0,32-64,0.0,ios,0.0,0.0,0.0,0.0,0.0,0.0,no_response,0,"324.00,143.00,355.00,183.00"
baseline,test,/home/ubuntu/hpproject/yolo/dataset/yolo/datasetm6c/images/test/0140.png,1,32-64,0.2972390055656433,ios,0.9510585069656372,0.0,0.0,0.9510585069656372,0.0,0.0,low_score,0,"234.00,82.00,279.00,155.00"
baseline,test,/home/ubuntu/hpproject/yolo/dataset/yolo/datasetm6c/images/test/0149.png,1,32-64,0.49927374720573425,ios,0.024060869589447975,0.022989114746451378,0.014068630523979664,0.024060869589447975,0.022989114746451378,0.014068630523979664,regression_or_match_poor,0,"284.00,132.00,311.00,161.00"
baseline,test,/home/ubuntu/hpproject/yolo/dataset/yolo/datasetm6c/images/test/0161.png,1,>=64,0.14591149985790253,ios,0.789208173751831,0.0,0.0,0.789208173751831,0.0,0.0,low_score,0,"150.00,88.00,208.00,150.00"
baseline,test,/home/ubuntu/hpproject/yolo/dataset/yolo/datasetm6c/images/test/0171.png,1,32-64,0.5350203514099121,ios,1.0,0.1632503867149353,0.1632503867149353,1.0,0.1632503867149353,0.1632503867149353,regression_or_match_poor,0,"204.00,241.00,301.00,283.00"
baseline,test,/home/ubuntu/hpproject/yolo/dataset/yolo/datasetm6c/images/test/0193.png,0,>=64,0.019297854974865913,ios,0.9853259921073914,0.0,0.0,0.9853259921073914,0.0,0.0,low_score,0,"241.00,182.00,308.00,255.00"
baseline,test,/home/ubuntu/hpproject/yolo/dataset/yolo/datasetm6c/images/test/0193.png,1,32-64,0.0,ios,0.0,0.0,0.0,0.0,0.0,0.0,no_response,0,"245.00,152.00,275.00,189.00"
baseline,test,/home/ubuntu/hpproject/yolo/dataset/yolo/datasetm6c/images/test/0204.png,0,32-64,0.0,ios,0.0,0.0,0.0,0.0,0.0,0.0,no_response,0,"246.00,149.00,288.00,207.00"
baseline,test,/home/ubuntu/hpproject/yolo/dataset/yolo/datasetm6c/images/test/0213.png,0,32-64,0.0,ios,0.0,0.0,0.0,0.0,0.0,0.0,no_response,0,"163.00,243.00,189.00,288.00"
baseline,test,/home/ubuntu/hpproject/yolo/dataset/yolo/datasetm6c/images/test/0213.png,1,32-64,0.0,ios,0.0,0.0,0.0,0.0,0.0,0.0,no_response,0,"119.00,230.00,154.00,290.00"
baseline,test,/home/ubuntu/hpproject/yolo/dataset/yolo/datasetm6c/images/test/0232.png,1,32-64,0.0,ios,0.0,0.0,0.0,0.0,0.0,0.0,no_response,0,"391.47,235.35,422.03,316.05"
baseline,test,/home/ubuntu/hpproject/yolo/dataset/yolo/datasetm6c/images/test/0241.png,0,32-64,0.0,ios,0.0,0.0,0.0,0.0,0.0,0.0,no_response,0,"188.00,142.00,307.00,195.00"
baseline,test,/home/ubuntu/hpproject/yolo/dataset/yolo/datasetm6c/images/test/0295.png,0,32-64,0.013148987665772438,ios,1.0,0.0,0.0,1.0,0.0,0.0,low_score,0,"303.00,134.00,358.00,175.00"
baseline,test,/home/ubuntu/hpproject/yolo/dataset/yolo/datasetm6c/images/test/0299.png,0,32-64,0.0,ios,0.0,0.0,0.0,0.0,0.0,0.0,no_response,0,"246.00,168.00,282.00,216.00"
baseline,test,/home/ubuntu/hpproject/yolo/dataset/yolo/datasetm6c/images/test/0299.png,1,32-64,0.0,ios,0.0,0.0,0.0,0.0,0.0,0.0,no_response,0,"241.00,109.00,283.00,150.00"
baseline,test,/home/ubuntu/hpproject/yolo/dataset/yolo/datasetm6c/images/test/0308.png,0,32-64,0.0,ios,0.0,0.0,0.0,0.0,0.0,0.0,no_response,0,"201.00,159.00,239.00,214.00"
baseline,test,/home/ubuntu/hpproject/yolo/dataset/yolo/datasetm6c/images/test/0308.png,1,16-32,0.0,ios,0.0,0.0,0.0,0.0,0.0,0.0,no_response,0,"197.00,120.00,217.00,142.00"
baseline,test,/home/ubuntu/hpproject/yolo/dataset/yolo/datasetm6c/images/test/0340.png,2,16-32,0.0,ios,0.0,0.0,0.0,0.0,0.0,0.0,no_response,0,"227.96,250.75,246.03,270.45"
baseline,test,/home/ubuntu/hpproject/yolo/dataset/yolo/datasetm6c/images/test/0344.png,1,32-64,0.07057351619005203,ios,1.0,0.0,0.0,1.0,0.0,0.0,low_score,0,"260.00,376.00,297.00,404.00"
baseline,test,/home/ubuntu/hpproject/yolo/dataset/yolo/datasetm6c/images/test/0362.png,0,32-64,0.15211795270442963,ios,1.0,0.0,0.0,1.0,0.0,0.0,low_score,0,"170.04,131.12,197.43,169.20"
baseline,test,/home/ubuntu/hpproject/yolo/dataset/yolo/datasetm6c/images/test/0365.png,0,16-32,0.25447195768356323,ios,1.0,0.0,0.0,1.0,0.0,0.0,low_score,0,"191.00,152.00,225.00,175.00"
baseline,test,/home/ubuntu/hpproject/yolo/dataset/yolo/datasetm6c/images/test/0365.png,1,32-64,0.25447195768356323,ios,0.9216063022613525,0.0,0.0,0.9216063022613525,0.0,0.0,low_score,0,"146.00,141.00,180.00,180.00"
baseline,test,/home/ubuntu/hpproject/yolo/dataset/yolo/datasetm6c/images/test/0374.png,0,32-64,0.0,ios,0.0,0.0,0.0,0.0,0.0,0.0,no_response,0,"290.00,192.00,350.00,220.00"
baseline,test,/home/ubuntu/hpproject/yolo/dataset/yolo/datasetm6c/images/test/0374.png,1,32-64,0.1239139586687088,ios,1.0,0.0,0.0,1.0,0.0,0.0,low_score,0,"351.00,143.00,390.00,196.00"
baseline,test,/home/ubuntu/hpproject/yolo/dataset/yolo/datasetm6c/images/test/0378.png,0,16-32,0.10238908231258392,ios,0.9955748915672302,0.0,0.0,0.9955748915672302,0.0,0.0,low_score,0,"207.00,382.00,257.00,404.00"
baseline,test,/home/ubuntu/hpproject/yolo/dataset/yolo/datasetm6c/images/test/0378.png,4,16-32,0.775620698928833,ios,0.9921383261680603,0.1528056412935257,0.12697438895702362,0.9921383261680603,0.1528056412935257,0.12697438895702362,regression_or_match_poor,0,"296.00,190.00,323.00,216.00"
baseline,test,/home/ubuntu/hpproject/yolo/dataset/yolo/datasetm6c/images/test/0407.png,0,16-32,0.0,ios,0.0,0.0,0.0,0.0,0.0,0.0,no_response,0,"167.00,328.00,190.00,354.00"
baseline,test,/home/ubuntu/hpproject/yolo/dataset/yolo/datasetm6c/images/test/0407.png,1,>=64,0.2700696885585785,ios,1.0,0.0,0.0,1.0,0.0,0.0,low_score,0,"177.00,132.00,260.00,201.00"
baseline,test,/home/ubuntu/hpproject/yolo/dataset/yolo/datasetm6c/images/test/0419.png,0,32-64,0.0,ios,0.0,0.0,0.0,0.0,0.0,0.0,no_response,0,"139.42,142.89,183.31,203.62"
baseline,test,/home/ubuntu/hpproject/yolo/dataset/yolo/datasetm6c/images/test/0419.png,1,32-64,0.0,ios,0.0,0.0,0.0,0.0,0.0,0.0,no_response,0,"188.44,172.89,233.80,208.01"
baseline,test,/home/ubuntu/hpproject/yolo/dataset/yolo/datasetm6c/images/test/0423.png,1,16-32,0.016853200271725655,ios,0.0722363218665123,0.0,0.0,0.0722363218665123,0.0,0.0,low_score,0,"124.00,320.00,144.00,344.00"
baseline,test,/home/ubuntu/hpproject/yolo/dataset/yolo/datasetm6c/images/test/0423.png,2,16-32,0.060900937765836716,ios,1.0,0.0,0.0,1.0,0.0,0.0,low_score,0,"95.00,275.00,116.00,302.00"
baseline,test,/home/ubuntu/hpproject/yolo/dataset/yolo/datasetm6c/images/test/0423.png,4,32-64,0.43795281648635864,ios,1.0,0.7723931074142456,0.7477521300315857,1.0,0.7723931074142456,0.7477521300315857,regression_or_match_poor,0,"266.00,116.00,302.00,147.00"
baseline,test,/home/ubuntu/hpproject/yolo/dataset/yolo/datasetm6c/images/test/0423.png,5,32-64,0.43795281648635864,ios,1.0,0.34247738122940063,0.24912621080875397,1.0,0.34247738122940063,0.24912621080875397,regression_or_match_poor,0,"228.00,97.00,263.00,123.00"
baseline,test,/home/ubuntu/hpproject/yolo/dataset/yolo/datasetm6c/images/test/0426.png,0,16-32,0.1782197505235672,ios,1.0,0.0,0.0,1.0,0.0,0.0,low_score,0,"248.00,324.00,271.00,345.00"
baseline,test,/home/ubuntu/hpproject/yolo/dataset/yolo/datasetm6c/images/test/0426.png,1,32-64,0.02801522985100746,ios,0.9954690337181091,0.0,0.0,0.9954690337181091,0.0,0.0,low_score,0,"232.00,282.00,281.00,313.00"
baseline,test,/home/ubuntu/hpproject/yolo/dataset/yolo/datasetm6c/images/test/0426.png,2,32-64,0.02801522985100746,ios,0.08368882536888123,0.0,0.0,0.08368882536888123,0.0,0.0,low_score,0,"190.00,260.00,237.00,295.00"
baseline,test,/home/ubuntu/hpproject/yolo/dataset/yolo/datasetm6c/images/test/0426.png,3,32-64,0.12337366491556168,ios,0.9177629351615906,0.0,0.0,0.9177629351615906,0.0,0.0,low_score,0,"185.00,194.00,253.00,227.00"
baseline,test,/home/ubuntu/hpproject/yolo/dataset/yolo/datasetm6c/images/test/0426.png,4,32-64,0.12337366491556168,ios,0.12490187585353851,0.0,0.0,0.12490187585353851,0.0,0.0,low_score,0,"234.00,147.00,271.00,176.00"
baseline,test,/home/ubuntu/hpproject/yolo/dataset/yolo/datasetm6c/images/test/0426.png,5,16-32,0.03863474354147911,ios,1.0,0.0,0.0,1.0,0.0,0.0,low_score,0,"166.00,141.00,195.00,158.00"
baseline,test,/home/ubuntu/hpproject/yolo/dataset/yolo/datasetm6c/images/test/0426.png,6,16-32,0.0,ios,0.0,0.0,0.0,0.0,0.0,0.0,no_response,0,"214.00,126.00,235.00,159.00"
baseline,test,/home/ubuntu/hpproject/yolo/dataset/yolo/datasetm6c/images/test/0426.png,7,32-64,0.014129879884421825,ios,0.21644248068332672,0.0,0.0,0.21644248068332672,0.0,0.0,low_score,0,"281.00,122.00,312.00,158.00"
baseline,test,/home/ubuntu/hpproject/yolo/dataset/yolo/datasetm6c/images/test/0426.png,8,32-64,0.014129879884421825,ios,0.9262311458587646,0.0,0.0,0.9262311458587646,0.0,0.0,low_score,0,"248.00,108.00,285.00,138.00"
baseline,test,/home/ubuntu/hpproject/yolo/dataset/yolo/datasetm6c/images/test/0426.png,9,32-64,0.02434949018061161,ios,0.9370962977409363,0.0,0.0,0.9370962977409363,0.0,0.0,low_score,0,"179.00,98.00,243.00,123.00"
baseline,test,/home/ubuntu/hpproject/yolo/dataset/yolo/datasetm6c/images/test/0430.png,1,32-64,0.1801392138004303,ios,0.9457684755325317,0.0,0.0,0.9457684755325317,0.0,0.0,low_score,0,"200.00,127.00,284.00,160.00"
baseline,test,/home/ubuntu/hpproject/yolo/dataset/yolo/datasetm6c/images/test/0432.png,2,32-64,0.0,ios,0.0,0.0,0.0,0.0,0.0,0.0,no_response,0,"385.00,143.00,414.00,197.00"
baseline,test,/home/ubuntu/hpproject/yolo/dataset/yolo/datasetm6c/images/test/0432.png,4,16-32,0.05037261173129082,ios,1.0,0.0,0.0,1.0,0.0,0.0,low_score,0,"340.00,102.00,364.00,133.00"
baseline,test,/home/ubuntu/hpproject/yolo/dataset/yolo/datasetm6c/images/test/0436.png,0,32-64,0.0,ios,0.0,0.0,0.0,0.0,0.0,0.0,no_response,0,"135.00,286.00,174.00,328.00"
baseline,test,/home/ubuntu/hpproject/yolo/dataset/yolo/datasetm6c/images/test/0450.png,0,32-64,0.02707623690366745,ios,0.9928351044654846,0.0,0.0,0.9928351044654846,0.0,0.0,low_score,0,"154.00,156.00,204.00,193.00"
baseline,test,/home/ubuntu/hpproject/yolo/dataset/yolo/datasetm6c/images/test/0450.png,1,32-64,0.17051643133163452,ios,0.9347535967826843,0.0,0.0,0.9347535967826843,0.0,0.0,low_score,0,"207.00,119.00,282.00,154.00"
our,val,/home/ubuntu/hpproject/yolo/dataset/yolo/datasetm6c/images/val/0021.png,0,32-64,0.11806675791740417,ios,0.9928998351097107,0.0,0.0,0.9928998351097107,0.0,0.0,low_score,0,"233.00,94.00,273.00,157.00"
our,val,/home/ubuntu/hpproject/yolo/dataset/yolo/datasetm6c/images/val/0051.png,0,32-64,0.10479530692100525,ios,1.0,0.0,0.0,1.0,0.0,0.0,low_score,0,"95.18,101.68,124.81,167.58"
our,val,/home/ubuntu/hpproject/yolo/dataset/yolo/datasetm6c/images/val/0055.png,1,>=64,0.5256249308586121,ios,1.0,0.021206064149737358,0.0,1.0,0.021206064149737358,0.0,regression_or_match_poor,0,"151.00,65.00,211.00,117.00"
our,val,/home/ubuntu/hpproject/yolo/dataset/yolo/datasetm6c/images/val/0066.png,1,16-32,0.0,ios,0.0,0.0,0.0,0.0,0.0,0.0,no_response,0,"178.00,160.00,197.00,203.00"
our,val,/home/ubuntu/hpproject/yolo/dataset/yolo/datasetm6c/images/val/0066.png,3,16-32,0.15459193289279938,ios,1.0,0.0,0.0,1.0,0.0,0.0,low_score,0,"301.00,109.00,342.00,124.00"
our,val,/home/ubuntu/hpproject/yolo/dataset/yolo/datasetm6c/images/val/0068.png,1,32-64,0.0982290655374527,ios,0.9984101057052612,0.0,0.0,0.9984101057052612,0.0,0.0,low_score,0,"124.00,211.00,155.00,235.00"
our,val,/home/ubuntu/hpproject/yolo/dataset/yolo/datasetm6c/images/val/0068.png,2,32-64,0.024468183517456055,ios,0.915001392364502,0.0,0.0,0.915001392364502,0.0,0.0,low_score,0,"245.00,204.00,283.00,244.00"
our,val,/home/ubuntu/hpproject/yolo/dataset/yolo/datasetm6c/images/val/0069.png,1,32-64,0.12380416691303253,ios,1.0,0.0,0.0,1.0,0.0,0.0,low_score,0,"213.83,122.63,243.66,150.93"
our,val,/home/ubuntu/hpproject/yolo/dataset/yolo/datasetm6c/images/val/0069.png,2,16-32,0.2791900634765625,ios,1.0,0.0,0.0,1.0,0.0,0.0,low_score,0,"145.00,243.47,169.47,271.77"
our,val,/home/ubuntu/hpproject/yolo/dataset/yolo/datasetm6c/images/val/0069.png,3,16-32,0.1048300489783287,ios,0.950298547744751,0.0,0.0,0.950298547744751,0.0,0.0,low_score,0,"421.86,195.29,438.68,225.88"
our,val,/home/ubuntu/hpproject/yolo/dataset/yolo/datasetm6c/images/val/0072.png,0,16-32,0.16621659696102142,ios,1.0,0.0,0.0,1.0,0.0,0.0,low_score,0,"222.00,150.00,241.00,164.00"
our,val,/home/ubuntu/hpproject/yolo/dataset/yolo/datasetm6c/images/val/0105.png,0,32-64,0.09927663207054138,ios,0.9691219925880432,0.0,0.0,0.9691219925880432,0.0,0.0,low_score,0,"145.00,170.00,205.00,198.00"
our,val,/home/ubuntu/hpproject/yolo/dataset/yolo/datasetm6c/images/val/0105.png,1,32-64,0.25183483958244324,ios,0.9890361428260803,0.0,0.0,0.9890361428260803,0.0,0.0,low_score,0,"171.00,83.00,210.00,139.00"
our,val,/home/ubuntu/hpproject/yolo/dataset/yolo/datasetm6c/images/val/0143.png,1,>=64,0.606031596660614,ios,1.0,0.9807856678962708,0.7595511674880981,1.0,0.9807856678962708,0.7595511674880981,regression_or_match_poor,0,"271.00,247.00,318.00,294.00"
our,val,/home/ubuntu/hpproject/yolo/dataset/yolo/datasetm6c/images/val/0144.png,0,32-64,0.0,ios,0.0,0.0,0.0,0.0,0.0,0.0,no_response,0,"312.00,269.00,350.00,305.00"
our,val,/home/ubuntu/hpproject/yolo/dataset/yolo/datasetm6c/images/val/0154.png,0,>=64,0.1977912038564682,ios,1.0,0.0,0.0,1.0,0.0,0.0,low_score,0,"277.00,269.00,365.00,342.00"
our,val,/home/ubuntu/hpproject/yolo/dataset/yolo/datasetm6c/images/val/0188.png,1,32-64,0.13762101531028748,ios,1.0,0.0,0.0,1.0,0.0,0.0,low_score,0,"293.00,111.00,340.00,184.00"
our,val,/home/ubuntu/hpproject/yolo/dataset/yolo/datasetm6c/images/val/0221.png,2,16-32,0.49111101031303406,ios,1.0,1.0,1.0,1.0,1.0,1.0,regression_or_match_poor,0,"200.00,229.00,243.00,251.00"
our,val,/home/ubuntu/hpproject/yolo/dataset/yolo/datasetm6c/images/val/0221.png,3,>=64,0.572068989276886,ios,1.0,0.18344208598136902,0.16807633638381958,1.0,0.18344208598136902,0.16807633638381958,regression_or_match_poor,0,"263.00,200.00,331.00,285.00"
our,val,/home/ubuntu/hpproject/yolo/dataset/yolo/datasetm6c/images/val/0221.png,5,>=64,0.572068989276886,ios,1.0,1.0,1.0,1.0,1.0,1.0,regression_or_match_poor,0,"143.00,129.00,229.00,214.00"
our,val,/home/ubuntu/hpproject/yolo/dataset/yolo/datasetm6c/images/val/0234.png,0,16-32,0.06257598102092743,ios,1.0,0.0,0.0,1.0,0.0,0.0,low_score,0,"212.04,221.24,272.37,247.89"
our,val,/home/ubuntu/hpproject/yolo/dataset/yolo/datasetm6c/images/val/0234.png,2,32-64,0.0,ios,0.0,0.0,0.0,0.0,0.0,0.0,no_response,0,"361.70,260.42,396.96,297.25"
our,val,/home/ubuntu/hpproject/yolo/dataset/yolo/datasetm6c/images/val/0262.png,0,16-32,0.057375360280275345,ios,1.0,0.0,0.0,1.0,0.0,0.0,low_score,0,"309.00,219.00,345.00,249.00"
our,val,/home/ubuntu/hpproject/yolo/dataset/yolo/datasetm6c/images/val/0262.png,1,16-32,0.07230228930711746,ios,1.0,0.0,0.0,1.0,0.0,0.0,low_score,0,"246.00,193.00,280.00,217.00"
our,val,/home/ubuntu/hpproject/yolo/dataset/yolo/datasetm6c/images/val/0262.png,2,32-64,0.057375360280275345,ios,0.44221585988998413,0.0,0.0,0.44221585988998413,0.0,0.0,low_score,0,"323.00,186.00,399.00,231.00"
our,val,/home/ubuntu/hpproject/yolo/dataset/yolo/datasetm6c/images/val/0351.png,1,>=64,0.47558915615081787,ios,1.0,1.0,1.0,1.0,1.0,1.0,regression_or_match_poor,0,"175.00,126.00,304.00,252.00"
our,val,/home/ubuntu/hpproject/yolo/dataset/yolo/datasetm6c/images/val/0359.png,2,32-64,0.060377832502126694,ios,1.0,0.0,0.0,1.0,0.0,0.0,low_score,0,"245.00,225.00,281.00,252.00"
our,val,/home/ubuntu/hpproject/yolo/dataset/yolo/datasetm6c/images/val/0359.png,3,16-32,0.03833873197436333,ios,1.0,0.0,0.0,1.0,0.0,0.0,low_score,0,"367.00,178.00,390.00,207.00"
our,val,/home/ubuntu/hpproject/yolo/dataset/yolo/datasetm6c/images/val/0359.png,4,32-64,0.11982446908950806,ios,1.0,0.0,0.0,1.0,0.0,0.0,low_score,0,"238.00,81.00,284.00,107.00"
our,val,/home/ubuntu/hpproject/yolo/dataset/yolo/datasetm6c/images/val/0363.png,2,32-64,0.35824188590049744,ios,1.0,0.011736555956304073,0.011736555956304073,1.0,0.011736555956304073,0.011736555956304073,regression_or_match_poor,0,"264.00,90.00,290.00,117.00"
our,val,/home/ubuntu/hpproject/yolo/dataset/yolo/datasetm6c/images/val/0371.png,4,32-64,0.294016569852829,ios,1.0,0.0,0.0,1.0,0.0,0.0,low_score,0,"405.00,311.00,447.00,354.00"
our,val,/home/ubuntu/hpproject/yolo/dataset/yolo/datasetm6c/images/val/0376.png,0,<16,0.0,ios,0.0,0.0,0.0,0.0,0.0,0.0,no_response,0,"423.00,339.00,436.00,384.00"
our,val,/home/ubuntu/hpproject/yolo/dataset/yolo/datasetm6c/images/val/0376.png,1,16-32,0.0,ios,0.0,0.0,0.0,0.0,0.0,0.0,no_response,0,"456.00,174.00,473.00,212.00"
our,val,/home/ubuntu/hpproject/yolo/dataset/yolo/datasetm6c/images/val/0380.png,0,32-64,0.20747506618499756,ios,1.0,0.0,0.0,1.0,0.0,0.0,low_score,0,"330.00,350.00,376.00,383.00"
our,val,/home/ubuntu/hpproject/yolo/dataset/yolo/datasetm6c/images/val/0380.png,1,32-64,0.0,ios,0.0,0.0,0.0,0.0,0.0,0.0,no_response,0,"389.00,302.00,419.00,333.00"
our,val,/home/ubuntu/hpproject/yolo/dataset/yolo/datasetm6c/images/val/0380.png,3,32-64,0.0,ios,0.0,0.0,0.0,0.0,0.0,0.0,no_response,0,"399.00,163.00,431.00,203.00"
our,val,/home/ubuntu/hpproject/yolo/dataset/yolo/datasetm6c/images/val/0380.png,4,16-32,0.17479857802391052,ios,1.0,0.0,0.0,1.0,0.0,0.0,low_score,0,"356.00,130.00,379.00,161.00"
our,val,/home/ubuntu/hpproject/yolo/dataset/yolo/datasetm6c/images/val/0414.png,0,32-64,0.2656206786632538,ios,1.0,0.0,0.0,1.0,0.0,0.0,low_score,0,"398.58,233.47,442.18,314.29"
our,val,/home/ubuntu/hpproject/yolo/dataset/yolo/datasetm6c/images/val/0428.png,0,16-32,0.0,ios,0.0,0.0,0.0,0.0,0.0,0.0,no_response,0,"206.00,154.00,227.00,179.00"
our,val,/home/ubuntu/hpproject/yolo/dataset/yolo/datasetm6c/images/val/0428.png,1,32-64,0.0,ios,0.0,0.0,0.0,0.0,0.0,0.0,no_response,0,"223.00,172.00,251.00,237.00"
our,val,/home/ubuntu/hpproject/yolo/dataset/yolo/datasetm6c/images/val/0433.png,0,32-64,0.0,ios,0.0,0.0,0.0,0.0,0.0,0.0,no_response,0,"286.00,326.00,332.00,374.00"
our,val,/home/ubuntu/hpproject/yolo/dataset/yolo/datasetm6c/images/val/0433.png,1,32-64,0.03562713786959648,ios,0.9739886522293091,0.0,0.0,0.9739886522293091,0.0,0.0,low_score,0,"357.00,289.00,391.00,333.00"
our,val,/home/ubuntu/hpproject/yolo/dataset/yolo/datasetm6c/images/val/0433.png,2,>=64,0.03562713786959648,ios,0.7584033608436584,0.0,0.0,0.7584033608436584,0.0,0.0,low_score,0,"344.00,198.00,423.00,294.00"
our,val,/home/ubuntu/hpproject/yolo/dataset/yolo/datasetm6c/images/val/0433.png,3,32-64,0.0,ios,0.0,0.0,0.0,0.0,0.0,0.0,no_response,0,"272.00,146.00,305.00,177.00"
our,val,/home/ubuntu/hpproject/yolo/dataset/yolo/datasetm6c/images/val/0433.png,5,16-32,0.17619743943214417,ios,1.0,0.0,0.0,1.0,0.0,0.0,low_score,0,"291.00,112.00,314.00,138.00"
our,val,/home/ubuntu/hpproject/yolo/dataset/yolo/datasetm6c/images/val/0433.png,6,32-64,0.18921329081058502,ios,1.0,0.0,0.0,1.0,0.0,0.0,low_score,0,"232.00,84.00,269.00,119.00"
our,test,/home/ubuntu/hpproject/yolo/dataset/yolo/datasetm6c/images/test/0127.png,0,32-64,0.5187503695487976,ios,1.0,0.9858420491218567,0.9726813435554504,1.0,0.9858420491218567,0.9726813435554504,regression_or_match_poor,0,"223.00,166.00,322.00,208.00"
our,test,/home/ubuntu/hpproject/yolo/dataset/yolo/datasetm6c/images/test/0140.png,0,32-64,0.10457779467105865,ios,1.0,0.0,0.0,1.0,0.0,0.0,low_score,0,"324.00,143.00,355.00,183.00"
our,test,/home/ubuntu/hpproject/yolo/dataset/yolo/datasetm6c/images/test/0149.png,1,32-64,0.31179079413414,ios,1.0,0.002511761151254177,0.002511761151254177,1.0,0.002511761151254177,0.002511761151254177,regression_or_match_poor,0,"284.00,132.00,311.00,161.00"
our,test,/home/ubuntu/hpproject/yolo/dataset/yolo/datasetm6c/images/test/0161.png,1,>=64,0.11130958050489426,ios,1.0,0.0,0.0,1.0,0.0,0.0,low_score,0,"150.00,88.00,208.00,150.00"
our,test,/home/ubuntu/hpproject/yolo/dataset/yolo/datasetm6c/images/test/0173.png,0,32-64,0.29706871509552,ios,1.0,0.0,0.0,1.0,0.0,0.0,low_score,0,"197.00,103.00,245.00,167.00"
our,test,/home/ubuntu/hpproject/yolo/dataset/yolo/datasetm6c/images/test/0173.png,1,32-64,0.22911110520362854,ios,1.0,0.0,0.0,1.0,0.0,0.0,low_score,0,"261.00,102.00,299.00,151.00"
our,test,/home/ubuntu/hpproject/yolo/dataset/yolo/datasetm6c/images/test/0193.png,1,32-64,0.7435289025306702,ios,0.8147538900375366,0.3087974488735199,0.26207852363586426,0.8147538900375366,0.3087974488735199,0.26207852363586426,regression_or_match_poor,0,"245.00,152.00,275.00,189.00"
our,test,/home/ubuntu/hpproject/yolo/dataset/yolo/datasetm6c/images/test/0204.png,0,32-64,0.030082104727625847,ios,1.0,0.0,0.0,1.0,0.0,0.0,low_score,0,"246.00,149.00,288.00,207.00"
our,test,/home/ubuntu/hpproject/yolo/dataset/yolo/datasetm6c/images/test/0213.png,0,32-64,0.16118061542510986,ios,1.0,0.0,0.0,1.0,0.0,0.0,low_score,0,"163.00,243.00,189.00,288.00"
our,test,/home/ubuntu/hpproject/yolo/dataset/yolo/datasetm6c/images/test/0213.png,1,32-64,0.0,ios,0.0,0.0,0.0,0.0,0.0,0.0,no_response,0,"119.00,230.00,154.00,290.00"
our,test,/home/ubuntu/hpproject/yolo/dataset/yolo/datasetm6c/images/test/0232.png,1,32-64,0.0,ios,0.0,0.0,0.0,0.0,0.0,0.0,no_response,0,"391.47,235.35,422.03,316.05"
our,test,/home/ubuntu/hpproject/yolo/dataset/yolo/datasetm6c/images/test/0299.png,0,32-64,0.10253141075372696,ios,0.9827259182929993,0.0,0.0,0.9827259182929993,0.0,0.0,low_score,0,"246.00,168.00,282.00,216.00"
our,test,/home/ubuntu/hpproject/yolo/dataset/yolo/datasetm6c/images/test/0299.png,1,32-64,0.0,ios,0.0,0.0,0.0,0.0,0.0,0.0,no_response,0,"241.00,109.00,283.00,150.00"
our,test,/home/ubuntu/hpproject/yolo/dataset/yolo/datasetm6c/images/test/0299.png,2,32-64,0.2707570195198059,ios,0.9727976322174072,0.0,0.0,0.9727976322174072,0.0,0.0,low_score,0,"450.00,388.00,505.00,442.00"
our,test,/home/ubuntu/hpproject/yolo/dataset/yolo/datasetm6c/images/test/0308.png,0,32-64,0.010410784743726254,ios,0.834200382232666,0.0,0.0,0.834200382232666,0.0,0.0,low_score,0,"201.00,159.00,239.00,214.00"
our,test,/home/ubuntu/hpproject/yolo/dataset/yolo/datasetm6c/images/test/0308.png,1,16-32,0.0,ios,0.0,0.0,0.0,0.0,0.0,0.0,no_response,0,"197.00,120.00,217.00,142.00"
our,test,/home/ubuntu/hpproject/yolo/dataset/yolo/datasetm6c/images/test/0340.png,0,<16,0.06376811861991882,ios,1.0,0.0,0.0,1.0,0.0,0.0,low_score,0,"225.00,357.00,239.00,376.00"
our,test,/home/ubuntu/hpproject/yolo/dataset/yolo/datasetm6c/images/test/0340.png,1,16-32,0.29449769854545593,ios,1.0,0.0,0.0,1.0,0.0,0.0,low_score,0,"331.42,346.81,349.48,377.19"
our,test,/home/ubuntu/hpproject/yolo/dataset/yolo/datasetm6c/images/test/0340.png,2,16-32,0.0,ios,0.0,0.0,0.0,0.0,0.0,0.0,no_response,0,"227.96,250.75,246.03,270.45"
our,test,/home/ubuntu/hpproject/yolo/dataset/yolo/datasetm6c/images/test/0344.png,1,32-64,0.10329539328813553,ios,1.0,0.0,0.0,1.0,0.0,0.0,low_score,0,"260.00,376.00,297.00,404.00"
our,test,/home/ubuntu/hpproject/yolo/dataset/yolo/datasetm6c/images/test/0365.png,1,32-64,0.44033318758010864,ios,0.9526733756065369,0.8646142482757568,0.821731448173523,0.9526733756065369,0.8646142482757568,0.821731448173523,regression_or_match_poor,0,"146.00,141.00,180.00,180.00"
our,test,/home/ubuntu/hpproject/yolo/dataset/yolo/datasetm6c/images/test/0374.png,0,32-64,0.23005463182926178,ios,1.0,0.0,0.0,1.0,0.0,0.0,low_score,0,"290.00,192.00,350.00,220.00"
our,test,/home/ubuntu/hpproject/yolo/dataset/yolo/datasetm6c/images/test/0374.png,1,32-64,0.1642594188451767,ios,1.0,0.0,0.0,1.0,0.0,0.0,low_score,0,"351.00,143.00,390.00,196.00"
our,test,/home/ubuntu/hpproject/yolo/dataset/yolo/datasetm6c/images/test/0378.png,1,32-64,0.2253306657075882,ios,1.0,0.0,0.0,1.0,0.0,0.0,low_score,0,"263.00,327.00,313.00,359.00"
our,test,/home/ubuntu/hpproject/yolo/dataset/yolo/datasetm6c/images/test/0378.png,3,>=64,0.2593477666378021,ios,1.0,0.0,0.0,1.0,0.0,0.0,low_score,0,"216.00,209.00,315.00,280.00"
our,test,/home/ubuntu/hpproject/yolo/dataset/yolo/datasetm6c/images/test/0378.png,4,16-32,0.25521591305732727,ios,1.0,0.0,0.0,1.0,0.0,0.0,low_score,0,"296.00,190.00,323.00,216.00"
our,test,/home/ubuntu/hpproject/yolo/dataset/yolo/datasetm6c/images/test/0407.png,0,16-32,0.15475958585739136,ios,0.24022509157657623,0.0,0.0,0.24022509157657623,0.0,0.0,low_score,0,"167.00,328.00,190.00,354.00"
our,test,/home/ubuntu/hpproject/yolo/dataset/yolo/datasetm6c/images/test/0411.png,0,32-64,0.2547737956047058,ios,1.0,0.0,0.0,1.0,0.0,0.0,low_score,0,"379.00,315.00,436.00,370.00"
our,test,/home/ubuntu/hpproject/yolo/dataset/yolo/datasetm6c/images/test/0419.png,0,32-64,0.12159368395805359,ios,1.0,0.0,0.0,1.0,0.0,0.0,low_score,0,"139.42,142.89,183.31,203.62"
our,test,/home/ubuntu/hpproject/yolo/dataset/yolo/datasetm6c/images/test/0423.png,2,16-32,0.2129075825214386,ios,1.0,0.0,0.0,1.0,0.0,0.0,low_score,0,"95.00,275.00,116.00,302.00"
our,test,/home/ubuntu/hpproject/yolo/dataset/yolo/datasetm6c/images/test/0423.png,4,32-64,0.5474950075149536,ios,1.0,0.8397851586341858,0.8025497198104858,1.0,0.8397851586341858,0.8025497198104858,regression_or_match_poor,0,"266.00,116.00,302.00,147.00"
our,test,/home/ubuntu/hpproject/yolo/dataset/yolo/datasetm6c/images/test/0423.png,5,32-64,0.5474950075149536,ios,1.0,0.11966942250728607,0.06605429947376251,1.0,0.11966942250728607,0.06605429947376251,regression_or_match_poor,0,"228.00,97.00,263.00,123.00"
our,test,/home/ubuntu/hpproject/yolo/dataset/yolo/datasetm6c/images/test/0426.png,0,16-32,0.033447518944740295,ios,1.0,0.0,0.0,1.0,0.0,0.0,low_score,0,"248.00,324.00,271.00,345.00"
our,test,/home/ubuntu/hpproject/yolo/dataset/yolo/datasetm6c/images/test/0426.png,2,32-64,0.45515960454940796,ios,0.9684997200965881,0.5881235003471375,0.5725856423377991,0.9684997200965881,0.5881235003471375,0.5725856423377991,regression_or_match_poor,0,"190.00,260.00,237.00,295.00"
our,test,/home/ubuntu/hpproject/yolo/dataset/yolo/datasetm6c/images/test/0426.png,5,16-32,0.11975976079702377,ios,1.0,0.0,0.0,1.0,0.0,0.0,low_score,0,"166.00,141.00,195.00,158.00"
our,test,/home/ubuntu/hpproject/yolo/dataset/yolo/datasetm6c/images/test/0426.png,6,16-32,0.02710902690887451,ios,1.0,0.0,0.0,1.0,0.0,0.0,low_score,0,"214.00,126.00,235.00,159.00"
our,test,/home/ubuntu/hpproject/yolo/dataset/yolo/datasetm6c/images/test/0426.png,7,32-64,0.31725239753723145,ios,0.3681296110153198,0.024553261697292328,0.016741111874580383,0.3681296110153198,0.024553261697292328,0.016741111874580383,regression_or_match_poor,0,"281.00,122.00,312.00,158.00"
our,test,/home/ubuntu/hpproject/yolo/dataset/yolo/datasetm6c/images/test/0426.png,9,32-64,0.02710902690887451,ios,1.0,0.0,0.0,1.0,0.0,0.0,low_score,0,"179.00,98.00,243.00,123.00"
our,test,/home/ubuntu/hpproject/yolo/dataset/yolo/datasetm6c/images/test/0432.png,2,32-64,0.029043151065707207,ios,1.0,0.0,0.0,1.0,0.0,0.0,low_score,0,"385.00,143.00,414.00,197.00"
our,test,/home/ubuntu/hpproject/yolo/dataset/yolo/datasetm6c/images/test/0432.png,4,16-32,0.11190534383058548,ios,0.4626457095146179,0.0,0.0,0.4626457095146179,0.0,0.0,low_score,0,"340.00,102.00,364.00,133.00"
our,test,/home/ubuntu/hpproject/yolo/dataset/yolo/datasetm6c/images/test/0436.png,0,32-64,0.021398724988102913,ios,1.0,0.0,0.0,1.0,0.0,0.0,low_score,0,"135.00,286.00,174.00,328.00"
our,test,/home/ubuntu/hpproject/yolo/dataset/yolo/datasetm6c/images/test/0450.png,1,32-64,0.07674609869718552,ios,0.9565802216529846,0.0,0.0,0.9565802216529846,0.0,0.0,low_score,0,"207.00,119.00,282.00,154.00"
hmc,val,/home/ubuntu/hpproject/yolo/dataset/yolo/datasetm6c/images/val/0021.png,0,32-64,0.27206721901893616,ios,0.9869307279586792,0.0,0.0,0.9869307279586792,0.0,0.0,low_score,0,"233.00,94.00,273.00,157.00"
hmc,val,/home/ubuntu/hpproject/yolo/dataset/yolo/datasetm6c/images/val/0030.png,0,>=64,0.0981811061501503,ios,1.0,0.0,0.0,1.0,0.0,0.0,low_score,0,"126.00,192.00,375.00,308.00"
hmc,val,/home/ubuntu/hpproject/yolo/dataset/yolo/datasetm6c/images/val/0051.png,0,32-64,0.08995892852544785,ios,1.0,0.0,0.0,1.0,0.0,0.0,low_score,0,"95.18,101.68,124.81,167.58"
hmc,val,/home/ubuntu/hpproject/yolo/dataset/yolo/datasetm6c/images/val/0051.png,2,32-64,0.0,ios,0.0,0.0,0.0,0.0,0.0,0.0,no_response,0,"148.39,67.22,174.99,99.26"
hmc,val,/home/ubuntu/hpproject/yolo/dataset/yolo/datasetm6c/images/val/0055.png,1,>=64,0.47230494022369385,ios,1.0,0.09368985891342163,0.09368985891342163,1.0,0.09368985891342163,0.09368985891342163,regression_or_match_poor,0,"151.00,65.00,211.00,117.00"
hmc,val,/home/ubuntu/hpproject/yolo/dataset/yolo/datasetm6c/images/val/0066.png,1,16-32,0.0,ios,0.0,0.0,0.0,0.0,0.0,0.0,no_response,0,"178.00,160.00,197.00,203.00"
hmc,val,/home/ubuntu/hpproject/yolo/dataset/yolo/datasetm6c/images/val/0066.png,3,16-32,0.08843467384576797,ios,1.0,0.0,0.0,1.0,0.0,0.0,low_score,0,"301.00,109.00,342.00,124.00"
hmc,val,/home/ubuntu/hpproject/yolo/dataset/yolo/datasetm6c/images/val/0068.png,1,32-64,0.13181547820568085,ios,1.0,0.0,0.0,1.0,0.0,0.0,low_score,0,"124.00,211.00,155.00,235.00"
hmc,val,/home/ubuntu/hpproject/yolo/dataset/yolo/datasetm6c/images/val/0068.png,2,32-64,0.014913850463926792,ios,0.6630198955535889,0.0,0.0,0.6630198955535889,0.0,0.0,low_score,0,"245.00,204.00,283.00,244.00"
hmc,val,/home/ubuntu/hpproject/yolo/dataset/yolo/datasetm6c/images/val/0069.png,0,16-32,0.3409496247768402,ios,0.9609531760215759,0.15229590237140656,0.12351326644420624,0.9609531760215759,0.15229590237140656,0.12351326644420624,regression_or_match_poor,0,"246.72,163.93,276.55,179.99"
hmc,val,/home/ubuntu/hpproject/yolo/dataset/yolo/datasetm6c/images/val/0069.png,2,16-32,0.0,ios,0.0,0.0,0.0,0.0,0.0,0.0,no_response,0,"145.00,243.47,169.47,271.77"
hmc,val,/home/ubuntu/hpproject/yolo/dataset/yolo/datasetm6c/images/val/0069.png,3,16-32,0.0,ios,0.0,0.0,0.0,0.0,0.0,0.0,no_response,0,"421.86,195.29,438.68,225.88"
hmc,val,/home/ubuntu/hpproject/yolo/dataset/yolo/datasetm6c/images/val/0072.png,0,16-32,0.0,ios,0.0,0.0,0.0,0.0,0.0,0.0,no_response,0,"222.00,150.00,241.00,164.00"
hmc,val,/home/ubuntu/hpproject/yolo/dataset/yolo/datasetm6c/images/val/0072.png,1,32-64,0.16682420670986176,ios,0.9015489220619202,0.0,0.0,0.9015489220619202,0.0,0.0,low_score,0,"163.00,192.00,201.00,221.00"
hmc,val,/home/ubuntu/hpproject/yolo/dataset/yolo/datasetm6c/images/val/0094.png,1,32-64,0.05979624763131142,ios,0.9440035223960876,0.0,0.0,0.9440035223960876,0.0,0.0,low_score,0,"441.00,210.00,485.00,273.00"
hmc,val,/home/ubuntu/hpproject/yolo/dataset/yolo/datasetm6c/images/val/0103.png,0,>=64,0.21947002410888672,ios,1.0,0.0,0.0,1.0,0.0,0.0,low_score,0,"211.00,112.00,291.00,194.00"
hmc,val,/home/ubuntu/hpproject/yolo/dataset/yolo/datasetm6c/images/val/0105.png,0,32-64,0.0,ios,0.0,0.0,0.0,0.0,0.0,0.0,no_response,0,"145.00,170.00,205.00,198.00"
hmc,val,/home/ubuntu/hpproject/yolo/dataset/yolo/datasetm6c/images/val/0105.png,1,32-64,0.048580411821603775,ios,0.896773099899292,0.0,0.0,0.896773099899292,0.0,0.0,low_score,0,"171.00,83.00,210.00,139.00"
hmc,val,/home/ubuntu/hpproject/yolo/dataset/yolo/datasetm6c/images/val/0143.png,2,>=64,0.8424056172370911,ios,0.25363826751708984,0.25363826751708984,0.18715915083885193,0.25363826751708984,0.25363826751708984,0.18715915083885193,postproc_filtered,0,"108.00,194.00,308.00,263.00"
hmc,val,/home/ubuntu/hpproject/yolo/dataset/yolo/datasetm6c/images/val/0144.png,0,32-64,0.0,ios,0.0,0.0,0.0,0.0,0.0,0.0,no_response,0,"312.00,269.00,350.00,305.00"
hmc,val,/home/ubuntu/hpproject/yolo/dataset/yolo/datasetm6c/images/val/0146.png,0,32-64,0.0,ios,0.0,0.0,0.0,0.0,0.0,0.0,no_response,0,"193.00,310.00,234.00,338.00"
hmc,val,/home/ubuntu/hpproject/yolo/dataset/yolo/datasetm6c/images/val/0154.png,0,>=64,0.19618692994117737,ios,1.0,0.0,0.0,1.0,0.0,0.0,low_score,0,"277.00,269.00,365.00,342.00"
hmc,val,/home/ubuntu/hpproject/yolo/dataset/yolo/datasetm6c/images/val/0221.png,2,16-32,0.6471992135047913,ios,1.0,1.0,1.0,1.0,1.0,1.0,regression_or_match_poor,0,"200.00,229.00,243.00,251.00"
hmc,val,/home/ubuntu/hpproject/yolo/dataset/yolo/datasetm6c/images/val/0221.png,3,>=64,0.7312970161437988,ios,1.0,1.0,1.0,1.0,1.0,1.0,regression_or_match_poor,0,"263.00,200.00,331.00,285.00"
hmc,val,/home/ubuntu/hpproject/yolo/dataset/yolo/datasetm6c/images/val/0221.png,5,>=64,0.7312970161437988,ios,1.0,1.0,1.0,1.0,1.0,1.0,regression_or_match_poor,0,"143.00,129.00,229.00,214.00"
hmc,val,/home/ubuntu/hpproject/yolo/dataset/yolo/datasetm6c/images/val/0234.png,0,16-32,0.45027920603752136,ios,1.0,0.1069938912987709,0.0,1.0,0.1069938912987709,0.0,regression_or_match_poor,0,"212.04,221.24,272.37,247.89"
hmc,val,/home/ubuntu/hpproject/yolo/dataset/yolo/datasetm6c/images/val/0234.png,1,16-32,0.2290032058954239,ios,1.0,0.0,0.0,1.0,0.0,0.0,low_score,0,"255.13,153.08,270.80,169.53"
hmc,val,/home/ubuntu/hpproject/yolo/dataset/yolo/datasetm6c/images/val/0234.png,2,32-64,0.0,ios,0.0,0.0,0.0,0.0,0.0,0.0,no_response,0,"361.70,260.42,396.96,297.25"
hmc,val,/home/ubuntu/hpproject/yolo/dataset/yolo/datasetm6c/images/val/0262.png,0,16-32,0.018621966242790222,ios,0.9156922101974487,0.0,0.0,0.9156922101974487,0.0,0.0,low_score,0,"309.00,219.00,345.00,249.00"
hmc,val,/home/ubuntu/hpproject/yolo/dataset/yolo/datasetm6c/images/val/0262.png,1,16-32,0.15081001818180084,ios,0.953079342842102,0.0,0.0,0.953079342842102,0.0,0.0,low_score,0,"246.00,193.00,280.00,217.00"
hmc,val,/home/ubuntu/hpproject/yolo/dataset/yolo/datasetm6c/images/val/0262.png,2,32-64,0.018621966242790222,ios,0.29021725058555603,0.0,0.0,0.29021725058555603,0.0,0.0,low_score,0,"323.00,186.00,399.00,231.00"
hmc,val,/home/ubuntu/hpproject/yolo/dataset/yolo/datasetm6c/images/val/0324.png,0,32-64,0.11336029320955276,ios,0.9747424721717834,0.0,0.0,0.9747424721717834,0.0,0.0,low_score,0,"216.00,230.00,251.00,269.00"
hmc,val,/home/ubuntu/hpproject/yolo/dataset/yolo/datasetm6c/images/val/0349.png,0,16-32,0.0,ios,0.0,0.0,0.0,0.0,0.0,0.0,no_response,0,"411.00,225.00,442.00,250.00"
hmc,val,/home/ubuntu/hpproject/yolo/dataset/yolo/datasetm6c/images/val/0359.png,2,32-64,0.21565215289592743,ios,1.0,0.0,0.0,1.0,0.0,0.0,low_score,0,"245.00,225.00,281.00,252.00"
hmc,val,/home/ubuntu/hpproject/yolo/dataset/yolo/datasetm6c/images/val/0359.png,3,16-32,0.22155940532684326,ios,1.0,0.0,0.0,1.0,0.0,0.0,low_score,0,"367.00,178.00,390.00,207.00"
hmc,val,/home/ubuntu/hpproject/yolo/dataset/yolo/datasetm6c/images/val/0363.png,1,16-32,0.01710410602390766,ios,0.9324366450309753,0.0,0.0,0.9324366450309753,0.0,0.0,low_score,0,"185.00,118.00,209.00,168.00"
hmc,val,/home/ubuntu/hpproject/yolo/dataset/yolo/datasetm6c/images/val/0363.png,2,32-64,0.7615417838096619,ios,0.02082279697060585,0.02082279697060585,0.019570469856262207,0.02082279697060585,0.02082279697060585,0.019570469856262207,regression_or_match_poor,0,"264.00,90.00,290.00,117.00"
hmc,val,/home/ubuntu/hpproject/yolo/dataset/yolo/datasetm6c/images/val/0371.png,0,16-32,0.1527131348848343,ios,0.998853862285614,0.0,0.0,0.998853862285614,0.0,0.0,low_score,0,"377.00,109.00,404.00,150.00"
hmc,val,/home/ubuntu/hpproject/yolo/dataset/yolo/datasetm6c/images/val/0371.png,2,16-32,0.7517220377922058,ios,0.9409165978431702,0.9330585598945618,0.918017566204071,0.9409165978431702,0.9330585598945618,0.918017566204071,regression_or_match_poor,0,"245.00,211.00,304.00,229.00"
hmc,val,/home/ubuntu/hpproject/yolo/dataset/yolo/datasetm6c/images/val/0371.png,3,32-64,0.0,ios,0.0,0.0,0.0,0.0,0.0,0.0,no_response,0,"255.00,144.00,330.00,188.00"
hmc,val,/home/ubuntu/hpproject/yolo/dataset/yolo/datasetm6c/images/val/0376.png,0,<16,0.0,ios,0.0,0.0,0.0,0.0,0.0,0.0,no_response,0,"423.00,339.00,436.00,384.00"
hmc,val,/home/ubuntu/hpproject/yolo/dataset/yolo/datasetm6c/images/val/0376.png,1,16-32,0.0,ios,0.0,0.0,0.0,0.0,0.0,0.0,no_response,0,"456.00,174.00,473.00,212.00"
hmc,val,/home/ubuntu/hpproject/yolo/dataset/yolo/datasetm6c/images/val/0376.png,2,16-32,0.047045886516571045,ios,1.0,0.0,0.0,1.0,0.0,0.0,low_score,0,"301.00,157.00,327.00,193.00"
hmc,val,/home/ubuntu/hpproject/yolo/dataset/yolo/datasetm6c/images/val/0376.png,3,16-32,0.0714038610458374,ios,1.0,0.0,0.0,1.0,0.0,0.0,low_score,0,"360.00,131.00,395.00,157.00"
hmc,val,/home/ubuntu/hpproject/yolo/dataset/yolo/datasetm6c/images/val/0380.png,0,32-64,0.0,ios,0.0,0.0,0.0,0.0,0.0,0.0,no_response,0,"330.00,350.00,376.00,383.00"
hmc,val,/home/ubuntu/hpproject/yolo/dataset/yolo/datasetm6c/images/val/0380.png,1,32-64,0.0,ios,0.0,0.0,0.0,0.0,0.0,0.0,no_response,0,"389.00,302.00,419.00,333.00"
hmc,val,/home/ubuntu/hpproject/yolo/dataset/yolo/datasetm6c/images/val/0380.png,3,32-64,0.0,ios,0.0,0.0,0.0,0.0,0.0,0.0,no_response,0,"399.00,163.00,431.00,203.00"
hmc,val,/home/ubuntu/hpproject/yolo/dataset/yolo/datasetm6c/images/val/0380.png,4,16-32,0.0,ios,0.0,0.0,0.0,0.0,0.0,0.0,no_response,0,"356.00,130.00,379.00,161.00"
hmc,val,/home/ubuntu/hpproject/yolo/dataset/yolo/datasetm6c/images/val/0428.png,0,16-32,0.0,ios,0.0,0.0,0.0,0.0,0.0,0.0,no_response,0,"206.00,154.00,227.00,179.00"
hmc,val,/home/ubuntu/hpproject/yolo/dataset/yolo/datasetm6c/images/val/0428.png,1,32-64,0.0,ios,0.0,0.0,0.0,0.0,0.0,0.0,no_response,0,"223.00,172.00,251.00,237.00"
hmc,val,/home/ubuntu/hpproject/yolo/dataset/yolo/datasetm6c/images/val/0433.png,0,32-64,0.06018016114830971,ios,0.9776309132575989,0.0,0.0,0.9776309132575989,0.0,0.0,low_score,0,"286.00,326.00,332.00,374.00"
hmc,val,/home/ubuntu/hpproject/yolo/dataset/yolo/datasetm6c/images/val/0433.png,1,32-64,0.0,ios,0.0,0.0,0.0,0.0,0.0,0.0,no_response,0,"357.00,289.00,391.00,333.00"
hmc,val,/home/ubuntu/hpproject/yolo/dataset/yolo/datasetm6c/images/val/0433.png,2,>=64,0.0,ios,0.0,0.0,0.0,0.0,0.0,0.0,no_response,0,"344.00,198.00,423.00,294.00"
hmc,val,/home/ubuntu/hpproject/yolo/dataset/yolo/datasetm6c/images/val/0433.png,3,32-64,0.0,ios,0.0,0.0,0.0,0.0,0.0,0.0,no_response,0,"272.00,146.00,305.00,177.00"
hmc,val,/home/ubuntu/hpproject/yolo/dataset/yolo/datasetm6c/images/val/0433.png,5,16-32,0.16168314218521118,ios,1.0,0.0,0.0,1.0,0.0,0.0,low_score,0,"291.00,112.00,314.00,138.00"
hmc,val,/home/ubuntu/hpproject/yolo/dataset/yolo/datasetm6c/images/val/0433.png,6,32-64,0.028233597055077553,ios,0.9780676364898682,0.0,0.0,0.9780676364898682,0.0,0.0,low_score,0,"232.00,84.00,269.00,119.00"
hmc,test,/home/ubuntu/hpproject/yolo/dataset/yolo/datasetm6c/images/test/0031.png,0,>=64,0.06212659180164337,ios,1.0,0.0,0.0,1.0,0.0,0.0,low_score,0,"73.00,101.00,303.00,239.00"
hmc,test,/home/ubuntu/hpproject/yolo/dataset/yolo/datasetm6c/images/test/0049.png,0,32-64,0.07695671916007996,ios,0.9919082522392273,0.0,0.0,0.9919082522392273,0.0,0.0,low_score,0,"135.00,177.00,237.00,203.00"
hmc,test,/home/ubuntu/hpproject/yolo/dataset/yolo/datasetm6c/images/test/0127.png,1,32-64,0.5994269847869873,ios,1.0,0.7204596996307373,0.6085789203643799,1.0,0.7204596996307373,0.6085789203643799,regression_or_match_poor,0,"173.00,129.00,230.00,177.00"
hmc,test,/home/ubuntu/hpproject/yolo/dataset/yolo/datasetm6c/images/test/0140.png,0,32-64,0.061103079468011856,ios,1.0,0.0,0.0,1.0,0.0,0.0,low_score,0,"324.00,143.00,355.00,183.00"
hmc,test,/home/ubuntu/hpproject/yolo/dataset/yolo/datasetm6c/images/test/0149.png,1,32-64,0.31389176845550537,ios,0.01926286704838276,0.01926286704838276,0.01926286704838276,0.01926286704838276,0.01926286704838276,0.01926286704838276,regression_or_match_poor,0,"284.00,132.00,311.00,161.00"
hmc,test,/home/ubuntu/hpproject/yolo/dataset/yolo/datasetm6c/images/test/0171.png,2,32-64,0.7499616146087646,ios,1.0,1.0,0.978093147277832,1.0,1.0,0.978093147277832,regression_or_match_poor,0,"179.00,221.00,240.00,253.00"
hmc,test,/home/ubuntu/hpproject/yolo/dataset/yolo/datasetm6c/images/test/0193.png,0,>=64,0.0,ios,0.0,0.0,0.0,0.0,0.0,0.0,no_response,0,"241.00,182.00,308.00,255.00"
hmc,test,/home/ubuntu/hpproject/yolo/dataset/yolo/datasetm6c/images/test/0193.png,1,32-64,0.0,ios,0.0,0.0,0.0,0.0,0.0,0.0,no_response,0,"245.00,152.00,275.00,189.00"
hmc,test,/home/ubuntu/hpproject/yolo/dataset/yolo/datasetm6c/images/test/0204.png,0,32-64,0.0,ios,0.0,0.0,0.0,0.0,0.0,0.0,no_response,0,"246.00,149.00,288.00,207.00"
hmc,test,/home/ubuntu/hpproject/yolo/dataset/yolo/datasetm6c/images/test/0213.png,0,32-64,0.0,ios,0.0,0.0,0.0,0.0,0.0,0.0,no_response,0,"163.00,243.00,189.00,288.00"
hmc,test,/home/ubuntu/hpproject/yolo/dataset/yolo/datasetm6c/images/test/0213.png,1,32-64,0.0,ios,0.0,0.0,0.0,0.0,0.0,0.0,no_response,0,"119.00,230.00,154.00,290.00"
hmc,test,/home/ubuntu/hpproject/yolo/dataset/yolo/datasetm6c/images/test/0232.png,0,16-32,0.0,ios,0.0,0.0,0.0,0.0,0.0,0.0,no_response,0,"375.80,154.64,402.44,191.47"
hmc,test,/home/ubuntu/hpproject/yolo/dataset/yolo/datasetm6c/images/test/0232.png,1,32-64,0.0,ios,0.0,0.0,0.0,0.0,0.0,0.0,no_response,0,"391.47,235.35,422.03,316.05"
hmc,test,/home/ubuntu/hpproject/yolo/dataset/yolo/datasetm6c/images/test/0241.png,0,32-64,0.2691173255443573,ios,0.8685722351074219,0.0,0.0,0.8685722351074219,0.0,0.0,low_score,0,"188.00,142.00,307.00,195.00"
hmc,test,/home/ubuntu/hpproject/yolo/dataset/yolo/datasetm6c/images/test/0295.png,0,32-64,0.0372592993080616,ios,1.0,0.0,0.0,1.0,0.0,0.0,low_score,0,"303.00,134.00,358.00,175.00"
hmc,test,/home/ubuntu/hpproject/yolo/dataset/yolo/datasetm6c/images/test/0299.png,0,32-64,0.0,ios,0.0,0.0,0.0,0.0,0.0,0.0,no_response,0,"246.00,168.00,282.00,216.00"
hmc,test,/home/ubuntu/hpproject/yolo/dataset/yolo/datasetm6c/images/test/0299.png,1,32-64,0.0,ios,0.0,0.0,0.0,0.0,0.0,0.0,no_response,0,"241.00,109.00,283.00,150.00"
hmc,test,/home/ubuntu/hpproject/yolo/dataset/yolo/datasetm6c/images/test/0299.png,2,32-64,0.012727255001664162,ios,0.9267467856407166,0.0,0.0,0.9267467856407166,0.0,0.0,low_score,0,"450.00,388.00,505.00,442.00"
hmc,test,/home/ubuntu/hpproject/yolo/dataset/yolo/datasetm6c/images/test/0308.png,0,32-64,0.0,ios,0.0,0.0,0.0,0.0,0.0,0.0,no_response,0,"201.00,159.00,239.00,214.00"
hmc,test,/home/ubuntu/hpproject/yolo/dataset/yolo/datasetm6c/images/test/0308.png,1,16-32,0.0,ios,0.0,0.0,0.0,0.0,0.0,0.0,no_response,0,"197.00,120.00,217.00,142.00"
hmc,test,/home/ubuntu/hpproject/yolo/dataset/yolo/datasetm6c/images/test/0340.png,0,<16,0.0,ios,0.0,0.0,0.0,0.0,0.0,0.0,no_response,0,"225.00,357.00,239.00,376.00"
hmc,test,/home/ubuntu/hpproject/yolo/dataset/yolo/datasetm6c/images/test/0340.png,1,16-32,0.0,ios,0.0,0.0,0.0,0.0,0.0,0.0,no_response,0,"331.42,346.81,349.48,377.19"
hmc,test,/home/ubuntu/hpproject/yolo/dataset/yolo/datasetm6c/images/test/0340.png,2,16-32,0.0,ios,0.0,0.0,0.0,0.0,0.0,0.0,no_response,0,"227.96,250.75,246.03,270.45"
hmc,test,/home/ubuntu/hpproject/yolo/dataset/yolo/datasetm6c/images/test/0344.png,1,32-64,0.15466542541980743,ios,0.8529083728790283,0.0,0.0,0.8529083728790283,0.0,0.0,low_score,0,"260.00,376.00,297.00,404.00"
hmc,test,/home/ubuntu/hpproject/yolo/dataset/yolo/datasetm6c/images/test/0365.png,1,32-64,0.8387598395347595,ios,0.7553437352180481,0.7553437352180481,0.7443926930427551,0.7553437352180481,0.7553437352180481,0.7443926930427551,regression_or_match_poor,0,"146.00,141.00,180.00,180.00"
hmc,test,/home/ubuntu/hpproject/yolo/dataset/yolo/datasetm6c/images/test/0374.png,1,32-64,0.705181896686554,ios,1.0,1.0,0.9920501708984375,1.0,1.0,0.9920501708984375,regression_or_match_poor,0,"351.00,143.00,390.00,196.00"
hmc,test,/home/ubuntu/hpproject/yolo/dataset/yolo/datasetm6c/images/test/0407.png,0,16-32,0.0,ios,0.0,0.0,0.0,0.0,0.0,0.0,no_response,0,"167.00,328.00,190.00,354.00"
hmc,test,/home/ubuntu/hpproject/yolo/dataset/yolo/datasetm6c/images/test/0419.png,0,32-64,0.0,ios,0.0,0.0,0.0,0.0,0.0,0.0,no_response,0,"139.42,142.89,183.31,203.62"
hmc,test,/home/ubuntu/hpproject/yolo/dataset/yolo/datasetm6c/images/test/0422.png,0,>=64,0.0788547471165657,ios,0.9659706354141235,0.0,0.0,0.9659706354141235,0.0,0.0,low_score,0,"224.00,298.00,292.00,363.00"
hmc,test,/home/ubuntu/hpproject/yolo/dataset/yolo/datasetm6c/images/test/0423.png,1,16-32,0.0,ios,0.0,0.0,0.0,0.0,0.0,0.0,no_response,0,"124.00,320.00,144.00,344.00"
hmc,test,/home/ubuntu/hpproject/yolo/dataset/yolo/datasetm6c/images/test/0423.png,2,16-32,0.010387859307229519,ios,0.7933277487754822,0.0,0.0,0.7933277487754822,0.0,0.0,low_score,0,"95.00,275.00,116.00,302.00"
hmc,test,/home/ubuntu/hpproject/yolo/dataset/yolo/datasetm6c/images/test/0423.png,3,>=64,0.5759660601615906,ios,0.9972590804100037,0.9886255264282227,0.9886255264282227,0.9972590804100037,0.9886255264282227,0.9886255264282227,regression_or_match_poor,0,"163.00,133.00,296.00,210.00"
hmc,test,/home/ubuntu/hpproject/yolo/dataset/yolo/datasetm6c/images/test/0426.png,0,16-32,0.0,ios,0.0,0.0,0.0,0.0,0.0,0.0,no_response,0,"248.00,324.00,271.00,345.00"
hmc,test,/home/ubuntu/hpproject/yolo/dataset/yolo/datasetm6c/images/test/0426.png,2,32-64,0.7309762239456177,ios,0.6323269605636597,0.6323269605636597,0.5965309143066406,0.6323269605636597,0.6323269605636597,0.5965309143066406,regression_or_match_poor,0,"190.00,260.00,237.00,295.00"
hmc,test,/home/ubuntu/hpproject/yolo/dataset/yolo/datasetm6c/images/test/0426.png,4,32-64,0.6673251390457153,ios,0.9272186160087585,0.8276116251945496,0.7886769771575928,0.9272186160087585,0.8276116251945496,0.7886769771575928,regression_or_match_poor,0,"234.00,147.00,271.00,176.00"
hmc,test,/home/ubuntu/hpproject/yolo/dataset/yolo/datasetm6c/images/test/0426.png,6,16-32,0.6673251390457153,ios,0.3151872456073761,0.2121375948190689,0.17792241275310516,0.3151872456073761,0.2121375948190689,0.17792241275310516,postproc_filtered,0,"214.00,126.00,235.00,159.00"
hmc,test,/home/ubuntu/hpproject/yolo/dataset/yolo/datasetm6c/images/test/0426.png,7,32-64,0.6673251390457153,ios,0.22472023963928223,0.15649069845676422,0.12393282353878021,0.22472023963928223,0.15649069845676422,0.12393282353878021,regression_or_match_poor,0,"281.00,122.00,312.00,158.00"
hmc,test,/home/ubuntu/hpproject/yolo/dataset/yolo/datasetm6c/images/test/0426.png,8,32-64,0.07943814247846603,ios,1.0,0.0,0.0,1.0,0.0,0.0,low_score,0,"248.00,108.00,285.00,138.00"
hmc,test,/home/ubuntu/hpproject/yolo/dataset/yolo/datasetm6c/images/test/0430.png,1,32-64,0.09108436852693558,ios,0.9962657690048218,0.0,0.0,0.9962657690048218,0.0,0.0,low_score,0,"200.00,127.00,284.00,160.00"
hmc,test,/home/ubuntu/hpproject/yolo/dataset/yolo/datasetm6c/images/test/0432.png,0,32-64,0.0,ios,0.0,0.0,0.0,0.0,0.0,0.0,no_response,0,"320.00,356.00,354.00,383.00"
hmc,test,/home/ubuntu/hpproject/yolo/dataset/yolo/datasetm6c/images/test/0432.png,2,32-64,0.0,ios,0.0,0.0,0.0,0.0,0.0,0.0,no_response,0,"385.00,143.00,414.00,197.00"
hmc,test,/home/ubuntu/hpproject/yolo/dataset/yolo/datasetm6c/images/test/0432.png,4,16-32,0.044156063348054886,ios,0.9229471683502197,0.0,0.0,0.9229471683502197,0.0,0.0,low_score,0,"340.00,102.00,364.00,133.00"
hmc,test,/home/ubuntu/hpproject/yolo/dataset/yolo/datasetm6c/images/test/0436.png,0,32-64,0.0,ios,0.0,0.0,0.0,0.0,0.0,0.0,no_response,0,"135.00,286.00,174.00,328.00"
hmc,test,/home/ubuntu/hpproject/yolo/dataset/yolo/datasetm6c/images/test/0450.png,0,32-64,0.2596127688884735,ios,1.0,0.0,0.0,1.0,0.0,0.0,low_score,0,"154.00,156.00,204.00,193.00"
hmc,test,/home/ubuntu/hpproject/yolo/dataset/yolo/datasetm6c/images/test/0450.png,1,32-64,0.2596127688884735,ios,0.1341625303030014,0.0,0.0,0.1341625303030014,0.0,0.0,low_score,0,"207.00,119.00,282.00,154.00"
al3,val,/home/ubuntu/hpproject/yolo/dataset/yolo/datasetm6c/images/val/0021.png,0,32-64,0.03942436724901199,ios,0.9950798749923706,0.0,0.0,0.9950798749923706,0.0,0.0,low_score,0,"233.00,94.00,273.00,157.00"
al3,val,/home/ubuntu/hpproject/yolo/dataset/yolo/datasetm6c/images/val/0051.png,0,32-64,0.09253375232219696,ios,1.0,0.0,0.0,1.0,0.0,0.0,low_score,0,"95.18,101.68,124.81,167.58"
al3,val,/home/ubuntu/hpproject/yolo/dataset/yolo/datasetm6c/images/val/0055.png,1,>=64,0.5600982904434204,ios,0.9772121906280518,0.06681004166603088,0.038368746638298035,0.9772121906280518,0.06681004166603088,0.038368746638298035,regression_or_match_poor,0,"151.00,65.00,211.00,117.00"
al3,val,/home/ubuntu/hpproject/yolo/dataset/yolo/datasetm6c/images/val/0066.png,1,16-32,0.0,ios,0.0,0.0,0.0,0.0,0.0,0.0,no_response,0,"178.00,160.00,197.00,203.00"
al3,val,/home/ubuntu/hpproject/yolo/dataset/yolo/datasetm6c/images/val/0066.png,3,16-32,0.11521708965301514,ios,1.0,0.0,0.0,1.0,0.0,0.0,low_score,0,"301.00,109.00,342.00,124.00"
al3,val,/home/ubuntu/hpproject/yolo/dataset/yolo/datasetm6c/images/val/0068.png,2,32-64,0.02548311837017536,ios,1.0,0.0,0.0,1.0,0.0,0.0,low_score,0,"245.00,204.00,283.00,244.00"
al3,val,/home/ubuntu/hpproject/yolo/dataset/yolo/datasetm6c/images/val/0069.png,0,16-32,0.19320730865001678,ios,0.9533593654632568,0.0,0.0,0.9533593654632568,0.0,0.0,low_score,0,"246.72,163.93,276.55,179.99"
al3,val,/home/ubuntu/hpproject/yolo/dataset/yolo/datasetm6c/images/val/0069.png,1,32-64,0.03092382289469242,ios,1.0,0.0,0.0,1.0,0.0,0.0,low_score,0,"213.83,122.63,243.66,150.93"
al3,val,/home/ubuntu/hpproject/yolo/dataset/yolo/datasetm6c/images/val/0072.png,0,16-32,0.09482287615537643,ios,1.0,0.0,0.0,1.0,0.0,0.0,low_score,0,"222.00,150.00,241.00,164.00"
al3,val,/home/ubuntu/hpproject/yolo/dataset/yolo/datasetm6c/images/val/0072.png,1,32-64,0.2571243643760681,ios,0.9808182120323181,0.0,0.0,0.9808182120323181,0.0,0.0,low_score,0,"163.00,192.00,201.00,221.00"
al3,val,/home/ubuntu/hpproject/yolo/dataset/yolo/datasetm6c/images/val/0084.png,0,32-64,0.24899683892726898,ios,0.9747487902641296,0.0,0.0,0.9747487902641296,0.0,0.0,low_score,0,"253.00,119.00,292.00,159.00"
al3,val,/home/ubuntu/hpproject/yolo/dataset/yolo/datasetm6c/images/val/0094.png,1,32-64,0.10926587879657745,ios,1.0,0.0,0.0,1.0,0.0,0.0,low_score,0,"441.00,210.00,485.00,273.00"
al3,val,/home/ubuntu/hpproject/yolo/dataset/yolo/datasetm6c/images/val/0105.png,0,32-64,0.064845971763134,ios,1.0,0.0,0.0,1.0,0.0,0.0,low_score,0,"145.00,170.00,205.00,198.00"
al3,val,/home/ubuntu/hpproject/yolo/dataset/yolo/datasetm6c/images/val/0105.png,1,32-64,0.12941747903823853,ios,0.9959449768066406,0.0,0.0,0.9959449768066406,0.0,0.0,low_score,0,"171.00,83.00,210.00,139.00"
al3,val,/home/ubuntu/hpproject/yolo/dataset/yolo/datasetm6c/images/val/0143.png,0,>=64,0.7851950526237488,ios,1.0,0.5294946432113647,0.5125719308853149,1.0,0.5294946432113647,0.5125719308853149,regression_or_match_poor,0,"94.00,275.00,315.00,346.00"
al3,val,/home/ubuntu/hpproject/yolo/dataset/yolo/datasetm6c/images/val/0143.png,2,>=64,0.7851950526237488,ios,1.0,0.19362495839595795,0.15285003185272217,1.0,0.19362495839595795,0.15285003185272217,regression_or_match_poor,0,"108.00,194.00,308.00,263.00"
al3,val,/home/ubuntu/hpproject/yolo/dataset/yolo/datasetm6c/images/val/0144.png,0,32-64,0.036509908735752106,ios,1.0,0.0,0.0,1.0,0.0,0.0,low_score,0,"312.00,269.00,350.00,305.00"
al3,val,/home/ubuntu/hpproject/yolo/dataset/yolo/datasetm6c/images/val/0154.png,1,>=64,0.21500642597675323,ios,1.0,0.0,0.0,1.0,0.0,0.0,low_score,0,"202.00,136.00,309.00,188.00"
al3,val,/home/ubuntu/hpproject/yolo/dataset/yolo/datasetm6c/images/val/0188.png,1,32-64,0.22542478144168854,ios,1.0,0.0,0.0,1.0,0.0,0.0,low_score,0,"293.00,111.00,340.00,184.00"
al3,val,/home/ubuntu/hpproject/yolo/dataset/yolo/datasetm6c/images/val/0221.png,0,<16,0.549394965171814,ios,1.0,0.9245208501815796,0.0,1.0,0.9245208501815796,0.0,postproc_filtered,0,"200.00,228.00,201.00,229.00"
al3,val,/home/ubuntu/hpproject/yolo/dataset/yolo/datasetm6c/images/val/0221.png,2,16-32,0.2583756148815155,ios,1.0,0.0,0.0,1.0,0.0,0.0,low_score,0,"200.00,229.00,243.00,251.00"
al3,val,/home/ubuntu/hpproject/yolo/dataset/yolo/datasetm6c/images/val/0221.png,3,>=64,0.718290388584137,ios,1.0,0.2785625457763672,0.2585689127445221,1.0,0.2785625457763672,0.2585689127445221,regression_or_match_poor,0,"263.00,200.00,331.00,285.00"
al3,val,/home/ubuntu/hpproject/yolo/dataset/yolo/datasetm6c/images/val/0221.png,5,>=64,0.718290388584137,ios,1.0,1.0,1.0,1.0,1.0,1.0,regression_or_match_poor,0,"143.00,129.00,229.00,214.00"
al3,val,/home/ubuntu/hpproject/yolo/dataset/yolo/datasetm6c/images/val/0234.png,0,16-32,0.010179848410189152,ios,0.0003277770592831075,0.0,0.0,0.0003277770592831075,0.0,0.0,low_score,0,"212.04,221.24,272.37,247.89"
al3,val,/home/ubuntu/hpproject/yolo/dataset/yolo/datasetm6c/images/val/0234.png,1,16-32,0.0881851315498352,ios,1.0,0.0,0.0,1.0,0.0,0.0,low_score,0,"255.13,153.08,270.80,169.53"
al3,val,/home/ubuntu/hpproject/yolo/dataset/yolo/datasetm6c/images/val/0234.png,2,32-64,0.0,ios,0.0,0.0,0.0,0.0,0.0,0.0,no_response,0,"361.70,260.42,396.96,297.25"
al3,val,/home/ubuntu/hpproject/yolo/dataset/yolo/datasetm6c/images/val/0262.png,0,16-32,0.12001106142997742,ios,1.0,0.0,0.0,1.0,0.0,0.0,low_score,0,"309.00,219.00,345.00,249.00"
al3,val,/home/ubuntu/hpproject/yolo/dataset/yolo/datasetm6c/images/val/0262.png,2,32-64,0.12001106142997742,ios,0.8550240397453308,0.0,0.0,0.8550240397453308,0.0,0.0,low_score,0,"323.00,186.00,399.00,231.00"
al3,val,/home/ubuntu/hpproject/yolo/dataset/yolo/datasetm6c/images/val/0324.png,0,32-64,0.07023034244775772,ios,1.0,0.0,0.0,1.0,0.0,0.0,low_score,0,"216.00,230.00,251.00,269.00"
al3,val,/home/ubuntu/hpproject/yolo/dataset/yolo/datasetm6c/images/val/0349.png,0,16-32,0.012662702240049839,ios,1.0,0.0,0.0,1.0,0.0,0.0,low_score,0,"411.00,225.00,442.00,250.00"
al3,val,/home/ubuntu/hpproject/yolo/dataset/yolo/datasetm6c/images/val/0351.png,1,>=64,0.35655900835990906,ios,1.0,0.1232551634311676,0.11490291357040405,1.0,0.1232551634311676,0.11490291357040405,regression_or_match_poor,0,"175.00,126.00,304.00,252.00"
al3,val,/home/ubuntu/hpproject/yolo/dataset/yolo/datasetm6c/images/val/0359.png,2,32-64,0.11058084666728973,ios,1.0,0.0,0.0,1.0,0.0,0.0,low_score,0,"245.00,225.00,281.00,252.00"
al3,val,/home/ubuntu/hpproject/yolo/dataset/yolo/datasetm6c/images/val/0359.png,3,16-32,0.1539117693901062,ios,1.0,0.0,0.0,1.0,0.0,0.0,low_score,0,"367.00,178.00,390.00,207.00"
al3,val,/home/ubuntu/hpproject/yolo/dataset/yolo/datasetm6c/images/val/0363.png,1,16-32,0.08935027569532394,ios,0.8602094054222107,0.0,0.0,0.8602094054222107,0.0,0.0,low_score,0,"185.00,118.00,209.00,168.00"
al3,val,/home/ubuntu/hpproject/yolo/dataset/yolo/datasetm6c/images/val/0363.png,2,32-64,0.6492133736610413,ios,0.7659562230110168,0.20474043488502502,0.01377884577959776,0.7659562230110168,0.20474043488502502,0.01377884577959776,postproc_filtered,0,"264.00,90.00,290.00,117.00"
al3,val,/home/ubuntu/hpproject/yolo/dataset/yolo/datasetm6c/images/val/0376.png,0,<16,0.0,ios,0.0,0.0,0.0,0.0,0.0,0.0,no_response,0,"423.00,339.00,436.00,384.00"
al3,val,/home/ubuntu/hpproject/yolo/dataset/yolo/datasetm6c/images/val/0376.png,1,16-32,0.0,ios,0.0,0.0,0.0,0.0,0.0,0.0,no_response,0,"456.00,174.00,473.00,212.00"
al3,val,/home/ubuntu/hpproject/yolo/dataset/yolo/datasetm6c/images/val/0376.png,3,16-32,0.11528684198856354,ios,1.0,0.0,0.0,1.0,0.0,0.0,low_score,0,"360.00,131.00,395.00,157.00"
al3,val,/home/ubuntu/hpproject/yolo/dataset/yolo/datasetm6c/images/val/0380.png,0,32-64,0.14313575625419617,ios,1.0,0.0,0.0,1.0,0.0,0.0,low_score,0,"330.00,350.00,376.00,383.00"
al3,val,/home/ubuntu/hpproject/yolo/dataset/yolo/datasetm6c/images/val/0380.png,1,32-64,0.014510280452668667,ios,1.0,0.0,0.0,1.0,0.0,0.0,low_score,0,"389.00,302.00,419.00,333.00"
al3,val,/home/ubuntu/hpproject/yolo/dataset/yolo/datasetm6c/images/val/0380.png,3,32-64,0.0,ios,0.0,0.0,0.0,0.0,0.0,0.0,no_response,0,"399.00,163.00,431.00,203.00"
al3,val,/home/ubuntu/hpproject/yolo/dataset/yolo/datasetm6c/images/val/0414.png,0,32-64,0.29686540365219116,ios,0.9952372312545776,0.0,0.0,0.9952372312545776,0.0,0.0,low_score,0,"398.58,233.47,442.18,314.29"
al3,val,/home/ubuntu/hpproject/yolo/dataset/yolo/datasetm6c/images/val/0428.png,0,16-32,0.0,ios,0.0,0.0,0.0,0.0,0.0,0.0,no_response,0,"206.00,154.00,227.00,179.00"
al3,val,/home/ubuntu/hpproject/yolo/dataset/yolo/datasetm6c/images/val/0428.png,1,32-64,0.0,ios,0.0,0.0,0.0,0.0,0.0,0.0,no_response,0,"223.00,172.00,251.00,237.00"
al3,val,/home/ubuntu/hpproject/yolo/dataset/yolo/datasetm6c/images/val/0433.png,0,32-64,0.0,ios,0.0,0.0,0.0,0.0,0.0,0.0,no_response,0,"286.00,326.00,332.00,374.00"
al3,val,/home/ubuntu/hpproject/yolo/dataset/yolo/datasetm6c/images/val/0433.png,1,32-64,0.015321807935833931,ios,0.8470271229743958,0.0,0.0,0.8470271229743958,0.0,0.0,low_score,0,"357.00,289.00,391.00,333.00"
al3,val,/home/ubuntu/hpproject/yolo/dataset/yolo/datasetm6c/images/val/0433.png,2,>=64,0.015321807935833931,ios,0.8950701951980591,0.0,0.0,0.8950701951980591,0.0,0.0,low_score,0,"344.00,198.00,423.00,294.00"
al3,val,/home/ubuntu/hpproject/yolo/dataset/yolo/datasetm6c/images/val/0433.png,3,32-64,0.0,ios,0.0,0.0,0.0,0.0,0.0,0.0,no_response,0,"272.00,146.00,305.00,177.00"
al3,val,/home/ubuntu/hpproject/yolo/dataset/yolo/datasetm6c/images/val/0433.png,5,16-32,0.0,ios,0.0,0.0,0.0,0.0,0.0,0.0,no_response,0,"291.00,112.00,314.00,138.00"
al3,val,/home/ubuntu/hpproject/yolo/dataset/yolo/datasetm6c/images/val/0433.png,6,32-64,0.05025913938879967,ios,1.0,0.0,0.0,1.0,0.0,0.0,low_score,0,"232.00,84.00,269.00,119.00"
al3,test,/home/ubuntu/hpproject/yolo/dataset/yolo/datasetm6c/images/test/0049.png,0,32-64,0.27518773078918457,ios,0.9233863353729248,0.0,0.0,0.9233863353729248,0.0,0.0,low_score,0,"135.00,177.00,237.00,203.00"
al3,test,/home/ubuntu/hpproject/yolo/dataset/yolo/datasetm6c/images/test/0127.png,1,32-64,0.6913124322891235,ios,0.8130397200584412,0.8130397200584412,0.8103782534599304,0.8130397200584412,0.8130397200584412,0.8103782534599304,regression_or_match_poor,0,"173.00,129.00,230.00,177.00"
al3,test,/home/ubuntu/hpproject/yolo/dataset/yolo/datasetm6c/images/test/0140.png,0,32-64,0.22903501987457275,ios,1.0,0.0,0.0,1.0,0.0,0.0,low_score,0,"324.00,143.00,355.00,183.00"
al3,test,/home/ubuntu/hpproject/yolo/dataset/yolo/datasetm6c/images/test/0149.png,1,32-64,0.6198592185974121,ios,0.02163279987871647,0.003719685599207878,0.0009230641881003976,0.02163279987871647,0.003719685599207878,0.0009230641881003976,regression_or_match_poor,0,"284.00,132.00,311.00,161.00"
al3,test,/home/ubuntu/hpproject/yolo/dataset/yolo/datasetm6c/images/test/0161.png,1,>=64,0.06887181848287582,ios,0.9593515396118164,0.0,0.0,0.9593515396118164,0.0,0.0,low_score,0,"150.00,88.00,208.00,150.00"
al3,test,/home/ubuntu/hpproject/yolo/dataset/yolo/datasetm6c/images/test/0193.png,1,32-64,0.8226208090782166,ios,1.0,0.33604294061660767,0.33604294061660767,1.0,0.33604294061660767,0.33604294061660767,regression_or_match_poor,0,"245.00,152.00,275.00,189.00"
al3,test,/home/ubuntu/hpproject/yolo/dataset/yolo/datasetm6c/images/test/0204.png,0,32-64,0.06603386998176575,ios,1.0,0.0,0.0,1.0,0.0,0.0,low_score,0,"246.00,149.00,288.00,207.00"
al3,test,/home/ubuntu/hpproject/yolo/dataset/yolo/datasetm6c/images/test/0213.png,0,32-64,0.2284160852432251,ios,1.0,0.0,0.0,1.0,0.0,0.0,low_score,0,"163.00,243.00,189.00,288.00"
al3,test,/home/ubuntu/hpproject/yolo/dataset/yolo/datasetm6c/images/test/0213.png,1,32-64,0.035516880452632904,ios,1.0,0.0,0.0,1.0,0.0,0.0,low_score,0,"119.00,230.00,154.00,290.00"
al3,test,/home/ubuntu/hpproject/yolo/dataset/yolo/datasetm6c/images/test/0218.png,0,>=64,0.803007185459137,ios,1.0,0.9797788262367249,0.9241019487380981,1.0,0.9797788262367249,0.9241019487380981,regression_or_match_poor,0,"183.00,130.00,260.00,178.00"
al3,test,/home/ubuntu/hpproject/yolo/dataset/yolo/datasetm6c/images/test/0232.png,1,32-64,0.0,ios,0.0,0.0,0.0,0.0,0.0,0.0,no_response,0,"391.47,235.35,422.03,316.05"
al3,test,/home/ubuntu/hpproject/yolo/dataset/yolo/datasetm6c/images/test/0241.png,0,32-64,0.10555718094110489,ios,0.9458333253860474,0.0,0.0,0.9458333253860474,0.0,0.0,low_score,0,"188.00,142.00,307.00,195.00"
al3,test,/home/ubuntu/hpproject/yolo/dataset/yolo/datasetm6c/images/test/0295.png,0,32-64,0.21528758108615875,ios,1.0,0.0,0.0,1.0,0.0,0.0,low_score,0,"303.00,134.00,358.00,175.00"
al3,test,/home/ubuntu/hpproject/yolo/dataset/yolo/datasetm6c/images/test/0299.png,0,32-64,0.013936012051999569,ios,0.9651882648468018,0.0,0.0,0.9651882648468018,0.0,0.0,low_score,0,"246.00,168.00,282.00,216.00"
al3,test,/home/ubuntu/hpproject/yolo/dataset/yolo/datasetm6c/images/test/0299.png,1,32-64,0.0,ios,0.0,0.0,0.0,0.0,0.0,0.0,no_response,0,"241.00,109.00,283.00,150.00"
al3,test,/home/ubuntu/hpproject/yolo/dataset/yolo/datasetm6c/images/test/0299.png,2,32-64,0.283387690782547,ios,1.0,0.0,0.0,1.0,0.0,0.0,low_score,0,"450.00,388.00,505.00,442.00"
al3,test,/home/ubuntu/hpproject/yolo/dataset/yolo/datasetm6c/images/test/0308.png,0,32-64,0.0,ios,0.0,0.0,0.0,0.0,0.0,0.0,no_response,0,"201.00,159.00,239.00,214.00"
al3,test,/home/ubuntu/hpproject/yolo/dataset/yolo/datasetm6c/images/test/0308.png,1,16-32,0.0,ios,0.0,0.0,0.0,0.0,0.0,0.0,no_response,0,"197.00,120.00,217.00,142.00"
al3,test,/home/ubuntu/hpproject/yolo/dataset/yolo/datasetm6c/images/test/0340.png,0,<16,0.11634700745344162,ios,1.0,0.0,0.0,1.0,0.0,0.0,low_score,0,"225.00,357.00,239.00,376.00"
al3,test,/home/ubuntu/hpproject/yolo/dataset/yolo/datasetm6c/images/test/0340.png,2,16-32,0.0,ios,0.0,0.0,0.0,0.0,0.0,0.0,no_response,0,"227.96,250.75,246.03,270.45"
al3,test,/home/ubuntu/hpproject/yolo/dataset/yolo/datasetm6c/images/test/0365.png,1,32-64,0.4911796748638153,ios,0.9070554971694946,0.8501384854316711,0.80738765001297,0.9070554971694946,0.8501384854316711,0.80738765001297,regression_or_match_poor,0,"146.00,141.00,180.00,180.00"
al3,test,/home/ubuntu/hpproject/yolo/dataset/yolo/datasetm6c/images/test/0374.png,0,32-64,0.2629568874835968,ios,1.0,0.0,0.0,1.0,0.0,0.0,low_score,0,"290.00,192.00,350.00,220.00"
al3,test,/home/ubuntu/hpproject/yolo/dataset/yolo/datasetm6c/images/test/0374.png,1,32-64,0.19069024920463562,ios,1.0,0.0,0.0,1.0,0.0,0.0,low_score,0,"351.00,143.00,390.00,196.00"
al3,test,/home/ubuntu/hpproject/yolo/dataset/yolo/datasetm6c/images/test/0378.png,1,32-64,0.1352899670600891,ios,0.9524521231651306,0.0,0.0,0.9524521231651306,0.0,0.0,low_score,0,"263.00,327.00,313.00,359.00"
al3,test,/home/ubuntu/hpproject/yolo/dataset/yolo/datasetm6c/images/test/0407.png,0,16-32,0.050032470375299454,ios,0.16448865830898285,0.0,0.0,0.16448865830898285,0.0,0.0,low_score,0,"167.00,328.00,190.00,354.00"
al3,test,/home/ubuntu/hpproject/yolo/dataset/yolo/datasetm6c/images/test/0419.png,0,32-64,0.12759838998317719,ios,0.8584239482879639,0.0,0.0,0.8584239482879639,0.0,0.0,low_score,0,"139.42,142.89,183.31,203.62"
al3,test,/home/ubuntu/hpproject/yolo/dataset/yolo/datasetm6c/images/test/0419.png,1,32-64,0.18283137679100037,ios,0.7684704065322876,0.0,0.0,0.7684704065322876,0.0,0.0,low_score,0,"188.44,172.89,233.80,208.01"
al3,test,/home/ubuntu/hpproject/yolo/dataset/yolo/datasetm6c/images/test/0423.png,2,16-32,0.26895079016685486,ios,1.0,0.0,0.0,1.0,0.0,0.0,low_score,0,"95.00,275.00,116.00,302.00"
al3,test,/home/ubuntu/hpproject/yolo/dataset/yolo/datasetm6c/images/test/0423.png,5,32-64,0.667067289352417,ios,0.947720468044281,0.1085067093372345,0.056293338537216187,0.947720468044281,0.1085067093372345,0.056293338537216187,regression_or_match_poor,0,"228.00,97.00,263.00,123.00"
al3,test,/home/ubuntu/hpproject/yolo/dataset/yolo/datasetm6c/images/test/0426.png,0,16-32,0.13095128536224365,ios,0.9901507496833801,0.0,0.0,0.9901507496833801,0.0,0.0,low_score,0,"248.00,324.00,271.00,345.00"
al3,test,/home/ubuntu/hpproject/yolo/dataset/yolo/datasetm6c/images/test/0426.png,2,32-64,0.7711600661277771,ios,1.0,0.5112143158912659,0.4923759698867798,1.0,0.5112143158912659,0.4923759698867798,regression_or_match_poor,0,"190.00,260.00,237.00,295.00"
al3,test,/home/ubuntu/hpproject/yolo/dataset/yolo/datasetm6c/images/test/0426.png,4,32-64,0.08631303906440735,ios,0.7820560336112976,0.0,0.0,0.7820560336112976,0.0,0.0,low_score,0,"234.00,147.00,271.00,176.00"
al3,test,/home/ubuntu/hpproject/yolo/dataset/yolo/datasetm6c/images/test/0426.png,6,16-32,0.09046022593975067,ios,1.0,0.0,0.0,1.0,0.0,0.0,low_score,0,"214.00,126.00,235.00,159.00"
al3,test,/home/ubuntu/hpproject/yolo/dataset/yolo/datasetm6c/images/test/0426.png,7,32-64,0.189011350274086,ios,0.997954249382019,0.0,0.0,0.997954249382019,0.0,0.0,low_score,0,"281.00,122.00,312.00,158.00"
al3,test,/home/ubuntu/hpproject/yolo/dataset/yolo/datasetm6c/images/test/0426.png,8,32-64,0.189011350274086,ios,0.9845361113548279,0.0,0.0,0.9845361113548279,0.0,0.0,low_score,0,"248.00,108.00,285.00,138.00"
al3,test,/home/ubuntu/hpproject/yolo/dataset/yolo/datasetm6c/images/test/0426.png,9,32-64,0.1730482280254364,ios,0.9391130208969116,0.0,0.0,0.9391130208969116,0.0,0.0,low_score,0,"179.00,98.00,243.00,123.00"
al3,test,/home/ubuntu/hpproject/yolo/dataset/yolo/datasetm6c/images/test/0430.png,0,32-64,0.2892385423183441,ios,1.0,0.0,0.0,1.0,0.0,0.0,low_score,0,"194.00,163.00,254.00,189.00"
al3,test,/home/ubuntu/hpproject/yolo/dataset/yolo/datasetm6c/images/test/0432.png,2,32-64,0.030522555112838745,ios,1.0,0.0,0.0,1.0,0.0,0.0,low_score,0,"385.00,143.00,414.00,197.00"
al3,test,/home/ubuntu/hpproject/yolo/dataset/yolo/datasetm6c/images/test/0432.png,4,16-32,0.03271865472197533,ios,0.6916255354881287,0.0,0.0,0.6916255354881287,0.0,0.0,low_score,0,"340.00,102.00,364.00,133.00"
al3,test,/home/ubuntu/hpproject/yolo/dataset/yolo/datasetm6c/images/test/0436.png,0,32-64,0.0,ios,0.0,0.0,0.0,0.0,0.0,0.0,no_response,0,"135.00,286.00,174.00,328.00"
al3,test,/home/ubuntu/hpproject/yolo/dataset/yolo/datasetm6c/images/test/0450.png,1,32-64,0.0,ios,0.0,0.0,0.0,0.0,0.0,0.0,no_response,0,"207.00,119.00,282.00,154.00"
al2,val,/home/ubuntu/hpproject/yolo/dataset/yolo/datasetm6c/images/val/0021.png,0,32-64,0.0770198330283165,ios,0.9222709536552429,0.0,0.0,0.9222709536552429,0.0,0.0,low_score,0,"233.00,94.00,273.00,157.00"
al2,val,/home/ubuntu/hpproject/yolo/dataset/yolo/datasetm6c/images/val/0051.png,0,32-64,0.07893673330545425,ios,1.0,0.0,0.0,1.0,0.0,0.0,low_score,0,"95.18,101.68,124.81,167.58"
al2,val,/home/ubuntu/hpproject/yolo/dataset/yolo/datasetm6c/images/val/0051.png,2,32-64,0.27453455328941345,ios,1.0,0.0,0.0,1.0,0.0,0.0,low_score,0,"148.39,67.22,174.99,99.26"
al2,val,/home/ubuntu/hpproject/yolo/dataset/yolo/datasetm6c/images/val/0055.png,0,>=64,0.1966770589351654,ios,1.0,0.0,0.0,1.0,0.0,0.0,low_score,0,"122.00,134.00,191.00,199.00"
al2,val,/home/ubuntu/hpproject/yolo/dataset/yolo/datasetm6c/images/val/0055.png,1,>=64,0.12341532856225967,ios,1.0,0.0,0.0,1.0,0.0,0.0,low_score,0,"151.00,65.00,211.00,117.00"
al2,val,/home/ubuntu/hpproject/yolo/dataset/yolo/datasetm6c/images/val/0066.png,1,16-32,0.0,ios,0.0,0.0,0.0,0.0,0.0,0.0,no_response,0,"178.00,160.00,197.00,203.00"
al2,val,/home/ubuntu/hpproject/yolo/dataset/yolo/datasetm6c/images/val/0066.png,3,16-32,0.10054776817560196,ios,1.0,0.0,0.0,1.0,0.0,0.0,low_score,0,"301.00,109.00,342.00,124.00"
al2,val,/home/ubuntu/hpproject/yolo/dataset/yolo/datasetm6c/images/val/0068.png,1,32-64,0.0,ios,0.0,0.0,0.0,0.0,0.0,0.0,no_response,0,"124.00,211.00,155.00,235.00"
al2,val,/home/ubuntu/hpproject/yolo/dataset/yolo/datasetm6c/images/val/0068.png,2,32-64,0.0,ios,0.0,0.0,0.0,0.0,0.0,0.0,no_response,0,"245.00,204.00,283.00,244.00"
al2,val,/home/ubuntu/hpproject/yolo/dataset/yolo/datasetm6c/images/val/0069.png,0,16-32,0.19806241989135742,ios,1.0,0.0,0.0,1.0,0.0,0.0,low_score,0,"246.72,163.93,276.55,179.99"
al2,val,/home/ubuntu/hpproject/yolo/dataset/yolo/datasetm6c/images/val/0069.png,1,32-64,0.024432875216007233,ios,1.0,0.0,0.0,1.0,0.0,0.0,low_score,0,"213.83,122.63,243.66,150.93"
al2,val,/home/ubuntu/hpproject/yolo/dataset/yolo/datasetm6c/images/val/0069.png,2,16-32,0.16017113626003265,ios,1.0,0.0,0.0,1.0,0.0,0.0,low_score,0,"145.00,243.47,169.47,271.77"
al2,val,/home/ubuntu/hpproject/yolo/dataset/yolo/datasetm6c/images/val/0069.png,3,16-32,0.2112344354391098,ios,0.9573045969009399,0.0,0.0,0.9573045969009399,0.0,0.0,low_score,0,"421.86,195.29,438.68,225.88"
al2,val,/home/ubuntu/hpproject/yolo/dataset/yolo/datasetm6c/images/val/0072.png,0,16-32,0.1872742921113968,ios,1.0,0.0,0.0,1.0,0.0,0.0,low_score,0,"222.00,150.00,241.00,164.00"
al2,val,/home/ubuntu/hpproject/yolo/dataset/yolo/datasetm6c/images/val/0072.png,1,32-64,0.25149381160736084,ios,1.0,0.0,0.0,1.0,0.0,0.0,low_score,0,"163.00,192.00,201.00,221.00"
al2,val,/home/ubuntu/hpproject/yolo/dataset/yolo/datasetm6c/images/val/0105.png,0,32-64,0.079944908618927,ios,1.0,0.0,0.0,1.0,0.0,0.0,low_score,0,"145.00,170.00,205.00,198.00"
al2,val,/home/ubuntu/hpproject/yolo/dataset/yolo/datasetm6c/images/val/0105.png,1,32-64,0.2756049633026123,ios,0.9893139004707336,0.0,0.0,0.9893139004707336,0.0,0.0,low_score,0,"171.00,83.00,210.00,139.00"
al2,val,/home/ubuntu/hpproject/yolo/dataset/yolo/datasetm6c/images/val/0143.png,0,>=64,0.2956654727458954,ios,1.0,0.0,0.0,1.0,0.0,0.0,low_score,0,"94.00,275.00,315.00,346.00"
al2,val,/home/ubuntu/hpproject/yolo/dataset/yolo/datasetm6c/images/val/0143.png,1,>=64,0.2956654727458954,ios,1.0,0.0,0.0,1.0,0.0,0.0,low_score,0,"271.00,247.00,318.00,294.00"
al2,val,/home/ubuntu/hpproject/yolo/dataset/yolo/datasetm6c/images/val/0144.png,0,32-64,0.023481551557779312,ios,1.0,0.0,0.0,1.0,0.0,0.0,low_score,0,"312.00,269.00,350.00,305.00"
al2,val,/home/ubuntu/hpproject/yolo/dataset/yolo/datasetm6c/images/val/0172.png,0,32-64,0.5234223008155823,ios,1.0,0.010731537826359272,0.0038392592687159777,1.0,0.010731537826359272,0.0038392592687159777,regression_or_match_poor,0,"271.00,159.00,317.00,216.00"
al2,val,/home/ubuntu/hpproject/yolo/dataset/yolo/datasetm6c/images/val/0188.png,1,32-64,0.1057313084602356,ios,1.0,0.0,0.0,1.0,0.0,0.0,low_score,0,"293.00,111.00,340.00,184.00"
al2,val,/home/ubuntu/hpproject/yolo/dataset/yolo/datasetm6c/images/val/0221.png,1,16-32,0.1866292655467987,ios,1.0,0.0,0.0,1.0,0.0,0.0,low_score,0,"164.00,236.00,191.00,257.00"
al2,val,/home/ubuntu/hpproject/yolo/dataset/yolo/datasetm6c/images/val/0221.png,2,16-32,0.45382311940193176,ios,1.0,1.0,1.0,1.0,1.0,1.0,regression_or_match_poor,0,"200.00,229.00,243.00,251.00"
al2,val,/home/ubuntu/hpproject/yolo/dataset/yolo/datasetm6c/images/val/0221.png,3,>=64,0.32763826847076416,ios,0.8221887350082397,0.06966176629066467,0.0,0.8221887350082397,0.06966176629066467,0.0,regression_or_match_poor,0,"263.00,200.00,331.00,285.00"
al2,val,/home/ubuntu/hpproject/yolo/dataset/yolo/datasetm6c/images/val/0221.png,4,32-64,0.5853825211524963,ios,1.0,0.9704727530479431,0.5048117637634277,1.0,0.9704727530479431,0.5048117637634277,regression_or_match_poor,0,"232.00,144.00,283.00,195.00"
al2,val,/home/ubuntu/hpproject/yolo/dataset/yolo/datasetm6c/images/val/0234.png,0,16-32,0.02139492891728878,ios,0.007378054782748222,0.0,0.0,0.007378054782748222,0.0,0.0,low_score,0,"212.04,221.24,272.37,247.89"
al2,val,/home/ubuntu/hpproject/yolo/dataset/yolo/datasetm6c/images/val/0234.png,1,16-32,0.13276918232440948,ios,1.0,0.0,0.0,1.0,0.0,0.0,low_score,0,"255.13,153.08,270.80,169.53"
al2,val,/home/ubuntu/hpproject/yolo/dataset/yolo/datasetm6c/images/val/0234.png,2,32-64,0.0,ios,0.0,0.0,0.0,0.0,0.0,0.0,no_response,0,"361.70,260.42,396.96,297.25"
al2,val,/home/ubuntu/hpproject/yolo/dataset/yolo/datasetm6c/images/val/0262.png,0,16-32,0.2421077936887741,ios,1.0,0.0,0.0,1.0,0.0,0.0,low_score,0,"309.00,219.00,345.00,249.00"
al2,val,/home/ubuntu/hpproject/yolo/dataset/yolo/datasetm6c/images/val/0262.png,1,16-32,0.2421077936887741,ios,1.0,0.0,0.0,1.0,0.0,0.0,low_score,0,"246.00,193.00,280.00,217.00"
al2,val,/home/ubuntu/hpproject/yolo/dataset/yolo/datasetm6c/images/val/0262.png,2,32-64,0.2421077936887741,ios,0.968656063079834,0.0,0.0,0.968656063079834,0.0,0.0,low_score,0,"323.00,186.00,399.00,231.00"
al2,val,/home/ubuntu/hpproject/yolo/dataset/yolo/datasetm6c/images/val/0324.png,0,32-64,0.1177404522895813,ios,1.0,0.0,0.0,1.0,0.0,0.0,low_score,0,"216.00,230.00,251.00,269.00"
al2,val,/home/ubuntu/hpproject/yolo/dataset/yolo/datasetm6c/images/val/0349.png,0,16-32,0.054913900792598724,ios,1.0,0.0,0.0,1.0,0.0,0.0,low_score,0,"411.00,225.00,442.00,250.00"
al2,val,/home/ubuntu/hpproject/yolo/dataset/yolo/datasetm6c/images/val/0359.png,0,32-64,0.13998891413211823,ios,1.0,0.0,0.0,1.0,0.0,0.0,low_score,0,"177.00,290.00,235.00,322.00"
al2,val,/home/ubuntu/hpproject/yolo/dataset/yolo/datasetm6c/images/val/0359.png,2,32-64,0.0,ios,0.0,0.0,0.0,0.0,0.0,0.0,no_response,0,"245.00,225.00,281.00,252.00"
al2,val,/home/ubuntu/hpproject/yolo/dataset/yolo/datasetm6c/images/val/0359.png,3,16-32,0.13673114776611328,ios,1.0,0.0,0.0,1.0,0.0,0.0,low_score,0,"367.00,178.00,390.00,207.00"
al2,val,/home/ubuntu/hpproject/yolo/dataset/yolo/datasetm6c/images/val/0359.png,4,32-64,0.1711353063583374,ios,1.0,0.0,0.0,1.0,0.0,0.0,low_score,0,"238.00,81.00,284.00,107.00"
al2,val,/home/ubuntu/hpproject/yolo/dataset/yolo/datasetm6c/images/val/0363.png,1,16-32,0.26150014996528625,ios,0.938265323638916,0.0,0.0,0.938265323638916,0.0,0.0,low_score,0,"185.00,118.00,209.00,168.00"
al2,val,/home/ubuntu/hpproject/yolo/dataset/yolo/datasetm6c/images/val/0363.png,2,32-64,0.39324620366096497,ios,1.0,0.11512479931116104,0.04406850412487984,1.0,0.11512479931116104,0.04406850412487984,regression_or_match_poor,0,"264.00,90.00,290.00,117.00"
al2,val,/home/ubuntu/hpproject/yolo/dataset/yolo/datasetm6c/images/val/0371.png,3,32-64,0.2585237920284271,ios,0.9865120649337769,0.0,0.0,0.9865120649337769,0.0,0.0,low_score,0,"255.00,144.00,330.00,188.00"
al2,val,/home/ubuntu/hpproject/yolo/dataset/yolo/datasetm6c/images/val/0376.png,0,<16,0.0,ios,0.0,0.0,0.0,0.0,0.0,0.0,no_response,0,"423.00,339.00,436.00,384.00"
al2,val,/home/ubuntu/hpproject/yolo/dataset/yolo/datasetm6c/images/val/0376.png,1,16-32,0.014244979247450829,ios,1.0,0.0,0.0,1.0,0.0,0.0,low_score,0,"456.00,174.00,473.00,212.00"
al2,val,/home/ubuntu/hpproject/yolo/dataset/yolo/datasetm6c/images/val/0376.png,3,16-32,0.09850519895553589,ios,1.0,0.0,0.0,1.0,0.0,0.0,low_score,0,"360.00,131.00,395.00,157.00"
al2,val,/home/ubuntu/hpproject/yolo/dataset/yolo/datasetm6c/images/val/0380.png,1,32-64,0.0,ios,0.0,0.0,0.0,0.0,0.0,0.0,no_response,0,"389.00,302.00,419.00,333.00"
al2,val,/home/ubuntu/hpproject/yolo/dataset/yolo/datasetm6c/images/val/0380.png,3,32-64,0.011204171925783157,ios,0.8274523019790649,0.0,0.0,0.8274523019790649,0.0,0.0,low_score,0,"399.00,163.00,431.00,203.00"
al2,val,/home/ubuntu/hpproject/yolo/dataset/yolo/datasetm6c/images/val/0380.png,4,16-32,0.023612290620803833,ios,1.0,0.0,0.0,1.0,0.0,0.0,low_score,0,"356.00,130.00,379.00,161.00"
al2,val,/home/ubuntu/hpproject/yolo/dataset/yolo/datasetm6c/images/val/0403.png,0,>=64,0.08651185780763626,ios,0.9955021142959595,0.0,0.0,0.9955021142959595,0.0,0.0,low_score,0,"268.00,198.00,337.00,261.00"
al2,val,/home/ubuntu/hpproject/yolo/dataset/yolo/datasetm6c/images/val/0428.png,0,16-32,0.0,ios,0.0,0.0,0.0,0.0,0.0,0.0,no_response,0,"206.00,154.00,227.00,179.00"
al2,val,/home/ubuntu/hpproject/yolo/dataset/yolo/datasetm6c/images/val/0428.png,1,32-64,0.01300374697893858,ios,0.6351932287216187,0.0,0.0,0.6351932287216187,0.0,0.0,low_score,0,"223.00,172.00,251.00,237.00"
al2,val,/home/ubuntu/hpproject/yolo/dataset/yolo/datasetm6c/images/val/0433.png,0,32-64,0.0,ios,0.0,0.0,0.0,0.0,0.0,0.0,no_response,0,"286.00,326.00,332.00,374.00"
al2,val,/home/ubuntu/hpproject/yolo/dataset/yolo/datasetm6c/images/val/0433.png,1,32-64,0.0,ios,0.0,0.0,0.0,0.0,0.0,0.0,no_response,0,"357.00,289.00,391.00,333.00"
al2,val,/home/ubuntu/hpproject/yolo/dataset/yolo/datasetm6c/images/val/0433.png,2,>=64,0.0,ios,0.0,0.0,0.0,0.0,0.0,0.0,no_response,0,"344.00,198.00,423.00,294.00"
al2,val,/home/ubuntu/hpproject/yolo/dataset/yolo/datasetm6c/images/val/0433.png,3,32-64,0.0,ios,0.0,0.0,0.0,0.0,0.0,0.0,no_response,0,"272.00,146.00,305.00,177.00"
al2,val,/home/ubuntu/hpproject/yolo/dataset/yolo/datasetm6c/images/val/0433.png,5,16-32,0.22218836843967438,ios,1.0,0.0,0.0,1.0,0.0,0.0,low_score,0,"291.00,112.00,314.00,138.00"
al2,val,/home/ubuntu/hpproject/yolo/dataset/yolo/datasetm6c/images/val/0433.png,6,32-64,0.12345290184020996,ios,1.0,0.0,0.0,1.0,0.0,0.0,low_score,0,"232.00,84.00,269.00,119.00"
al2,test,/home/ubuntu/hpproject/yolo/dataset/yolo/datasetm6c/images/test/0112.png,1,32-64,0.6170467138290405,ios,1.0,0.001424637041054666,0.0,1.0,0.001424637041054666,0.0,regression_or_match_poor,0,"299.00,116.00,353.00,159.00"
al2,test,/home/ubuntu/hpproject/yolo/dataset/yolo/datasetm6c/images/test/0127.png,1,32-64,0.8033781051635742,ios,1.0,0.9524388313293457,0.9412870407104492,1.0,0.9524388313293457,0.9412870407104492,regression_or_match_poor,0,"173.00,129.00,230.00,177.00"
al2,test,/home/ubuntu/hpproject/yolo/dataset/yolo/datasetm6c/images/test/0140.png,0,32-64,0.28355494141578674,ios,1.0,0.0,0.0,1.0,0.0,0.0,low_score,0,"324.00,143.00,355.00,183.00"
al2,test,/home/ubuntu/hpproject/yolo/dataset/yolo/datasetm6c/images/test/0140.png,1,32-64,0.2950781285762787,ios,1.0,0.0,0.0,1.0,0.0,0.0,low_score,0,"234.00,82.00,279.00,155.00"
al2,test,/home/ubuntu/hpproject/yolo/dataset/yolo/datasetm6c/images/test/0149.png,1,32-64,0.4761745035648346,ios,1.0,0.008983230218291283,2.0905570636386983e-05,1.0,0.008983230218291283,2.0905570636386983e-05,regression_or_match_poor,0,"284.00,132.00,311.00,161.00"
al2,test,/home/ubuntu/hpproject/yolo/dataset/yolo/datasetm6c/images/test/0161.png,1,>=64,0.23585018515586853,ios,1.0,0.0,0.0,1.0,0.0,0.0,low_score,0,"150.00,88.00,208.00,150.00"
al2,test,/home/ubuntu/hpproject/yolo/dataset/yolo/datasetm6c/images/test/0171.png,1,32-64,0.29482924938201904,ios,1.0,0.0,0.0,1.0,0.0,0.0,low_score,0,"204.00,241.00,301.00,283.00"
al2,test,/home/ubuntu/hpproject/yolo/dataset/yolo/datasetm6c/images/test/0171.png,2,32-64,0.29482924938201904,ios,1.0,0.0,0.0,1.0,0.0,0.0,low_score,0,"179.00,221.00,240.00,253.00"
al2,test,/home/ubuntu/hpproject/yolo/dataset/yolo/datasetm6c/images/test/0173.png,1,32-64,0.15682171285152435,ios,1.0,0.0,0.0,1.0,0.0,0.0,low_score,0,"261.00,102.00,299.00,151.00"
al2,test,/home/ubuntu/hpproject/yolo/dataset/yolo/datasetm6c/images/test/0193.png,1,32-64,0.8632968664169312,ios,1.0,0.3181563913822174,0.2591637074947357,1.0,0.3181563913822174,0.2591637074947357,regression_or_match_poor,0,"245.00,152.00,275.00,189.00"
al2,test,/home/ubuntu/hpproject/yolo/dataset/yolo/datasetm6c/images/test/0204.png,0,32-64,0.14032474160194397,ios,1.0,0.0,0.0,1.0,0.0,0.0,low_score,0,"246.00,149.00,288.00,207.00"
al2,test,/home/ubuntu/hpproject/yolo/dataset/yolo/datasetm6c/images/test/0213.png,0,32-64,0.1652960181236267,ios,0.9916639924049377,0.0,0.0,0.9916639924049377,0.0,0.0,low_score,0,"163.00,243.00,189.00,288.00"
al2,test,/home/ubuntu/hpproject/yolo/dataset/yolo/datasetm6c/images/test/0213.png,1,32-64,0.0,ios,0.0,0.0,0.0,0.0,0.0,0.0,no_response,0,"119.00,230.00,154.00,290.00"
al2,test,/home/ubuntu/hpproject/yolo/dataset/yolo/datasetm6c/images/test/0218.png,1,32-64,0.264504998922348,ios,1.0,0.0,0.0,1.0,0.0,0.0,low_score,0,"131.00,94.00,289.00,120.00"
al2,test,/home/ubuntu/hpproject/yolo/dataset/yolo/datasetm6c/images/test/0232.png,0,16-32,0.11961516737937927,ios,1.0,0.0,0.0,1.0,0.0,0.0,low_score,0,"375.80,154.64,402.44,191.47"
al2,test,/home/ubuntu/hpproject/yolo/dataset/yolo/datasetm6c/images/test/0232.png,1,32-64,0.0,ios,0.0,0.0,0.0,0.0,0.0,0.0,no_response,0,"391.47,235.35,422.03,316.05"
al2,test,/home/ubuntu/hpproject/yolo/dataset/yolo/datasetm6c/images/test/0258.png,0,16-32,0.19870279729366302,ios,1.0,0.0,0.0,1.0,0.0,0.0,low_score,0,"394.00,266.00,422.00,316.00"
al2,test,/home/ubuntu/hpproject/yolo/dataset/yolo/datasetm6c/images/test/0295.png,0,32-64,0.21892324090003967,ios,1.0,0.0,0.0,1.0,0.0,0.0,low_score,0,"303.00,134.00,358.00,175.00"
al2,test,/home/ubuntu/hpproject/yolo/dataset/yolo/datasetm6c/images/test/0299.png,0,32-64,0.07380056381225586,ios,0.9431373476982117,0.0,0.0,0.9431373476982117,0.0,0.0,low_score,0,"246.00,168.00,282.00,216.00"
al2,test,/home/ubuntu/hpproject/yolo/dataset/yolo/datasetm6c/images/test/0299.png,1,32-64,0.0,ios,0.0,0.0,0.0,0.0,0.0,0.0,no_response,0,"241.00,109.00,283.00,150.00"
al2,test,/home/ubuntu/hpproject/yolo/dataset/yolo/datasetm6c/images/test/0299.png,2,32-64,0.11893253028392792,ios,0.9426789879798889,0.0,0.0,0.9426789879798889,0.0,0.0,low_score,0,"450.00,388.00,505.00,442.00"
al2,test,/home/ubuntu/hpproject/yolo/dataset/yolo/datasetm6c/images/test/0308.png,0,32-64,0.0,ios,0.0,0.0,0.0,0.0,0.0,0.0,no_response,0,"201.00,159.00,239.00,214.00"
al2,test,/home/ubuntu/hpproject/yolo/dataset/yolo/datasetm6c/images/test/0308.png,1,16-32,0.0,ios,0.0,0.0,0.0,0.0,0.0,0.0,no_response,0,"197.00,120.00,217.00,142.00"
al2,test,/home/ubuntu/hpproject/yolo/dataset/yolo/datasetm6c/images/test/0340.png,0,<16,0.16545774042606354,ios,1.0,0.0,0.0,1.0,0.0,0.0,low_score,0,"225.00,357.00,239.00,376.00"
al2,test,/home/ubuntu/hpproject/yolo/dataset/yolo/datasetm6c/images/test/0340.png,1,16-32,0.20341238379478455,ios,1.0,0.0,0.0,1.0,0.0,0.0,low_score,0,"331.42,346.81,349.48,377.19"
al2,test,/home/ubuntu/hpproject/yolo/dataset/yolo/datasetm6c/images/test/0340.png,2,16-32,0.025820251554250717,ios,0.292318731546402,0.0,0.0,0.292318731546402,0.0,0.0,low_score,0,"227.96,250.75,246.03,270.45"
al2,test,/home/ubuntu/hpproject/yolo/dataset/yolo/datasetm6c/images/test/0344.png,1,32-64,0.29154476523399353,ios,1.0,0.0,0.0,1.0,0.0,0.0,low_score,0,"260.00,376.00,297.00,404.00"
al2,test,/home/ubuntu/hpproject/yolo/dataset/yolo/datasetm6c/images/test/0362.png,0,32-64,0.10642414540052414,ios,1.0,0.0,0.0,1.0,0.0,0.0,low_score,0,"170.04,131.12,197.43,169.20"
al2,test,/home/ubuntu/hpproject/yolo/dataset/yolo/datasetm6c/images/test/0365.png,1,32-64,0.554089367389679,ios,0.9492026567459106,0.8128945827484131,0.8128945827484131,0.9492026567459106,0.8128945827484131,0.8128945827484131,regression_or_match_poor,0,"146.00,141.00,180.00,180.00"
al2,test,/home/ubuntu/hpproject/yolo/dataset/yolo/datasetm6c/images/test/0365.png,2,>=64,0.27354878187179565,ios,1.0,0.0,0.0,1.0,0.0,0.0,low_score,0,"188.00,75.00,264.00,132.00"
al2,test,/home/ubuntu/hpproject/yolo/dataset/yolo/datasetm6c/images/test/0374.png,1,32-64,0.42136475443840027,ios,1.0,0.9810485243797302,0.9541205167770386,1.0,0.9810485243797302,0.9541205167770386,regression_or_match_poor,0,"351.00,143.00,390.00,196.00"
al2,test,/home/ubuntu/hpproject/yolo/dataset/yolo/datasetm6c/images/test/0378.png,1,32-64,0.2046506255865097,ios,1.0,0.0,0.0,1.0,0.0,0.0,low_score,0,"263.00,327.00,313.00,359.00"
al2,test,/home/ubuntu/hpproject/yolo/dataset/yolo/datasetm6c/images/test/0378.png,2,32-64,0.1965799480676651,ios,0.9637796878814697,0.0,0.0,0.9637796878814697,0.0,0.0,low_score,0,"335.00,309.00,380.00,355.00"
al2,test,/home/ubuntu/hpproject/yolo/dataset/yolo/datasetm6c/images/test/0378.png,4,16-32,0.6553968787193298,ios,1.0,1.0,0.3441450297832489,1.0,1.0,0.3441450297832489,regression_or_match_poor,0,"296.00,190.00,323.00,216.00"
al2,test,/home/ubuntu/hpproject/yolo/dataset/yolo/datasetm6c/images/test/0407.png,0,16-32,0.044706135988235474,ios,0.1491709202528,0.0,0.0,0.1491709202528,0.0,0.0,low_score,0,"167.00,328.00,190.00,354.00"
al2,test,/home/ubuntu/hpproject/yolo/dataset/yolo/datasetm6c/images/test/0411.png,0,32-64,0.03259286284446716,ios,1.0,0.0,0.0,1.0,0.0,0.0,low_score,0,"379.00,315.00,436.00,370.00"
al2,test,/home/ubuntu/hpproject/yolo/dataset/yolo/datasetm6c/images/test/0419.png,0,32-64,0.0852656438946724,ios,0.9476426243782043,0.0,0.0,0.9476426243782043,0.0,0.0,low_score,0,"139.42,142.89,183.31,203.62"
al2,test,/home/ubuntu/hpproject/yolo/dataset/yolo/datasetm6c/images/test/0419.png,1,32-64,0.05687385052442551,ios,0.6168388724327087,0.0,0.0,0.6168388724327087,0.0,0.0,low_score,0,"188.44,172.89,233.80,208.01"
al2,test,/home/ubuntu/hpproject/yolo/dataset/yolo/datasetm6c/images/test/0423.png,1,16-32,0.2929263412952423,ios,1.0,0.0,0.0,1.0,0.0,0.0,low_score,0,"124.00,320.00,144.00,344.00"
al2,test,/home/ubuntu/hpproject/yolo/dataset/yolo/datasetm6c/images/test/0423.png,2,16-32,0.11498521268367767,ios,1.0,0.0,0.0,1.0,0.0,0.0,low_score,0,"95.00,275.00,116.00,302.00"
al2,test,/home/ubuntu/hpproject/yolo/dataset/yolo/datasetm6c/images/test/0423.png,4,32-64,0.7596338987350464,ios,1.0,0.8090192675590515,0.6445398330688477,1.0,0.8090192675590515,0.6445398330688477,regression_or_match_poor,0,"266.00,116.00,302.00,147.00"
al2,test,/home/ubuntu/hpproject/yolo/dataset/yolo/datasetm6c/images/test/0423.png,5,32-64,0.6166338920593262,ios,1.0,0.07710403949022293,0.0,1.0,0.07710403949022293,0.0,regression_or_match_poor,0,"228.00,97.00,263.00,123.00"
al2,test,/home/ubuntu/hpproject/yolo/dataset/yolo/datasetm6c/images/test/0426.png,2,32-64,0.6189171671867371,ios,1.0,0.6205185651779175,0.5543745756149292,1.0,0.6205185651779175,0.5543745756149292,regression_or_match_poor,0,"190.00,260.00,237.00,295.00"
al2,test,/home/ubuntu/hpproject/yolo/dataset/yolo/datasetm6c/images/test/0426.png,3,32-64,0.22850602865219116,ios,1.0,0.0,0.0,1.0,0.0,0.0,low_score,0,"185.00,194.00,253.00,227.00"
al2,test,/home/ubuntu/hpproject/yolo/dataset/yolo/datasetm6c/images/test/0426.png,4,32-64,0.22850602865219116,ios,1.0,0.0,0.0,1.0,0.0,0.0,low_score,0,"234.00,147.00,271.00,176.00"
al2,test,/home/ubuntu/hpproject/yolo/dataset/yolo/datasetm6c/images/test/0426.png,5,16-32,0.1674175262451172,ios,1.0,0.0,0.0,1.0,0.0,0.0,low_score,0,"166.00,141.00,195.00,158.00"
al2,test,/home/ubuntu/hpproject/yolo/dataset/yolo/datasetm6c/images/test/0426.png,6,16-32,0.21422944962978363,ios,1.0,0.0,0.0,1.0,0.0,0.0,low_score,0,"214.00,126.00,235.00,159.00"
al2,test,/home/ubuntu/hpproject/yolo/dataset/yolo/datasetm6c/images/test/0426.png,7,32-64,0.20229482650756836,ios,1.0,0.0,0.0,1.0,0.0,0.0,low_score,0,"281.00,122.00,312.00,158.00"
al2,test,/home/ubuntu/hpproject/yolo/dataset/yolo/datasetm6c/images/test/0426.png,8,32-64,0.20229482650756836,ios,1.0,0.0,0.0,1.0,0.0,0.0,low_score,0,"248.00,108.00,285.00,138.00"
al2,test,/home/ubuntu/hpproject/yolo/dataset/yolo/datasetm6c/images/test/0426.png,9,32-64,0.11215904355049133,ios,1.0,0.0,0.0,1.0,0.0,0.0,low_score,0,"179.00,98.00,243.00,123.00"
al2,test,/home/ubuntu/hpproject/yolo/dataset/yolo/datasetm6c/images/test/0430.png,1,32-64,0.07652176916599274,ios,1.0,0.0,0.0,1.0,0.0,0.0,low_score,0,"200.00,127.00,284.00,160.00"
al2,test,/home/ubuntu/hpproject/yolo/dataset/yolo/datasetm6c/images/test/0432.png,2,32-64,0.0493655763566494,ios,1.0,0.0,0.0,1.0,0.0,0.0,low_score,0,"385.00,143.00,414.00,197.00"
al2,test,/home/ubuntu/hpproject/yolo/dataset/yolo/datasetm6c/images/test/0432.png,4,16-32,0.016713133081793785,ios,0.7515405416488647,0.0,0.0,0.7515405416488647,0.0,0.0,low_score,0,"340.00,102.00,364.00,133.00"
al2,test,/home/ubuntu/hpproject/yolo/dataset/yolo/datasetm6c/images/test/0436.png,0,32-64,0.0144696906208992,ios,0.9501352310180664,0.0,0.0,0.9501352310180664,0.0,0.0,low_score,0,"135.00,286.00,174.00,328.00"
al2,test,/home/ubuntu/hpproject/yolo/dataset/yolo/datasetm6c/images/test/0450.png,1,32-64,0.021698353812098503,ios,0.8148874640464783,0.0,0.0,0.8148874640464783,0.0,0.0,low_score,0,"207.00,119.00,282.00,154.00"
al1,val,/home/ubuntu/hpproject/yolo/dataset/yolo/datasetm6c/images/val/0021.png,0,32-64,0.0,ios,0.0,0.0,0.0,0.0,0.0,0.0,no_response,0,"233.00,94.00,273.00,157.00"
al1,val,/home/ubuntu/hpproject/yolo/dataset/yolo/datasetm6c/images/val/0030.png,0,>=64,0.07231297343969345,ios,1.0,0.0,0.0,1.0,0.0,0.0,low_score,0,"126.00,192.00,375.00,308.00"
al1,val,/home/ubuntu/hpproject/yolo/dataset/yolo/datasetm6c/images/val/0051.png,0,32-64,0.03943252190947533,ios,0.7933688759803772,0.0,0.0,0.7933688759803772,0.0,0.0,low_score,0,"95.18,101.68,124.81,167.58"
al1,val,/home/ubuntu/hpproject/yolo/dataset/yolo/datasetm6c/images/val/0051.png,2,32-64,0.014870082028210163,ios,0.933195948600769,0.0,0.0,0.933195948600769,0.0,0.0,low_score,0,"148.39,67.22,174.99,99.26"
al1,val,/home/ubuntu/hpproject/yolo/dataset/yolo/datasetm6c/images/val/0066.png,1,16-32,0.0,ios,0.0,0.0,0.0,0.0,0.0,0.0,no_response,0,"178.00,160.00,197.00,203.00"
al1,val,/home/ubuntu/hpproject/yolo/dataset/yolo/datasetm6c/images/val/0068.png,2,32-64,0.0,ios,0.0,0.0,0.0,0.0,0.0,0.0,no_response,0,"245.00,204.00,283.00,244.00"
al1,val,/home/ubuntu/hpproject/yolo/dataset/yolo/datasetm6c/images/val/0069.png,0,16-32,0.14955145120620728,ios,0.9942508935928345,0.0,0.0,0.9942508935928345,0.0,0.0,low_score,0,"246.72,163.93,276.55,179.99"
al1,val,/home/ubuntu/hpproject/yolo/dataset/yolo/datasetm6c/images/val/0069.png,1,32-64,0.0,ios,0.0,0.0,0.0,0.0,0.0,0.0,no_response,0,"213.83,122.63,243.66,150.93"
al1,val,/home/ubuntu/hpproject/yolo/dataset/yolo/datasetm6c/images/val/0069.png,2,16-32,0.0,ios,0.0,0.0,0.0,0.0,0.0,0.0,no_response,0,"145.00,243.47,169.47,271.77"
al1,val,/home/ubuntu/hpproject/yolo/dataset/yolo/datasetm6c/images/val/0069.png,3,16-32,0.13993902504444122,ios,0.9573737978935242,0.0,0.0,0.9573737978935242,0.0,0.0,low_score,0,"421.86,195.29,438.68,225.88"
al1,val,/home/ubuntu/hpproject/yolo/dataset/yolo/datasetm6c/images/val/0072.png,0,16-32,0.0,ios,0.0,0.0,0.0,0.0,0.0,0.0,no_response,0,"222.00,150.00,241.00,164.00"
al1,val,/home/ubuntu/hpproject/yolo/dataset/yolo/datasetm6c/images/val/0072.png,1,32-64,0.1040026992559433,ios,1.0,0.0,0.0,1.0,0.0,0.0,low_score,0,"163.00,192.00,201.00,221.00"
al1,val,/home/ubuntu/hpproject/yolo/dataset/yolo/datasetm6c/images/val/0103.png,0,>=64,0.13159672915935516,ios,1.0,0.0,0.0,1.0,0.0,0.0,low_score,0,"211.00,112.00,291.00,194.00"
al1,val,/home/ubuntu/hpproject/yolo/dataset/yolo/datasetm6c/images/val/0105.png,0,32-64,0.18561309576034546,ios,1.0,0.0,0.0,1.0,0.0,0.0,low_score,0,"145.00,170.00,205.00,198.00"
al1,val,/home/ubuntu/hpproject/yolo/dataset/yolo/datasetm6c/images/val/0143.png,1,>=64,0.8289682269096375,ios,1.0,0.6218118071556091,0.5024493336677551,1.0,0.6218118071556091,0.5024493336677551,regression_or_match_poor,0,"271.00,247.00,318.00,294.00"
al1,val,/home/ubuntu/hpproject/yolo/dataset/yolo/datasetm6c/images/val/0143.png,2,>=64,0.14717233180999756,ios,1.0,0.0,0.0,1.0,0.0,0.0,low_score,0,"108.00,194.00,308.00,263.00"
al1,val,/home/ubuntu/hpproject/yolo/dataset/yolo/datasetm6c/images/val/0144.png,0,32-64,0.0,ios,0.0,0.0,0.0,0.0,0.0,0.0,no_response,0,"312.00,269.00,350.00,305.00"
al1,val,/home/ubuntu/hpproject/yolo/dataset/yolo/datasetm6c/images/val/0154.png,1,>=64,0.2307349145412445,ios,1.0,0.0,0.0,1.0,0.0,0.0,low_score,0,"202.00,136.00,309.00,188.00"
al1,val,/home/ubuntu/hpproject/yolo/dataset/yolo/datasetm6c/images/val/0221.png,0,<16,0.7273850440979004,ios,1.0,1.0,0.976040780544281,1.0,1.0,0.976040780544281,regression_or_match_poor,0,"200.00,228.00,201.00,229.00"
al1,val,/home/ubuntu/hpproject/yolo/dataset/yolo/datasetm6c/images/val/0221.png,3,>=64,0.8549401760101318,ios,0.9382391571998596,0.15185554325580597,0.1291927546262741,0.9382391571998596,0.15185554325580597,0.1291927546262741,regression_or_match_poor,0,"263.00,200.00,331.00,285.00"
al1,val,/home/ubuntu/hpproject/yolo/dataset/yolo/datasetm6c/images/val/0221.png,5,>=64,0.8549401760101318,ios,1.0,1.0,1.0,1.0,1.0,1.0,regression_or_match_poor,0,"143.00,129.00,229.00,214.00"
al1,val,/home/ubuntu/hpproject/yolo/dataset/yolo/datasetm6c/images/val/0234.png,0,16-32,0.0,ios,0.0,0.0,0.0,0.0,0.0,0.0,no_response,0,"212.04,221.24,272.37,247.89"
al1,val,/home/ubuntu/hpproject/yolo/dataset/yolo/datasetm6c/images/val/0234.png,2,32-64,0.0,ios,0.0,0.0,0.0,0.0,0.0,0.0,no_response,0,"361.70,260.42,396.96,297.25"
al1,val,/home/ubuntu/hpproject/yolo/dataset/yolo/datasetm6c/images/val/0237.png,0,>=64,0.03621464595198631,ios,1.0,0.0,0.0,1.0,0.0,0.0,low_score,0,"253.00,300.00,342.00,378.00"
al1,val,/home/ubuntu/hpproject/yolo/dataset/yolo/datasetm6c/images/val/0262.png,0,16-32,0.0,ios,0.0,0.0,0.0,0.0,0.0,0.0,no_response,0,"309.00,219.00,345.00,249.00"
al1,val,/home/ubuntu/hpproject/yolo/dataset/yolo/datasetm6c/images/val/0262.png,2,32-64,0.0,ios,0.0,0.0,0.0,0.0,0.0,0.0,no_response,0,"323.00,186.00,399.00,231.00"
al1,val,/home/ubuntu/hpproject/yolo/dataset/yolo/datasetm6c/images/val/0324.png,0,32-64,0.01089437585324049,ios,0.7113410830497742,0.0,0.0,0.7113410830497742,0.0,0.0,low_score,0,"216.00,230.00,251.00,269.00"
al1,val,/home/ubuntu/hpproject/yolo/dataset/yolo/datasetm6c/images/val/0349.png,0,16-32,0.0,ios,0.0,0.0,0.0,0.0,0.0,0.0,no_response,0,"411.00,225.00,442.00,250.00"
al1,val,/home/ubuntu/hpproject/yolo/dataset/yolo/datasetm6c/images/val/0359.png,0,32-64,0.08643985539674759,ios,0.9924249053001404,0.0,0.0,0.9924249053001404,0.0,0.0,low_score,0,"177.00,290.00,235.00,322.00"
al1,val,/home/ubuntu/hpproject/yolo/dataset/yolo/datasetm6c/images/val/0359.png,2,32-64,0.0,ios,0.0,0.0,0.0,0.0,0.0,0.0,no_response,0,"245.00,225.00,281.00,252.00"
al1,val,/home/ubuntu/hpproject/yolo/dataset/yolo/datasetm6c/images/val/0363.png,1,16-32,0.14200419187545776,ios,0.9580705165863037,0.0,0.0,0.9580705165863037,0.0,0.0,low_score,0,"185.00,118.00,209.00,168.00"
al1,val,/home/ubuntu/hpproject/yolo/dataset/yolo/datasetm6c/images/val/0363.png,2,32-64,0.7144984602928162,ios,1.0,0.3792654871940613,0.30367234349250793,1.0,0.3792654871940613,0.30367234349250793,regression_or_match_poor,0,"264.00,90.00,290.00,117.00"
al1,val,/home/ubuntu/hpproject/yolo/dataset/yolo/datasetm6c/images/val/0371.png,2,16-32,0.7025632858276367,ios,0.8936083316802979,0.8930376172065735,0.8846331238746643,0.8936083316802979,0.8930376172065735,0.8846331238746643,regression_or_match_poor,0,"245.00,211.00,304.00,229.00"
al1,val,/home/ubuntu/hpproject/yolo/dataset/yolo/datasetm6c/images/val/0376.png,0,<16,0.0,ios,0.0,0.0,0.0,0.0,0.0,0.0,no_response,0,"423.00,339.00,436.00,384.00"
al1,val,/home/ubuntu/hpproject/yolo/dataset/yolo/datasetm6c/images/val/0376.png,1,16-32,0.0,ios,0.0,0.0,0.0,0.0,0.0,0.0,no_response,0,"456.00,174.00,473.00,212.00"
al1,val,/home/ubuntu/hpproject/yolo/dataset/yolo/datasetm6c/images/val/0380.png,0,32-64,0.2595139741897583,ios,1.0,0.0,0.0,1.0,0.0,0.0,low_score,0,"330.00,350.00,376.00,383.00"
al1,val,/home/ubuntu/hpproject/yolo/dataset/yolo/datasetm6c/images/val/0380.png,1,32-64,0.0,ios,0.0,0.0,0.0,0.0,0.0,0.0,no_response,0,"389.00,302.00,419.00,333.00"
al1,val,/home/ubuntu/hpproject/yolo/dataset/yolo/datasetm6c/images/val/0380.png,3,32-64,0.0,ios,0.0,0.0,0.0,0.0,0.0,0.0,no_response,0,"399.00,163.00,431.00,203.00"
al1,val,/home/ubuntu/hpproject/yolo/dataset/yolo/datasetm6c/images/val/0380.png,4,16-32,0.024690832942724228,ios,1.0,0.0,0.0,1.0,0.0,0.0,low_score,0,"356.00,130.00,379.00,161.00"
al1,val,/home/ubuntu/hpproject/yolo/dataset/yolo/datasetm6c/images/val/0409.png,0,32-64,0.0,ios,0.0,0.0,0.0,0.0,0.0,0.0,no_response,0,"215.00,66.00,249.00,133.00"
al1,val,/home/ubuntu/hpproject/yolo/dataset/yolo/datasetm6c/images/val/0428.png,0,16-32,0.0,ios,0.0,0.0,0.0,0.0,0.0,0.0,no_response,0,"206.00,154.00,227.00,179.00"
al1,val,/home/ubuntu/hpproject/yolo/dataset/yolo/datasetm6c/images/val/0428.png,1,32-64,0.0,ios,0.0,0.0,0.0,0.0,0.0,0.0,no_response,0,"223.00,172.00,251.00,237.00"
al1,val,/home/ubuntu/hpproject/yolo/dataset/yolo/datasetm6c/images/val/0433.png,0,32-64,0.0,ios,0.0,0.0,0.0,0.0,0.0,0.0,no_response,0,"286.00,326.00,332.00,374.00"
al1,val,/home/ubuntu/hpproject/yolo/dataset/yolo/datasetm6c/images/val/0433.png,1,32-64,0.0,ios,0.0,0.0,0.0,0.0,0.0,0.0,no_response,0,"357.00,289.00,391.00,333.00"
al1,val,/home/ubuntu/hpproject/yolo/dataset/yolo/datasetm6c/images/val/0433.png,2,>=64,0.01914587803184986,ios,0.9731270670890808,0.0,0.0,0.9731270670890808,0.0,0.0,low_score,0,"344.00,198.00,423.00,294.00"
al1,val,/home/ubuntu/hpproject/yolo/dataset/yolo/datasetm6c/images/val/0433.png,3,32-64,0.0,ios,0.0,0.0,0.0,0.0,0.0,0.0,no_response,0,"272.00,146.00,305.00,177.00"
al1,val,/home/ubuntu/hpproject/yolo/dataset/yolo/datasetm6c/images/val/0433.png,5,16-32,0.0,ios,0.0,0.0,0.0,0.0,0.0,0.0,no_response,0,"291.00,112.00,314.00,138.00"
al1,val,/home/ubuntu/hpproject/yolo/dataset/yolo/datasetm6c/images/val/0433.png,6,32-64,0.09579094499349594,ios,1.0,0.0,0.0,1.0,0.0,0.0,low_score,0,"232.00,84.00,269.00,119.00"
al1,test,/home/ubuntu/hpproject/yolo/dataset/yolo/datasetm6c/images/test/0127.png,1,32-64,0.6956666707992554,ios,0.8997559547424316,0.8768311142921448,0.566358208656311,0.8997559547424316,0.8768311142921448,0.566358208656311,regression_or_match_poor,0,"173.00,129.00,230.00,177.00"
al1,test,/home/ubuntu/hpproject/yolo/dataset/yolo/datasetm6c/images/test/0140.png,0,32-64,0.03062775544822216,ios,0.9788072109222412,0.0,0.0,0.9788072109222412,0.0,0.0,low_score,0,"324.00,143.00,355.00,183.00"
al1,test,/home/ubuntu/hpproject/yolo/dataset/yolo/datasetm6c/images/test/0140.png,1,32-64,0.2550998628139496,ios,1.0,0.0,0.0,1.0,0.0,0.0,low_score,0,"234.00,82.00,279.00,155.00"
al1,test,/home/ubuntu/hpproject/yolo/dataset/yolo/datasetm6c/images/test/0149.png,1,32-64,0.14255136251449585,ios,0.008243555203080177,0.0,0.0,0.008243555203080177,0.0,0.0,low_score,0,"284.00,132.00,311.00,161.00"
al1,test,/home/ubuntu/hpproject/yolo/dataset/yolo/datasetm6c/images/test/0161.png,1,>=64,0.1380326896905899,ios,0.9257325530052185,0.0,0.0,0.9257325530052185,0.0,0.0,low_score,0,"150.00,88.00,208.00,150.00"
al1,test,/home/ubuntu/hpproject/yolo/dataset/yolo/datasetm6c/images/test/0171.png,2,32-64,0.8371881246566772,ios,1.0,1.0,0.9694520235061646,1.0,1.0,0.9694520235061646,regression_or_match_poor,0,"179.00,221.00,240.00,253.00"
al1,test,/home/ubuntu/hpproject/yolo/dataset/yolo/datasetm6c/images/test/0193.png,0,>=64,0.4966253340244293,ios,0.047476451843976974,0.011187555268406868,0.0,0.047476451843976974,0.011187555268406868,0.0,regression_or_match_poor,0,"241.00,182.00,308.00,255.00"
al1,test,/home/ubuntu/hpproject/yolo/dataset/yolo/datasetm6c/images/test/0193.png,1,32-64,0.4966253340244293,ios,0.9799658060073853,0.8486132621765137,0.0,0.9799658060073853,0.8486132621765137,0.0,postproc_filtered,0,"245.00,152.00,275.00,189.00"
al1,test,/home/ubuntu/hpproject/yolo/dataset/yolo/datasetm6c/images/test/0204.png,0,32-64,0.0,ios,0.0,0.0,0.0,0.0,0.0,0.0,no_response,0,"246.00,149.00,288.00,207.00"
al1,test,/home/ubuntu/hpproject/yolo/dataset/yolo/datasetm6c/images/test/0213.png,0,32-64,0.2476900815963745,ios,1.0,0.0,0.0,1.0,0.0,0.0,low_score,0,"163.00,243.00,189.00,288.00"
al1,test,/home/ubuntu/hpproject/yolo/dataset/yolo/datasetm6c/images/test/0213.png,1,32-64,0.019257202744483948,ios,0.1925474852323532,0.0,0.0,0.1925474852323532,0.0,0.0,low_score,0,"119.00,230.00,154.00,290.00"
al1,test,/home/ubuntu/hpproject/yolo/dataset/yolo/datasetm6c/images/test/0232.png,0,16-32,0.0,ios,0.0,0.0,0.0,0.0,0.0,0.0,no_response,0,"375.80,154.64,402.44,191.47"
al1,test,/home/ubuntu/hpproject/yolo/dataset/yolo/datasetm6c/images/test/0232.png,1,32-64,0.0,ios,0.0,0.0,0.0,0.0,0.0,0.0,no_response,0,"391.47,235.35,422.03,316.05"
al1,test,/home/ubuntu/hpproject/yolo/dataset/yolo/datasetm6c/images/test/0241.png,0,32-64,0.08947356045246124,ios,1.0,0.0,0.0,1.0,0.0,0.0,low_score,0,"188.00,142.00,307.00,195.00"
al1,test,/home/ubuntu/hpproject/yolo/dataset/yolo/datasetm6c/images/test/0295.png,0,32-64,0.0772765576839447,ios,1.0,0.0,0.0,1.0,0.0,0.0,low_score,0,"303.00,134.00,358.00,175.00"
al1,test,/home/ubuntu/hpproject/yolo/dataset/yolo/datasetm6c/images/test/0299.png,0,32-64,0.0,ios,0.0,0.0,0.0,0.0,0.0,0.0,no_response,0,"246.00,168.00,282.00,216.00"
al1,test,/home/ubuntu/hpproject/yolo/dataset/yolo/datasetm6c/images/test/0299.png,1,32-64,0.0,ios,0.0,0.0,0.0,0.0,0.0,0.0,no_response,0,"241.00,109.00,283.00,150.00"
al1,test,/home/ubuntu/hpproject/yolo/dataset/yolo/datasetm6c/images/test/0299.png,2,32-64,0.0,ios,0.0,0.0,0.0,0.0,0.0,0.0,no_response,0,"450.00,388.00,505.00,442.00"
al1,test,/home/ubuntu/hpproject/yolo/dataset/yolo/datasetm6c/images/test/0308.png,0,32-64,0.0,ios,0.0,0.0,0.0,0.0,0.0,0.0,no_response,0,"201.00,159.00,239.00,214.00"
al1,test,/home/ubuntu/hpproject/yolo/dataset/yolo/datasetm6c/images/test/0308.png,1,16-32,0.0,ios,0.0,0.0,0.0,0.0,0.0,0.0,no_response,0,"197.00,120.00,217.00,142.00"
al1,test,/home/ubuntu/hpproject/yolo/dataset/yolo/datasetm6c/images/test/0340.png,2,16-32,0.0,ios,0.0,0.0,0.0,0.0,0.0,0.0,no_response,0,"227.96,250.75,246.03,270.45"
al1,test,/home/ubuntu/hpproject/yolo/dataset/yolo/datasetm6c/images/test/0344.png,1,32-64,0.010696230456233025,ios,1.0,0.0,0.0,1.0,0.0,0.0,low_score,0,"260.00,376.00,297.00,404.00"
al1,test,/home/ubuntu/hpproject/yolo/dataset/yolo/datasetm6c/images/test/0362.png,0,32-64,0.1265348345041275,ios,1.0,0.0,0.0,1.0,0.0,0.0,low_score,0,"170.04,131.12,197.43,169.20"
al1,test,/home/ubuntu/hpproject/yolo/dataset/yolo/datasetm6c/images/test/0365.png,1,32-64,0.7129154205322266,ios,0.9218526482582092,0.8163267970085144,0.7523719072341919,0.9218526482582092,0.8163267970085144,0.7523719072341919,regression_or_match_poor,0,"146.00,141.00,180.00,180.00"
al1,test,/home/ubuntu/hpproject/yolo/dataset/yolo/datasetm6c/images/test/0365.png,2,>=64,0.06786287575960159,ios,0.9870875477790833,0.0,0.0,0.9870875477790833,0.0,0.0,low_score,0,"188.00,75.00,264.00,132.00"
al1,test,/home/ubuntu/hpproject/yolo/dataset/yolo/datasetm6c/images/test/0374.png,0,32-64,0.0,ios,0.0,0.0,0.0,0.0,0.0,0.0,no_response,0,"290.00,192.00,350.00,220.00"
al1,test,/home/ubuntu/hpproject/yolo/dataset/yolo/datasetm6c/images/test/0374.png,1,32-64,0.0,ios,0.0,0.0,0.0,0.0,0.0,0.0,no_response,0,"351.00,143.00,390.00,196.00"
al1,test,/home/ubuntu/hpproject/yolo/dataset/yolo/datasetm6c/images/test/0378.png,0,16-32,0.042077820748090744,ios,0.9681330323219299,0.0,0.0,0.9681330323219299,0.0,0.0,low_score,0,"207.00,382.00,257.00,404.00"
al1,test,/home/ubuntu/hpproject/yolo/dataset/yolo/datasetm6c/images/test/0378.png,1,32-64,0.0,ios,0.0,0.0,0.0,0.0,0.0,0.0,no_response,0,"263.00,327.00,313.00,359.00"
al1,test,/home/ubuntu/hpproject/yolo/dataset/yolo/datasetm6c/images/test/0378.png,3,>=64,0.35126712918281555,ios,1.0,0.1860475093126297,0.1860475093126297,1.0,0.1860475093126297,0.1860475093126297,regression_or_match_poor,0,"216.00,209.00,315.00,280.00"
al1,test,/home/ubuntu/hpproject/yolo/dataset/yolo/datasetm6c/images/test/0407.png,0,16-32,0.016665641218423843,ios,0.9068431258201599,0.0,0.0,0.9068431258201599,0.0,0.0,low_score,0,"167.00,328.00,190.00,354.00"
al1,test,/home/ubuntu/hpproject/yolo/dataset/yolo/datasetm6c/images/test/0419.png,0,32-64,0.010980472899973392,ios,0.9659149646759033,0.0,0.0,0.9659149646759033,0.0,0.0,low_score,0,"139.42,142.89,183.31,203.62"
al1,test,/home/ubuntu/hpproject/yolo/dataset/yolo/datasetm6c/images/test/0419.png,1,32-64,0.2725485861301422,ios,0.6999237537384033,0.0,0.0,0.6999237537384033,0.0,0.0,low_score,0,"188.44,172.89,233.80,208.01"
al1,test,/home/ubuntu/hpproject/yolo/dataset/yolo/datasetm6c/images/test/0423.png,0,32-64,0.18859811127185822,ios,0.9898460507392883,0.0,0.0,0.9898460507392883,0.0,0.0,low_score,0,"245.00,349.00,280.00,380.00"
al1,test,/home/ubuntu/hpproject/yolo/dataset/yolo/datasetm6c/images/test/0423.png,1,16-32,0.0,ios,0.0,0.0,0.0,0.0,0.0,0.0,no_response,0,"124.00,320.00,144.00,344.00"
al1,test,/home/ubuntu/hpproject/yolo/dataset/yolo/datasetm6c/images/test/0423.png,2,16-32,0.04407472535967827,ios,0.9301918745040894,0.0,0.0,0.9301918745040894,0.0,0.0,low_score,0,"95.00,275.00,116.00,302.00"
al1,test,/home/ubuntu/hpproject/yolo/dataset/yolo/datasetm6c/images/test/0423.png,4,32-64,0.8082420229911804,ios,1.0,0.5907267332077026,0.5487098097801208,1.0,0.5907267332077026,0.5487098097801208,regression_or_match_poor,0,"266.00,116.00,302.00,147.00"
al1,test,/home/ubuntu/hpproject/yolo/dataset/yolo/datasetm6c/images/test/0423.png,5,32-64,0.0,ios,0.0,0.0,0.0,0.0,0.0,0.0,no_response,0,"228.00,97.00,263.00,123.00"
al1,test,/home/ubuntu/hpproject/yolo/dataset/yolo/datasetm6c/images/test/0426.png,0,16-32,0.2550358474254608,ios,0.9775071740150452,0.0,0.0,0.9775071740150452,0.0,0.0,low_score,0,"248.00,324.00,271.00,345.00"
al1,test,/home/ubuntu/hpproject/yolo/dataset/yolo/datasetm6c/images/test/0426.png,2,32-64,0.7860518097877502,ios,0.8292863368988037,0.43246838450431824,0.3929336369037628,0.8292863368988037,0.43246838450431824,0.3929336369037628,regression_or_match_poor,0,"190.00,260.00,237.00,295.00"
al1,test,/home/ubuntu/hpproject/yolo/dataset/yolo/datasetm6c/images/test/0426.png,4,32-64,0.0,ios,0.0,0.0,0.0,0.0,0.0,0.0,no_response,0,"234.00,147.00,271.00,176.00"
al1,test,/home/ubuntu/hpproject/yolo/dataset/yolo/datasetm6c/images/test/0426.png,6,16-32,0.0,ios,0.0,0.0,0.0,0.0,0.0,0.0,no_response,0,"214.00,126.00,235.00,159.00"
al1,test,/home/ubuntu/hpproject/yolo/dataset/yolo/datasetm6c/images/test/0426.png,7,32-64,0.7483996152877808,ios,0.10583962500095367,0.0965600460767746,0.0965600460767746,0.10583962500095367,0.0965600460767746,0.0965600460767746,regression_or_match_poor,0,"281.00,122.00,312.00,158.00"
al1,test,/home/ubuntu/hpproject/yolo/dataset/yolo/datasetm6c/images/test/0432.png,2,32-64,0.0,ios,0.0,0.0,0.0,0.0,0.0,0.0,no_response,0,"385.00,143.00,414.00,197.00"
al1,test,/home/ubuntu/hpproject/yolo/dataset/yolo/datasetm6c/images/test/0432.png,4,16-32,0.0,ios,0.0,0.0,0.0,0.0,0.0,0.0,no_response,0,"340.00,102.00,364.00,133.00"
al1,test,/home/ubuntu/hpproject/yolo/dataset/yolo/datasetm6c/images/test/0436.png,0,32-64,0.012620729394257069,ios,0.9849247336387634,0.0,0.0,0.9849247336387634,0.0,0.0,low_score,0,"135.00,286.00,174.00,328.00"
al1,test,/home/ubuntu/hpproject/yolo/dataset/yolo/datasetm6c/images/test/0450.png,1,32-64,0.0,ios,0.0,0.0,0.0,0.0,0.0,0.0,no_response,0,"207.00,119.00,282.00,154.00"
op1,val,/home/ubuntu/hpproject/yolo/dataset/yolo/datasetm6c/images/val/0066.png,1,16-32,0.0,ios,0.0,0.0,0.0,0.0,0.0,0.0,no_response,0,"178.00,160.00,197.00,203.00"
op1,val,/home/ubuntu/hpproject/yolo/dataset/yolo/datasetm6c/images/val/0066.png,3,16-32,0.12809878587722778,ios,0.9832079410552979,0.0,0.0,0.9832079410552979,0.0,0.0,low_score,0,"301.00,109.00,342.00,124.00"
op1,val,/home/ubuntu/hpproject/yolo/dataset/yolo/datasetm6c/images/val/0068.png,1,32-64,0.20114104449748993,ios,1.0,0.0,0.0,1.0,0.0,0.0,low_score,0,"124.00,211.00,155.00,235.00"
op1,val,/home/ubuntu/hpproject/yolo/dataset/yolo/datasetm6c/images/val/0068.png,2,32-64,0.0,ios,0.0,0.0,0.0,0.0,0.0,0.0,no_response,0,"245.00,204.00,283.00,244.00"
op1,val,/home/ubuntu/hpproject/yolo/dataset/yolo/datasetm6c/images/val/0069.png,0,16-32,0.2522069215774536,ios,1.0,0.0,0.0,1.0,0.0,0.0,low_score,0,"246.72,163.93,276.55,179.99"
op1,val,/home/ubuntu/hpproject/yolo/dataset/yolo/datasetm6c/images/val/0069.png,1,32-64,0.08708018809556961,ios,1.0,0.0,0.0,1.0,0.0,0.0,low_score,0,"213.83,122.63,243.66,150.93"
op1,val,/home/ubuntu/hpproject/yolo/dataset/yolo/datasetm6c/images/val/0069.png,2,16-32,0.1591314971446991,ios,1.0,0.0,0.0,1.0,0.0,0.0,low_score,0,"145.00,243.47,169.47,271.77"
op1,val,/home/ubuntu/hpproject/yolo/dataset/yolo/datasetm6c/images/val/0069.png,3,16-32,0.0,ios,0.0,0.0,0.0,0.0,0.0,0.0,no_response,0,"421.86,195.29,438.68,225.88"
op1,val,/home/ubuntu/hpproject/yolo/dataset/yolo/datasetm6c/images/val/0072.png,0,16-32,0.14336363971233368,ios,1.0,0.0,0.0,1.0,0.0,0.0,low_score,0,"222.00,150.00,241.00,164.00"
op1,val,/home/ubuntu/hpproject/yolo/dataset/yolo/datasetm6c/images/val/0072.png,1,32-64,0.04493289440870285,ios,1.0,0.0,0.0,1.0,0.0,0.0,low_score,0,"163.00,192.00,201.00,221.00"
op1,val,/home/ubuntu/hpproject/yolo/dataset/yolo/datasetm6c/images/val/0103.png,0,>=64,0.2108161300420761,ios,1.0,0.0,0.0,1.0,0.0,0.0,low_score,0,"211.00,112.00,291.00,194.00"
op1,val,/home/ubuntu/hpproject/yolo/dataset/yolo/datasetm6c/images/val/0105.png,0,32-64,0.12005967646837234,ios,0.9705820083618164,0.0,0.0,0.9705820083618164,0.0,0.0,low_score,0,"145.00,170.00,205.00,198.00"
op1,val,/home/ubuntu/hpproject/yolo/dataset/yolo/datasetm6c/images/val/0105.png,1,32-64,0.24209937453269958,ios,0.998907744884491,0.0,0.0,0.998907744884491,0.0,0.0,low_score,0,"171.00,83.00,210.00,139.00"
op1,val,/home/ubuntu/hpproject/yolo/dataset/yolo/datasetm6c/images/val/0143.png,1,>=64,0.5951154232025146,ios,1.0,0.8661330342292786,0.760776162147522,1.0,0.8661330342292786,0.760776162147522,regression_or_match_poor,0,"271.00,247.00,318.00,294.00"
op1,val,/home/ubuntu/hpproject/yolo/dataset/yolo/datasetm6c/images/val/0144.png,0,32-64,0.0,ios,0.0,0.0,0.0,0.0,0.0,0.0,no_response,0,"312.00,269.00,350.00,305.00"
op1,val,/home/ubuntu/hpproject/yolo/dataset/yolo/datasetm6c/images/val/0154.png,1,>=64,0.287612646818161,ios,0.9681662917137146,0.0,0.0,0.9681662917137146,0.0,0.0,low_score,0,"202.00,136.00,309.00,188.00"
op1,val,/home/ubuntu/hpproject/yolo/dataset/yolo/datasetm6c/images/val/0221.png,0,<16,0.054456647485494614,ios,1.0,0.0,0.0,1.0,0.0,0.0,low_score,0,"200.00,228.00,201.00,229.00"
op1,val,/home/ubuntu/hpproject/yolo/dataset/yolo/datasetm6c/images/val/0221.png,3,>=64,0.787295937538147,ios,1.0,0.1581491380929947,0.131233349442482,1.0,0.1581491380929947,0.131233349442482,regression_or_match_poor,0,"263.00,200.00,331.00,285.00"
op1,val,/home/ubuntu/hpproject/yolo/dataset/yolo/datasetm6c/images/val/0221.png,5,>=64,0.787295937538147,ios,1.0,1.0,1.0,1.0,1.0,1.0,regression_or_match_poor,0,"143.00,129.00,229.00,214.00"
op1,val,/home/ubuntu/hpproject/yolo/dataset/yolo/datasetm6c/images/val/0234.png,0,16-32,0.0,ios,0.0,0.0,0.0,0.0,0.0,0.0,no_response,0,"212.04,221.24,272.37,247.89"
op1,val,/home/ubuntu/hpproject/yolo/dataset/yolo/datasetm6c/images/val/0234.png,1,16-32,0.2731176018714905,ios,1.0,0.0,0.0,1.0,0.0,0.0,low_score,0,"255.13,153.08,270.80,169.53"
op1,val,/home/ubuntu/hpproject/yolo/dataset/yolo/datasetm6c/images/val/0234.png,2,32-64,0.0,ios,0.0,0.0,0.0,0.0,0.0,0.0,no_response,0,"361.70,260.42,396.96,297.25"
op1,val,/home/ubuntu/hpproject/yolo/dataset/yolo/datasetm6c/images/val/0262.png,0,16-32,0.023141389712691307,ios,0.9602473378181458,0.0,0.0,0.9602473378181458,0.0,0.0,low_score,0,"309.00,219.00,345.00,249.00"
op1,val,/home/ubuntu/hpproject/yolo/dataset/yolo/datasetm6c/images/val/0262.png,1,16-32,0.23821014165878296,ios,1.0,0.0,0.0,1.0,0.0,0.0,low_score,0,"246.00,193.00,280.00,217.00"
op1,val,/home/ubuntu/hpproject/yolo/dataset/yolo/datasetm6c/images/val/0262.png,2,32-64,0.023141389712691307,ios,0.30259275436401367,0.0,0.0,0.30259275436401367,0.0,0.0,low_score,0,"323.00,186.00,399.00,231.00"
op1,val,/home/ubuntu/hpproject/yolo/dataset/yolo/datasetm6c/images/val/0324.png,0,32-64,0.10303575545549393,ios,1.0,0.0,0.0,1.0,0.0,0.0,low_score,0,"216.00,230.00,251.00,269.00"
op1,val,/home/ubuntu/hpproject/yolo/dataset/yolo/datasetm6c/images/val/0349.png,0,16-32,0.0,ios,0.0,0.0,0.0,0.0,0.0,0.0,no_response,0,"411.00,225.00,442.00,250.00"
op1,val,/home/ubuntu/hpproject/yolo/dataset/yolo/datasetm6c/images/val/0359.png,0,32-64,0.0,ios,0.0,0.0,0.0,0.0,0.0,0.0,no_response,0,"177.00,290.00,235.00,322.00"
op1,val,/home/ubuntu/hpproject/yolo/dataset/yolo/datasetm6c/images/val/0359.png,2,32-64,0.08290999382734299,ios,0.9598799347877502,0.0,0.0,0.9598799347877502,0.0,0.0,low_score,0,"245.00,225.00,281.00,252.00"
op1,val,/home/ubuntu/hpproject/yolo/dataset/yolo/datasetm6c/images/val/0363.png,1,16-32,0.013373041525483131,ios,0.11226547509431839,0.0,0.0,0.11226547509431839,0.0,0.0,low_score,0,"185.00,118.00,209.00,168.00"
op1,val,/home/ubuntu/hpproject/yolo/dataset/yolo/datasetm6c/images/val/0363.png,2,32-64,0.6953887343406677,ios,0.04141424596309662,0.02402176335453987,0.017321404069662094,0.04141424596309662,0.02402176335453987,0.017321404069662094,regression_or_match_poor,0,"264.00,90.00,290.00,117.00"
op1,val,/home/ubuntu/hpproject/yolo/dataset/yolo/datasetm6c/images/val/0371.png,0,16-32,0.28423723578453064,ios,1.0,0.0,0.0,1.0,0.0,0.0,low_score,0,"377.00,109.00,404.00,150.00"
op1,val,/home/ubuntu/hpproject/yolo/dataset/yolo/datasetm6c/images/val/0371.png,1,16-32,0.5241092443466187,ios,1.0,1.0,0.9731387495994568,1.0,1.0,0.9731387495994568,regression_or_match_poor,0,"290.00,231.00,349.00,252.00"
op1,val,/home/ubuntu/hpproject/yolo/dataset/yolo/datasetm6c/images/val/0371.png,3,32-64,0.022397900000214577,ios,0.8335831165313721,0.0,0.0,0.8335831165313721,0.0,0.0,low_score,0,"255.00,144.00,330.00,188.00"
op1,val,/home/ubuntu/hpproject/yolo/dataset/yolo/datasetm6c/images/val/0371.png,4,32-64,0.21684008836746216,ios,1.0,0.0,0.0,1.0,0.0,0.0,low_score,0,"405.00,311.00,447.00,354.00"
op1,val,/home/ubuntu/hpproject/yolo/dataset/yolo/datasetm6c/images/val/0376.png,0,<16,0.0,ios,0.0,0.0,0.0,0.0,0.0,0.0,no_response,0,"423.00,339.00,436.00,384.00"
op1,val,/home/ubuntu/hpproject/yolo/dataset/yolo/datasetm6c/images/val/0376.png,1,16-32,0.0,ios,0.0,0.0,0.0,0.0,0.0,0.0,no_response,0,"456.00,174.00,473.00,212.00"
op1,val,/home/ubuntu/hpproject/yolo/dataset/yolo/datasetm6c/images/val/0380.png,0,32-64,0.03715939819812775,ios,1.0,0.0,0.0,1.0,0.0,0.0,low_score,0,"330.00,350.00,376.00,383.00"
op1,val,/home/ubuntu/hpproject/yolo/dataset/yolo/datasetm6c/images/val/0380.png,1,32-64,0.03715939819812775,ios,1.0,0.0,0.0,1.0,0.0,0.0,low_score,0,"389.00,302.00,419.00,333.00"
op1,val,/home/ubuntu/hpproject/yolo/dataset/yolo/datasetm6c/images/val/0380.png,3,32-64,0.0,ios,0.0,0.0,0.0,0.0,0.0,0.0,no_response,0,"399.00,163.00,431.00,203.00"
op1,val,/home/ubuntu/hpproject/yolo/dataset/yolo/datasetm6c/images/val/0380.png,4,16-32,0.09054432064294815,ios,1.0,0.0,0.0,1.0,0.0,0.0,low_score,0,"356.00,130.00,379.00,161.00"
op1,val,/home/ubuntu/hpproject/yolo/dataset/yolo/datasetm6c/images/val/0428.png,0,16-32,0.0,ios,0.0,0.0,0.0,0.0,0.0,0.0,no_response,0,"206.00,154.00,227.00,179.00"
op1,val,/home/ubuntu/hpproject/yolo/dataset/yolo/datasetm6c/images/val/0428.png,1,32-64,0.0,ios,0.0,0.0,0.0,0.0,0.0,0.0,no_response,0,"223.00,172.00,251.00,237.00"
op1,val,/home/ubuntu/hpproject/yolo/dataset/yolo/datasetm6c/images/val/0433.png,0,32-64,0.021076643839478493,ios,0.9988813400268555,0.0,0.0,0.9988813400268555,0.0,0.0,low_score,0,"286.00,326.00,332.00,374.00"
op1,val,/home/ubuntu/hpproject/yolo/dataset/yolo/datasetm6c/images/val/0433.png,1,32-64,0.03356487303972244,ios,1.0,0.0,0.0,1.0,0.0,0.0,low_score,0,"357.00,289.00,391.00,333.00"
op1,val,/home/ubuntu/hpproject/yolo/dataset/yolo/datasetm6c/images/val/0433.png,2,>=64,0.03356487303972244,ios,0.9297293424606323,0.0,0.0,0.9297293424606323,0.0,0.0,low_score,0,"344.00,198.00,423.00,294.00"
op1,val,/home/ubuntu/hpproject/yolo/dataset/yolo/datasetm6c/images/val/0433.png,3,32-64,0.0,ios,0.0,0.0,0.0,0.0,0.0,0.0,no_response,0,"272.00,146.00,305.00,177.00"
op1,val,/home/ubuntu/hpproject/yolo/dataset/yolo/datasetm6c/images/val/0433.png,5,16-32,0.020608333870768547,ios,0.045412659645080566,0.0,0.0,0.045412659645080566,0.0,0.0,low_score,0,"291.00,112.00,314.00,138.00"
op1,val,/home/ubuntu/hpproject/yolo/dataset/yolo/datasetm6c/images/val/0433.png,6,32-64,0.11411958932876587,ios,1.0,0.0,0.0,1.0,0.0,0.0,low_score,0,"232.00,84.00,269.00,119.00"
op1,test,/home/ubuntu/hpproject/yolo/dataset/yolo/datasetm6c/images/test/0112.png,1,32-64,0.8354840874671936,ios,0.9865183234214783,0.006642610300332308,0.0,0.9865183234214783,0.006642610300332308,0.0,regression_or_match_poor,0,"299.00,116.00,353.00,159.00"
op1,test,/home/ubuntu/hpproject/yolo/dataset/yolo/datasetm6c/images/test/0140.png,0,32-64,0.08866407722234726,ios,1.0,0.0,0.0,1.0,0.0,0.0,low_score,0,"324.00,143.00,355.00,183.00"
op1,test,/home/ubuntu/hpproject/yolo/dataset/yolo/datasetm6c/images/test/0149.png,1,32-64,0.6262382864952087,ios,1.0,0.00043449687655083835,0.0,1.0,0.00043449687655083835,0.0,regression_or_match_poor,0,"284.00,132.00,311.00,161.00"
op1,test,/home/ubuntu/hpproject/yolo/dataset/yolo/datasetm6c/images/test/0161.png,1,>=64,0.13522957265377045,ios,0.9858191013336182,0.0,0.0,0.9858191013336182,0.0,0.0,low_score,0,"150.00,88.00,208.00,150.00"
op1,test,/home/ubuntu/hpproject/yolo/dataset/yolo/datasetm6c/images/test/0171.png,2,32-64,0.93011873960495,ios,1.0,1.0,1.0,1.0,1.0,1.0,regression_or_match_poor,0,"179.00,221.00,240.00,253.00"
op1,test,/home/ubuntu/hpproject/yolo/dataset/yolo/datasetm6c/images/test/0173.png,1,32-64,0.22620205581188202,ios,1.0,0.0,0.0,1.0,0.0,0.0,low_score,0,"261.00,102.00,299.00,151.00"
op1,test,/home/ubuntu/hpproject/yolo/dataset/yolo/datasetm6c/images/test/0193.png,0,>=64,0.1696009486913681,ios,1.0,0.0,0.0,1.0,0.0,0.0,low_score,0,"241.00,182.00,308.00,255.00"
op1,test,/home/ubuntu/hpproject/yolo/dataset/yolo/datasetm6c/images/test/0193.png,1,32-64,0.1696009486913681,ios,1.0,0.0,0.0,1.0,0.0,0.0,low_score,0,"245.00,152.00,275.00,189.00"
op1,test,/home/ubuntu/hpproject/yolo/dataset/yolo/datasetm6c/images/test/0204.png,0,32-64,0.026076292619109154,ios,1.0,0.0,0.0,1.0,0.0,0.0,low_score,0,"246.00,149.00,288.00,207.00"
op1,test,/home/ubuntu/hpproject/yolo/dataset/yolo/datasetm6c/images/test/0213.png,1,32-64,0.02744325064122677,ios,0.9939976930618286,0.0,0.0,0.9939976930618286,0.0,0.0,low_score,0,"119.00,230.00,154.00,290.00"
op1,test,/home/ubuntu/hpproject/yolo/dataset/yolo/datasetm6c/images/test/0232.png,0,16-32,0.19054067134857178,ios,0.8936125636100769,0.0,0.0,0.8936125636100769,0.0,0.0,low_score,0,"375.80,154.64,402.44,191.47"
op1,test,/home/ubuntu/hpproject/yolo/dataset/yolo/datasetm6c/images/test/0232.png,1,32-64,0.0,ios,0.0,0.0,0.0,0.0,0.0,0.0,no_response,0,"391.47,235.35,422.03,316.05"
op1,test,/home/ubuntu/hpproject/yolo/dataset/yolo/datasetm6c/images/test/0259.png,1,32-64,0.21155039966106415,ios,1.0,0.0,0.0,1.0,0.0,0.0,low_score,0,"246.00,151.00,284.00,186.00"
op1,test,/home/ubuntu/hpproject/yolo/dataset/yolo/datasetm6c/images/test/0295.png,0,32-64,0.2769770920276642,ios,1.0,0.0,0.0,1.0,0.0,0.0,low_score,0,"303.00,134.00,358.00,175.00"
op1,test,/home/ubuntu/hpproject/yolo/dataset/yolo/datasetm6c/images/test/0299.png,0,32-64,0.032869819551706314,ios,1.0,0.0,0.0,1.0,0.0,0.0,low_score,0,"246.00,168.00,282.00,216.00"
op1,test,/home/ubuntu/hpproject/yolo/dataset/yolo/datasetm6c/images/test/0299.png,1,32-64,0.0,ios,0.0,0.0,0.0,0.0,0.0,0.0,no_response,0,"241.00,109.00,283.00,150.00"
op1,test,/home/ubuntu/hpproject/yolo/dataset/yolo/datasetm6c/images/test/0308.png,0,32-64,0.0,ios,0.0,0.0,0.0,0.0,0.0,0.0,no_response,0,"201.00,159.00,239.00,214.00"
op1,test,/home/ubuntu/hpproject/yolo/dataset/yolo/datasetm6c/images/test/0308.png,1,16-32,0.0,ios,0.0,0.0,0.0,0.0,0.0,0.0,no_response,0,"197.00,120.00,217.00,142.00"
op1,test,/home/ubuntu/hpproject/yolo/dataset/yolo/datasetm6c/images/test/0340.png,0,<16,0.09655391424894333,ios,1.0,0.0,0.0,1.0,0.0,0.0,low_score,0,"225.00,357.00,239.00,376.00"
op1,test,/home/ubuntu/hpproject/yolo/dataset/yolo/datasetm6c/images/test/0340.png,2,16-32,0.0,ios,0.0,0.0,0.0,0.0,0.0,0.0,no_response,0,"227.96,250.75,246.03,270.45"
op1,test,/home/ubuntu/hpproject/yolo/dataset/yolo/datasetm6c/images/test/0365.png,1,32-64,0.727535605430603,ios,0.9641305804252625,0.8797388672828674,0.7484623789787292,0.9641305804252625,0.8797388672828674,0.7484623789787292,regression_or_match_poor,0,"146.00,141.00,180.00,180.00"
op1,test,/home/ubuntu/hpproject/yolo/dataset/yolo/datasetm6c/images/test/0374.png,1,32-64,0.360779732465744,ios,0.9496288895606995,0.21492122113704681,0.11592554301023483,0.9496288895606995,0.21492122113704681,0.11592554301023483,postproc_filtered,0,"351.00,143.00,390.00,196.00"
op1,test,/home/ubuntu/hpproject/yolo/dataset/yolo/datasetm6c/images/test/0378.png,0,16-32,0.28238603472709656,ios,1.0,0.0,0.0,1.0,0.0,0.0,low_score,0,"207.00,382.00,257.00,404.00"
op1,test,/home/ubuntu/hpproject/yolo/dataset/yolo/datasetm6c/images/test/0378.png,1,32-64,0.04040440917015076,ios,0.9895257949829102,0.0,0.0,0.9895257949829102,0.0,0.0,low_score,0,"263.00,327.00,313.00,359.00"
op1,test,/home/ubuntu/hpproject/yolo/dataset/yolo/datasetm6c/images/test/0378.png,2,32-64,0.18657612800598145,ios,1.0,0.0,0.0,1.0,0.0,0.0,low_score,0,"335.00,309.00,380.00,355.00"
op1,test,/home/ubuntu/hpproject/yolo/dataset/yolo/datasetm6c/images/test/0378.png,4,16-32,0.5970269441604614,ios,1.0,0.17005164921283722,0.15368546545505524,1.0,0.17005164921283722,0.15368546545505524,regression_or_match_poor,0,"296.00,190.00,323.00,216.00"
op1,test,/home/ubuntu/hpproject/yolo/dataset/yolo/datasetm6c/images/test/0407.png,0,16-32,0.0,ios,0.0,0.0,0.0,0.0,0.0,0.0,no_response,0,"167.00,328.00,190.00,354.00"
op1,test,/home/ubuntu/hpproject/yolo/dataset/yolo/datasetm6c/images/test/0419.png,0,32-64,0.25736871361732483,ios,0.8313806056976318,0.0,0.0,0.8313806056976318,0.0,0.0,low_score,0,"139.42,142.89,183.31,203.62"
op1,test,/home/ubuntu/hpproject/yolo/dataset/yolo/datasetm6c/images/test/0419.png,1,32-64,0.25736871361732483,ios,0.6625275015830994,0.0,0.0,0.6625275015830994,0.0,0.0,low_score,0,"188.44,172.89,233.80,208.01"
op1,test,/home/ubuntu/hpproject/yolo/dataset/yolo/datasetm6c/images/test/0423.png,0,32-64,0.22022925317287445,ios,1.0,0.0,0.0,1.0,0.0,0.0,low_score,0,"245.00,349.00,280.00,380.00"
op1,test,/home/ubuntu/hpproject/yolo/dataset/yolo/datasetm6c/images/test/0423.png,1,16-32,0.4636005461215973,ios,1.0,0.7698941230773926,0.7698941230773926,1.0,0.7698941230773926,0.7698941230773926,regression_or_match_poor,0,"124.00,320.00,144.00,344.00"
op1,test,/home/ubuntu/hpproject/yolo/dataset/yolo/datasetm6c/images/test/0423.png,4,32-64,0.743969738483429,ios,0.8368647694587708,0.6401775479316711,0.560792863368988,0.8368647694587708,0.6401775479316711,0.560792863368988,regression_or_match_poor,0,"266.00,116.00,302.00,147.00"
op1,test,/home/ubuntu/hpproject/yolo/dataset/yolo/datasetm6c/images/test/0423.png,5,32-64,0.4748815596103668,ios,0.11221929639577866,0.006934843957424164,0.0,0.11221929639577866,0.006934843957424164,0.0,regression_or_match_poor,0,"228.00,97.00,263.00,123.00"
op1,test,/home/ubuntu/hpproject/yolo/dataset/yolo/datasetm6c/images/test/0426.png,0,16-32,0.12924756109714508,ios,0.9494804739952087,0.0,0.0,0.9494804739952087,0.0,0.0,low_score,0,"248.00,324.00,271.00,345.00"
op1,test,/home/ubuntu/hpproject/yolo/dataset/yolo/datasetm6c/images/test/0426.png,2,32-64,0.8843117952346802,ios,1.0,0.5889301300048828,0.5807706117630005,1.0,0.5889301300048828,0.5807706117630005,regression_or_match_poor,0,"190.00,260.00,237.00,295.00"
op1,test,/home/ubuntu/hpproject/yolo/dataset/yolo/datasetm6c/images/test/0426.png,3,32-64,0.10169028490781784,ios,1.0,0.0,0.0,1.0,0.0,0.0,low_score,0,"185.00,194.00,253.00,227.00"
op1,test,/home/ubuntu/hpproject/yolo/dataset/yolo/datasetm6c/images/test/0426.png,4,32-64,0.018623752519488335,ios,0.7073326110839844,0.0,0.0,0.7073326110839844,0.0,0.0,low_score,0,"234.00,147.00,271.00,176.00"
op1,test,/home/ubuntu/hpproject/yolo/dataset/yolo/datasetm6c/images/test/0426.png,6,16-32,0.12714627385139465,ios,0.30279871821403503,0.0,0.0,0.30279871821403503,0.0,0.0,low_score,0,"214.00,126.00,235.00,159.00"
op1,test,/home/ubuntu/hpproject/yolo/dataset/yolo/datasetm6c/images/test/0426.png,7,32-64,0.2681661546230316,ios,0.21467618644237518,0.0,0.0,0.21467618644237518,0.0,0.0,low_score,0,"281.00,122.00,312.00,158.00"
op1,test,/home/ubuntu/hpproject/yolo/dataset/yolo/datasetm6c/images/test/0426.png,8,32-64,0.2681661546230316,ios,1.0,0.0,0.0,1.0,0.0,0.0,low_score,0,"248.00,108.00,285.00,138.00"
op1,test,/home/ubuntu/hpproject/yolo/dataset/yolo/datasetm6c/images/test/0426.png,9,32-64,0.12714627385139465,ios,1.0,0.0,0.0,1.0,0.0,0.0,low_score,0,"179.00,98.00,243.00,123.00"
op1,test,/home/ubuntu/hpproject/yolo/dataset/yolo/datasetm6c/images/test/0432.png,1,32-64,0.2893303334712982,ios,1.0,0.0,0.0,1.0,0.0,0.0,low_score,0,"356.00,261.00,411.00,306.00"
op1,test,/home/ubuntu/hpproject/yolo/dataset/yolo/datasetm6c/images/test/0432.png,2,32-64,0.0,ios,0.0,0.0,0.0,0.0,0.0,0.0,no_response,0,"385.00,143.00,414.00,197.00"
op1,test,/home/ubuntu/hpproject/yolo/dataset/yolo/datasetm6c/images/test/0432.png,4,16-32,0.047720421105623245,ios,0.11869147419929504,0.0,0.0,0.11869147419929504,0.0,0.0,low_score,0,"340.00,102.00,364.00,133.00"
op1,test,/home/ubuntu/hpproject/yolo/dataset/yolo/datasetm6c/images/test/0436.png,0,32-64,0.13218918442726135,ios,0.9767053723335266,0.0,0.0,0.9767053723335266,0.0,0.0,low_score,0,"135.00,286.00,174.00,328.00"
op1,test,/home/ubuntu/hpproject/yolo/dataset/yolo/datasetm6c/images/test/0450.png,1,32-64,0.0,ios,0.0,0.0,0.0,0.0,0.0,0.0,no_response,0,"207.00,119.00,282.00,154.00"
op2,val,/home/ubuntu/hpproject/yolo/dataset/yolo/datasetm6c/images/val/0021.png,0,32-64,0.03620900586247444,ios,1.0,0.0,0.0,1.0,0.0,0.0,low_score,0,"233.00,94.00,273.00,157.00"
op2,val,/home/ubuntu/hpproject/yolo/dataset/yolo/datasetm6c/images/val/0051.png,0,32-64,0.042389869689941406,ios,0.8870272636413574,0.0,0.0,0.8870272636413574,0.0,0.0,low_score,0,"95.18,101.68,124.81,167.58"
op2,val,/home/ubuntu/hpproject/yolo/dataset/yolo/datasetm6c/images/val/0051.png,1,32-64,0.15752355754375458,ios,1.0,0.0,0.0,1.0,0.0,0.0,low_score,0,"151.41,131.31,181.04,170.61"
op2,val,/home/ubuntu/hpproject/yolo/dataset/yolo/datasetm6c/images/val/0051.png,2,32-64,0.2585361897945404,ios,1.0,0.0,0.0,1.0,0.0,0.0,low_score,0,"148.39,67.22,174.99,99.26"
op2,val,/home/ubuntu/hpproject/yolo/dataset/yolo/datasetm6c/images/val/0066.png,1,16-32,0.0,ios,0.0,0.0,0.0,0.0,0.0,0.0,no_response,0,"178.00,160.00,197.00,203.00"
op2,val,/home/ubuntu/hpproject/yolo/dataset/yolo/datasetm6c/images/val/0066.png,2,32-64,0.26523998379707336,ios,0.8661223649978638,0.0,0.0,0.8661223649978638,0.0,0.0,low_score,0,"256.00,122.00,324.00,153.00"
op2,val,/home/ubuntu/hpproject/yolo/dataset/yolo/datasetm6c/images/val/0066.png,3,16-32,0.2094428390264511,ios,1.0,0.0,0.0,1.0,0.0,0.0,low_score,0,"301.00,109.00,342.00,124.00"
op2,val,/home/ubuntu/hpproject/yolo/dataset/yolo/datasetm6c/images/val/0068.png,1,32-64,0.09239677339792252,ios,1.0,0.0,0.0,1.0,0.0,0.0,low_score,0,"124.00,211.00,155.00,235.00"
op2,val,/home/ubuntu/hpproject/yolo/dataset/yolo/datasetm6c/images/val/0068.png,2,32-64,0.016450459137558937,ios,0.6429566740989685,0.0,0.0,0.6429566740989685,0.0,0.0,low_score,0,"245.00,204.00,283.00,244.00"
op2,val,/home/ubuntu/hpproject/yolo/dataset/yolo/datasetm6c/images/val/0069.png,0,16-32,0.11968457698822021,ios,1.0,0.0,0.0,1.0,0.0,0.0,low_score,0,"246.72,163.93,276.55,179.99"
op2,val,/home/ubuntu/hpproject/yolo/dataset/yolo/datasetm6c/images/val/0069.png,1,32-64,0.25158441066741943,ios,1.0,0.0,0.0,1.0,0.0,0.0,low_score,0,"213.83,122.63,243.66,150.93"
op2,val,/home/ubuntu/hpproject/yolo/dataset/yolo/datasetm6c/images/val/0069.png,2,16-32,0.11047292500734329,ios,1.0,0.0,0.0,1.0,0.0,0.0,low_score,0,"145.00,243.47,169.47,271.77"
op2,val,/home/ubuntu/hpproject/yolo/dataset/yolo/datasetm6c/images/val/0069.png,3,16-32,0.031195813789963722,ios,0.8966030478477478,0.0,0.0,0.8966030478477478,0.0,0.0,low_score,0,"421.86,195.29,438.68,225.88"
op2,val,/home/ubuntu/hpproject/yolo/dataset/yolo/datasetm6c/images/val/0072.png,0,16-32,0.0696047767996788,ios,1.0,0.0,0.0,1.0,0.0,0.0,low_score,0,"222.00,150.00,241.00,164.00"
op2,val,/home/ubuntu/hpproject/yolo/dataset/yolo/datasetm6c/images/val/0072.png,1,32-64,0.16267937421798706,ios,1.0,0.0,0.0,1.0,0.0,0.0,low_score,0,"163.00,192.00,201.00,221.00"
op2,val,/home/ubuntu/hpproject/yolo/dataset/yolo/datasetm6c/images/val/0105.png,0,32-64,0.06882419437170029,ios,1.0,0.0,0.0,1.0,0.0,0.0,low_score,0,"145.00,170.00,205.00,198.00"
op2,val,/home/ubuntu/hpproject/yolo/dataset/yolo/datasetm6c/images/val/0105.png,1,32-64,0.09246449917554855,ios,1.0,0.0,0.0,1.0,0.0,0.0,low_score,0,"171.00,83.00,210.00,139.00"
op2,val,/home/ubuntu/hpproject/yolo/dataset/yolo/datasetm6c/images/val/0143.png,2,>=64,0.4893034100532532,ios,1.0,0.29154878854751587,0.23946090042591095,1.0,0.29154878854751587,0.23946090042591095,regression_or_match_poor,0,"108.00,194.00,308.00,263.00"
op2,val,/home/ubuntu/hpproject/yolo/dataset/yolo/datasetm6c/images/val/0144.png,0,32-64,0.0,ios,0.0,0.0,0.0,0.0,0.0,0.0,no_response,0,"312.00,269.00,350.00,305.00"
op2,val,/home/ubuntu/hpproject/yolo/dataset/yolo/datasetm6c/images/val/0172.png,0,32-64,0.4061114490032196,ios,0.9831430315971375,0.004301329609006643,0.004301329609006643,0.9831430315971375,0.004301329609006643,0.004301329609006643,regression_or_match_poor,0,"271.00,159.00,317.00,216.00"
op2,val,/home/ubuntu/hpproject/yolo/dataset/yolo/datasetm6c/images/val/0221.png,0,<16,0.7060835957527161,ios,1.0,1.0,0.6951684355735779,1.0,1.0,0.6951684355735779,regression_or_match_poor,0,"200.00,228.00,201.00,229.00"
op2,val,/home/ubuntu/hpproject/yolo/dataset/yolo/datasetm6c/images/val/0221.png,1,16-32,0.28401151299476624,ios,1.0,0.0,0.0,1.0,0.0,0.0,low_score,0,"164.00,236.00,191.00,257.00"
op2,val,/home/ubuntu/hpproject/yolo/dataset/yolo/datasetm6c/images/val/0221.png,2,16-32,0.7042540907859802,ios,1.0,0.07998383045196533,0.0,1.0,0.07998383045196533,0.0,regression_or_match_poor,0,"200.00,229.00,243.00,251.00"
op2,val,/home/ubuntu/hpproject/yolo/dataset/yolo/datasetm6c/images/val/0221.png,3,>=64,0.7060835957527161,ios,1.0,0.25222620368003845,0.22822406888008118,1.0,0.25222620368003845,0.22822406888008118,regression_or_match_poor,0,"263.00,200.00,331.00,285.00"
op2,val,/home/ubuntu/hpproject/yolo/dataset/yolo/datasetm6c/images/val/0221.png,5,>=64,0.7060835957527161,ios,1.0,1.0,1.0,1.0,1.0,1.0,regression_or_match_poor,0,"143.00,129.00,229.00,214.00"
op2,val,/home/ubuntu/hpproject/yolo/dataset/yolo/datasetm6c/images/val/0234.png,0,16-32,0.0,ios,0.0,0.0,0.0,0.0,0.0,0.0,no_response,0,"212.04,221.24,272.37,247.89"
op2,val,/home/ubuntu/hpproject/yolo/dataset/yolo/datasetm6c/images/val/0234.png,1,16-32,0.2723156809806824,ios,1.0,0.0,0.0,1.0,0.0,0.0,low_score,0,"255.13,153.08,270.80,169.53"
op2,val,/home/ubuntu/hpproject/yolo/dataset/yolo/datasetm6c/images/val/0234.png,2,32-64,0.0,ios,0.0,0.0,0.0,0.0,0.0,0.0,no_response,0,"361.70,260.42,396.96,297.25"
op2,val,/home/ubuntu/hpproject/yolo/dataset/yolo/datasetm6c/images/val/0237.png,0,>=64,0.13416787981987,ios,1.0,0.0,0.0,1.0,0.0,0.0,low_score,0,"253.00,300.00,342.00,378.00"
op2,val,/home/ubuntu/hpproject/yolo/dataset/yolo/datasetm6c/images/val/0262.png,0,16-32,0.09237939119338989,ios,1.0,0.0,0.0,1.0,0.0,0.0,low_score,0,"309.00,219.00,345.00,249.00"
op2,val,/home/ubuntu/hpproject/yolo/dataset/yolo/datasetm6c/images/val/0262.png,1,16-32,0.09944932907819748,ios,1.0,0.0,0.0,1.0,0.0,0.0,low_score,0,"246.00,193.00,280.00,217.00"
op2,val,/home/ubuntu/hpproject/yolo/dataset/yolo/datasetm6c/images/val/0262.png,2,32-64,0.09237939119338989,ios,1.0,0.0,0.0,1.0,0.0,0.0,low_score,0,"323.00,186.00,399.00,231.00"
op2,val,/home/ubuntu/hpproject/yolo/dataset/yolo/datasetm6c/images/val/0324.png,0,32-64,0.1631833165884018,ios,1.0,0.0,0.0,1.0,0.0,0.0,low_score,0,"216.00,230.00,251.00,269.00"
op2,val,/home/ubuntu/hpproject/yolo/dataset/yolo/datasetm6c/images/val/0349.png,0,16-32,0.0,ios,0.0,0.0,0.0,0.0,0.0,0.0,no_response,0,"411.00,225.00,442.00,250.00"
op2,val,/home/ubuntu/hpproject/yolo/dataset/yolo/datasetm6c/images/val/0359.png,0,32-64,0.14715252816677094,ios,0.9956991076469421,0.0,0.0,0.9956991076469421,0.0,0.0,low_score,0,"177.00,290.00,235.00,322.00"
op2,val,/home/ubuntu/hpproject/yolo/dataset/yolo/datasetm6c/images/val/0359.png,2,32-64,0.06317946314811707,ios,1.0,0.0,0.0,1.0,0.0,0.0,low_score,0,"245.00,225.00,281.00,252.00"
op2,val,/home/ubuntu/hpproject/yolo/dataset/yolo/datasetm6c/images/val/0359.png,3,16-32,0.15040402114391327,ios,1.0,0.0,0.0,1.0,0.0,0.0,low_score,0,"367.00,178.00,390.00,207.00"
op2,val,/home/ubuntu/hpproject/yolo/dataset/yolo/datasetm6c/images/val/0359.png,4,32-64,0.06998968124389648,ios,0.9542063474655151,0.0,0.0,0.9542063474655151,0.0,0.0,low_score,0,"238.00,81.00,284.00,107.00"
op2,val,/home/ubuntu/hpproject/yolo/dataset/yolo/datasetm6c/images/val/0363.png,1,16-32,0.05715513601899147,ios,0.9833481311798096,0.0,0.0,0.9833481311798096,0.0,0.0,low_score,0,"185.00,118.00,209.00,168.00"
op2,val,/home/ubuntu/hpproject/yolo/dataset/yolo/datasetm6c/images/val/0363.png,2,32-64,0.3377492129802704,ios,0.706531286239624,0.02936258539557457,0.02936258539557457,0.706531286239624,0.02936258539557457,0.02936258539557457,regression_or_match_poor,0,"264.00,90.00,290.00,117.00"
op2,val,/home/ubuntu/hpproject/yolo/dataset/yolo/datasetm6c/images/val/0371.png,0,16-32,0.16310474276542664,ios,1.0,0.0,0.0,1.0,0.0,0.0,low_score,0,"377.00,109.00,404.00,150.00"
op2,val,/home/ubuntu/hpproject/yolo/dataset/yolo/datasetm6c/images/val/0371.png,2,16-32,0.564170241355896,ios,0.967596173286438,0.9645683169364929,0.9645683169364929,0.967596173286438,0.9645683169364929,0.9645683169364929,regression_or_match_poor,0,"245.00,211.00,304.00,229.00"
op2,val,/home/ubuntu/hpproject/yolo/dataset/yolo/datasetm6c/images/val/0371.png,3,32-64,0.13076238334178925,ios,1.0,0.0,0.0,1.0,0.0,0.0,low_score,0,"255.00,144.00,330.00,188.00"
op2,val,/home/ubuntu/hpproject/yolo/dataset/yolo/datasetm6c/images/val/0371.png,4,32-64,0.23470132052898407,ios,1.0,0.0,0.0,1.0,0.0,0.0,low_score,0,"405.00,311.00,447.00,354.00"
op2,val,/home/ubuntu/hpproject/yolo/dataset/yolo/datasetm6c/images/val/0376.png,0,<16,0.0,ios,0.0,0.0,0.0,0.0,0.0,0.0,no_response,0,"423.00,339.00,436.00,384.00"
op2,val,/home/ubuntu/hpproject/yolo/dataset/yolo/datasetm6c/images/val/0376.png,1,16-32,0.0,ios,0.0,0.0,0.0,0.0,0.0,0.0,no_response,0,"456.00,174.00,473.00,212.00"
op2,val,/home/ubuntu/hpproject/yolo/dataset/yolo/datasetm6c/images/val/0376.png,2,16-32,0.12700651586055756,ios,1.0,0.0,0.0,1.0,0.0,0.0,low_score,0,"301.00,157.00,327.00,193.00"
op2,val,/home/ubuntu/hpproject/yolo/dataset/yolo/datasetm6c/images/val/0380.png,0,32-64,0.2042233943939209,ios,1.0,0.0,0.0,1.0,0.0,0.0,low_score,0,"330.00,350.00,376.00,383.00"
op2,val,/home/ubuntu/hpproject/yolo/dataset/yolo/datasetm6c/images/val/0380.png,1,32-64,0.0,ios,0.0,0.0,0.0,0.0,0.0,0.0,no_response,0,"389.00,302.00,419.00,333.00"
op2,val,/home/ubuntu/hpproject/yolo/dataset/yolo/datasetm6c/images/val/0380.png,3,32-64,0.0,ios,0.0,0.0,0.0,0.0,0.0,0.0,no_response,0,"399.00,163.00,431.00,203.00"
op2,val,/home/ubuntu/hpproject/yolo/dataset/yolo/datasetm6c/images/val/0380.png,4,16-32,0.06423395872116089,ios,1.0,0.0,0.0,1.0,0.0,0.0,low_score,0,"356.00,130.00,379.00,161.00"
op2,val,/home/ubuntu/hpproject/yolo/dataset/yolo/datasetm6c/images/val/0414.png,0,32-64,0.24681761860847473,ios,1.0,0.0,0.0,1.0,0.0,0.0,low_score,0,"398.58,233.47,442.18,314.29"
op2,val,/home/ubuntu/hpproject/yolo/dataset/yolo/datasetm6c/images/val/0428.png,0,16-32,0.0,ios,0.0,0.0,0.0,0.0,0.0,0.0,no_response,0,"206.00,154.00,227.00,179.00"
op2,val,/home/ubuntu/hpproject/yolo/dataset/yolo/datasetm6c/images/val/0428.png,1,32-64,0.0,ios,0.0,0.0,0.0,0.0,0.0,0.0,no_response,0,"223.00,172.00,251.00,237.00"
op2,val,/home/ubuntu/hpproject/yolo/dataset/yolo/datasetm6c/images/val/0433.png,0,32-64,0.0,ios,0.0,0.0,0.0,0.0,0.0,0.0,no_response,0,"286.00,326.00,332.00,374.00"
op2,val,/home/ubuntu/hpproject/yolo/dataset/yolo/datasetm6c/images/val/0433.png,1,32-64,0.012529714033007622,ios,0.17433582246303558,0.0,0.0,0.17433582246303558,0.0,0.0,low_score,0,"357.00,289.00,391.00,333.00"
op2,val,/home/ubuntu/hpproject/yolo/dataset/yolo/datasetm6c/images/val/0433.png,2,>=64,0.012529714033007622,ios,0.9863420724868774,0.0,0.0,0.9863420724868774,0.0,0.0,low_score,0,"344.00,198.00,423.00,294.00"
op2,val,/home/ubuntu/hpproject/yolo/dataset/yolo/datasetm6c/images/val/0433.png,3,32-64,0.0,ios,0.0,0.0,0.0,0.0,0.0,0.0,no_response,0,"272.00,146.00,305.00,177.00"
op2,val,/home/ubuntu/hpproject/yolo/dataset/yolo/datasetm6c/images/val/0433.png,5,16-32,0.023503776639699936,ios,1.0,0.0,0.0,1.0,0.0,0.0,low_score,0,"291.00,112.00,314.00,138.00"
op2,val,/home/ubuntu/hpproject/yolo/dataset/yolo/datasetm6c/images/val/0433.png,6,32-64,0.10992224514484406,ios,1.0,0.0,0.0,1.0,0.0,0.0,low_score,0,"232.00,84.00,269.00,119.00"
op2,test,/home/ubuntu/hpproject/yolo/dataset/yolo/datasetm6c/images/test/0031.png,0,>=64,0.2814194858074188,ios,1.0,0.0,0.0,1.0,0.0,0.0,low_score,0,"73.00,101.00,303.00,239.00"
op2,test,/home/ubuntu/hpproject/yolo/dataset/yolo/datasetm6c/images/test/0140.png,0,32-64,0.09269531816244125,ios,1.0,0.0,0.0,1.0,0.0,0.0,low_score,0,"324.00,143.00,355.00,183.00"
op2,test,/home/ubuntu/hpproject/yolo/dataset/yolo/datasetm6c/images/test/0149.png,0,32-64,0.2524268627166748,ios,1.0,0.0,0.0,1.0,0.0,0.0,low_score,0,"247.00,165.00,284.00,203.00"
op2,test,/home/ubuntu/hpproject/yolo/dataset/yolo/datasetm6c/images/test/0149.png,1,32-64,0.2524268627166748,ios,1.0,0.0,0.0,1.0,0.0,0.0,low_score,0,"284.00,132.00,311.00,161.00"
op2,test,/home/ubuntu/hpproject/yolo/dataset/yolo/datasetm6c/images/test/0161.png,0,>=64,0.26881030201911926,ios,1.0,0.0,0.0,1.0,0.0,0.0,low_score,0,"280.00,156.00,343.00,265.00"
op2,test,/home/ubuntu/hpproject/yolo/dataset/yolo/datasetm6c/images/test/0173.png,1,32-64,0.19882673025131226,ios,1.0,0.0,0.0,1.0,0.0,0.0,low_score,0,"261.00,102.00,299.00,151.00"
op2,test,/home/ubuntu/hpproject/yolo/dataset/yolo/datasetm6c/images/test/0175.png,0,>=64,0.27462038397789,ios,1.0,0.0,0.0,1.0,0.0,0.0,low_score,0,"249.00,85.00,412.00,261.00"
op2,test,/home/ubuntu/hpproject/yolo/dataset/yolo/datasetm6c/images/test/0193.png,1,32-64,0.3486332297325134,ios,1.0,0.3027133345603943,0.3027133345603943,1.0,0.3027133345603943,0.3027133345603943,regression_or_match_poor,0,"245.00,152.00,275.00,189.00"
op2,test,/home/ubuntu/hpproject/yolo/dataset/yolo/datasetm6c/images/test/0204.png,0,32-64,0.06411714106798172,ios,1.0,0.0,0.0,1.0,0.0,0.0,low_score,0,"246.00,149.00,288.00,207.00"
op2,test,/home/ubuntu/hpproject/yolo/dataset/yolo/datasetm6c/images/test/0213.png,0,32-64,0.26791849732398987,ios,1.0,0.0,0.0,1.0,0.0,0.0,low_score,0,"163.00,243.00,189.00,288.00"
op2,test,/home/ubuntu/hpproject/yolo/dataset/yolo/datasetm6c/images/test/0213.png,1,32-64,0.013074968941509724,ios,0.8671866059303284,0.0,0.0,0.8671866059303284,0.0,0.0,low_score,0,"119.00,230.00,154.00,290.00"
op2,test,/home/ubuntu/hpproject/yolo/dataset/yolo/datasetm6c/images/test/0232.png,0,16-32,0.2927025854587555,ios,1.0,0.0,0.0,1.0,0.0,0.0,low_score,0,"375.80,154.64,402.44,191.47"
op2,test,/home/ubuntu/hpproject/yolo/dataset/yolo/datasetm6c/images/test/0232.png,1,32-64,0.0,ios,0.0,0.0,0.0,0.0,0.0,0.0,no_response,0,"391.47,235.35,422.03,316.05"
op2,test,/home/ubuntu/hpproject/yolo/dataset/yolo/datasetm6c/images/test/0241.png,0,32-64,0.23252961039543152,ios,0.9498651027679443,0.0,0.0,0.9498651027679443,0.0,0.0,low_score,0,"188.00,142.00,307.00,195.00"
op2,test,/home/ubuntu/hpproject/yolo/dataset/yolo/datasetm6c/images/test/0299.png,0,32-64,0.043229687958955765,ios,1.0,0.0,0.0,1.0,0.0,0.0,low_score,0,"246.00,168.00,282.00,216.00"
op2,test,/home/ubuntu/hpproject/yolo/dataset/yolo/datasetm6c/images/test/0299.png,1,32-64,0.017775828018784523,ios,0.919252872467041,0.0,0.0,0.919252872467041,0.0,0.0,low_score,0,"241.00,109.00,283.00,150.00"
op2,test,/home/ubuntu/hpproject/yolo/dataset/yolo/datasetm6c/images/test/0299.png,2,32-64,0.20617935061454773,ios,1.0,0.0,0.0,1.0,0.0,0.0,low_score,0,"450.00,388.00,505.00,442.00"
op2,test,/home/ubuntu/hpproject/yolo/dataset/yolo/datasetm6c/images/test/0308.png,0,32-64,0.0,ios,0.0,0.0,0.0,0.0,0.0,0.0,no_response,0,"201.00,159.00,239.00,214.00"
op2,test,/home/ubuntu/hpproject/yolo/dataset/yolo/datasetm6c/images/test/0308.png,1,16-32,0.0,ios,0.0,0.0,0.0,0.0,0.0,0.0,no_response,0,"197.00,120.00,217.00,142.00"
op2,test,/home/ubuntu/hpproject/yolo/dataset/yolo/datasetm6c/images/test/0340.png,0,<16,0.134923055768013,ios,1.0,0.0,0.0,1.0,0.0,0.0,low_score,0,"225.00,357.00,239.00,376.00"
op2,test,/home/ubuntu/hpproject/yolo/dataset/yolo/datasetm6c/images/test/0340.png,2,16-32,0.0,ios,0.0,0.0,0.0,0.0,0.0,0.0,no_response,0,"227.96,250.75,246.03,270.45"
op2,test,/home/ubuntu/hpproject/yolo/dataset/yolo/datasetm6c/images/test/0365.png,1,32-64,0.5592049956321716,ios,0.9298601746559143,0.841222882270813,0.8015968799591064,0.9298601746559143,0.841222882270813,0.8015968799591064,regression_or_match_poor,0,"146.00,141.00,180.00,180.00"
op2,test,/home/ubuntu/hpproject/yolo/dataset/yolo/datasetm6c/images/test/0374.png,0,32-64,0.4322417080402374,ios,1.0,0.9555298089981079,0.9555298089981079,1.0,0.9555298089981079,0.9555298089981079,regression_or_match_poor,0,"290.00,192.00,350.00,220.00"
op2,test,/home/ubuntu/hpproject/yolo/dataset/yolo/datasetm6c/images/test/0378.png,0,16-32,0.11429484188556671,ios,1.0,0.0,0.0,1.0,0.0,0.0,low_score,0,"207.00,382.00,257.00,404.00"
op2,test,/home/ubuntu/hpproject/yolo/dataset/yolo/datasetm6c/images/test/0378.png,1,32-64,0.03198744356632233,ios,0.9654501080513,0.0,0.0,0.9654501080513,0.0,0.0,low_score,0,"263.00,327.00,313.00,359.00"
op2,test,/home/ubuntu/hpproject/yolo/dataset/yolo/datasetm6c/images/test/0378.png,3,>=64,0.29900363087654114,ios,1.0,0.0,0.0,1.0,0.0,0.0,low_score,0,"216.00,209.00,315.00,280.00"
op2,test,/home/ubuntu/hpproject/yolo/dataset/yolo/datasetm6c/images/test/0378.png,4,16-32,0.29900363087654114,ios,1.0,0.0,0.0,1.0,0.0,0.0,low_score,0,"296.00,190.00,323.00,216.00"
op2,test,/home/ubuntu/hpproject/yolo/dataset/yolo/datasetm6c/images/test/0407.png,0,16-32,0.0,ios,0.0,0.0,0.0,0.0,0.0,0.0,no_response,0,"167.00,328.00,190.00,354.00"
op2,test,/home/ubuntu/hpproject/yolo/dataset/yolo/datasetm6c/images/test/0419.png,0,32-64,0.06989221274852753,ios,1.0,0.0,0.0,1.0,0.0,0.0,low_score,0,"139.42,142.89,183.31,203.62"
op2,test,/home/ubuntu/hpproject/yolo/dataset/yolo/datasetm6c/images/test/0419.png,1,32-64,0.23686152696609497,ios,0.7039903402328491,0.0,0.0,0.7039903402328491,0.0,0.0,low_score,0,"188.44,172.89,233.80,208.01"
op2,test,/home/ubuntu/hpproject/yolo/dataset/yolo/datasetm6c/images/test/0423.png,1,16-32,0.09088493138551712,ios,1.0,0.0,0.0,1.0,0.0,0.0,low_score,0,"124.00,320.00,144.00,344.00"
op2,test,/home/ubuntu/hpproject/yolo/dataset/yolo/datasetm6c/images/test/0423.png,2,16-32,0.13720236718654633,ios,1.0,0.0,0.0,1.0,0.0,0.0,low_score,0,"95.00,275.00,116.00,302.00"
op2,test,/home/ubuntu/hpproject/yolo/dataset/yolo/datasetm6c/images/test/0423.png,4,32-64,0.4322998821735382,ios,1.0,0.5837057828903198,0.5837057828903198,1.0,0.5837057828903198,0.5837057828903198,regression_or_match_poor,0,"266.00,116.00,302.00,147.00"
op2,test,/home/ubuntu/hpproject/yolo/dataset/yolo/datasetm6c/images/test/0423.png,5,32-64,0.04414878040552139,ios,1.0,0.0,0.0,1.0,0.0,0.0,low_score,0,"228.00,97.00,263.00,123.00"
op2,test,/home/ubuntu/hpproject/yolo/dataset/yolo/datasetm6c/images/test/0426.png,0,16-32,0.07448083907365799,ios,1.0,0.0,0.0,1.0,0.0,0.0,low_score,0,"248.00,324.00,271.00,345.00"
op2,test,/home/ubuntu/hpproject/yolo/dataset/yolo/datasetm6c/images/test/0426.png,2,32-64,0.46902185678482056,ios,0.9086773991584778,0.7505046725273132,0.6165279150009155,0.9086773991584778,0.7505046725273132,0.6165279150009155,regression_or_match_poor,0,"190.00,260.00,237.00,295.00"
op2,test,/home/ubuntu/hpproject/yolo/dataset/yolo/datasetm6c/images/test/0426.png,3,32-64,0.22499510645866394,ios,1.0,0.0,0.0,1.0,0.0,0.0,low_score,0,"185.00,194.00,253.00,227.00"
op2,test,/home/ubuntu/hpproject/yolo/dataset/yolo/datasetm6c/images/test/0426.png,4,32-64,0.16084307432174683,ios,1.0,0.0,0.0,1.0,0.0,0.0,low_score,0,"234.00,147.00,271.00,176.00"
op2,test,/home/ubuntu/hpproject/yolo/dataset/yolo/datasetm6c/images/test/0426.png,6,16-32,0.16084307432174683,ios,1.0,0.0,0.0,1.0,0.0,0.0,low_score,0,"214.00,126.00,235.00,159.00"
op2,test,/home/ubuntu/hpproject/yolo/dataset/yolo/datasetm6c/images/test/0426.png,7,32-64,0.518402099609375,ios,1.0,0.035590872168540955,0.035590872168540955,1.0,0.035590872168540955,0.035590872168540955,regression_or_match_poor,0,"281.00,122.00,312.00,158.00"
op2,test,/home/ubuntu/hpproject/yolo/dataset/yolo/datasetm6c/images/test/0426.png,9,32-64,0.25550734996795654,ios,1.0,0.0,0.0,1.0,0.0,0.0,low_score,0,"179.00,98.00,243.00,123.00"
op2,test,/home/ubuntu/hpproject/yolo/dataset/yolo/datasetm6c/images/test/0430.png,0,32-64,0.23432713747024536,ios,1.0,0.0,0.0,1.0,0.0,0.0,low_score,0,"194.00,163.00,254.00,189.00"
op2,test,/home/ubuntu/hpproject/yolo/dataset/yolo/datasetm6c/images/test/0432.png,0,32-64,0.22663334012031555,ios,1.0,0.0,0.0,1.0,0.0,0.0,low_score,0,"320.00,356.00,354.00,383.00"
op2,test,/home/ubuntu/hpproject/yolo/dataset/yolo/datasetm6c/images/test/0432.png,1,32-64,0.14066965878009796,ios,1.0,0.0,0.0,1.0,0.0,0.0,low_score,0,"356.00,261.00,411.00,306.00"
op2,test,/home/ubuntu/hpproject/yolo/dataset/yolo/datasetm6c/images/test/0432.png,2,32-64,0.0,ios,0.0,0.0,0.0,0.0,0.0,0.0,no_response,0,"385.00,143.00,414.00,197.00"
op2,test,/home/ubuntu/hpproject/yolo/dataset/yolo/datasetm6c/images/test/0432.png,4,16-32,0.0,ios,0.0,0.0,0.0,0.0,0.0,0.0,no_response,0,"340.00,102.00,364.00,133.00"
op2,test,/home/ubuntu/hpproject/yolo/dataset/yolo/datasetm6c/images/test/0436.png,0,32-64,0.19047684967517853,ios,1.0,0.0,0.0,1.0,0.0,0.0,low_score,0,"135.00,286.00,174.00,328.00"
op2,test,/home/ubuntu/hpproject/yolo/dataset/yolo/datasetm6c/images/test/0450.png,0,32-64,0.2804996371269226,ios,1.0,0.0,0.0,1.0,0.0,0.0,low_score,0,"154.00,156.00,204.00,193.00"
op2,test,/home/ubuntu/hpproject/yolo/dataset/yolo/datasetm6c/images/test/0450.png,1,32-64,0.0,ios,0.0,0.0,0.0,0.0,0.0,0.0,no_response,0,"207.00,119.00,282.00,154.00"
op3,val,/home/ubuntu/hpproject/yolo/dataset/yolo/datasetm6c/images/val/0021.png,0,32-64,0.03942436724901199,ios,0.9950798749923706,0.0,0.0,0.9950798749923706,0.0,0.0,low_score,0,"233.00,94.00,273.00,157.00"
op3,val,/home/ubuntu/hpproject/yolo/dataset/yolo/datasetm6c/images/val/0051.png,0,32-64,0.09253375232219696,ios,1.0,0.0,0.0,1.0,0.0,0.0,low_score,0,"95.18,101.68,124.81,167.58"
op3,val,/home/ubuntu/hpproject/yolo/dataset/yolo/datasetm6c/images/val/0055.png,1,>=64,0.5600982904434204,ios,0.9772121906280518,0.06681004166603088,0.038368746638298035,0.9772121906280518,0.06681004166603088,0.038368746638298035,regression_or_match_poor,0,"151.00,65.00,211.00,117.00"
op3,val,/home/ubuntu/hpproject/yolo/dataset/yolo/datasetm6c/images/val/0066.png,1,16-32,0.0,ios,0.0,0.0,0.0,0.0,0.0,0.0,no_response,0,"178.00,160.00,197.00,203.00"
op3,val,/home/ubuntu/hpproject/yolo/dataset/yolo/datasetm6c/images/val/0066.png,3,16-32,0.11521708965301514,ios,1.0,0.0,0.0,1.0,0.0,0.0,low_score,0,"301.00,109.00,342.00,124.00"
op3,val,/home/ubuntu/hpproject/yolo/dataset/yolo/datasetm6c/images/val/0068.png,2,32-64,0.02548311837017536,ios,1.0,0.0,0.0,1.0,0.0,0.0,low_score,0,"245.00,204.00,283.00,244.00"
op3,val,/home/ubuntu/hpproject/yolo/dataset/yolo/datasetm6c/images/val/0069.png,0,16-32,0.19320730865001678,ios,0.9533593654632568,0.0,0.0,0.9533593654632568,0.0,0.0,low_score,0,"246.72,163.93,276.55,179.99"
op3,val,/home/ubuntu/hpproject/yolo/dataset/yolo/datasetm6c/images/val/0069.png,1,32-64,0.03092382289469242,ios,1.0,0.0,0.0,1.0,0.0,0.0,low_score,0,"213.83,122.63,243.66,150.93"
op3,val,/home/ubuntu/hpproject/yolo/dataset/yolo/datasetm6c/images/val/0072.png,0,16-32,0.09482287615537643,ios,1.0,0.0,0.0,1.0,0.0,0.0,low_score,0,"222.00,150.00,241.00,164.00"
op3,val,/home/ubuntu/hpproject/yolo/dataset/yolo/datasetm6c/images/val/0072.png,1,32-64,0.2571243643760681,ios,0.9808182120323181,0.0,0.0,0.9808182120323181,0.0,0.0,low_score,0,"163.00,192.00,201.00,221.00"
op3,val,/home/ubuntu/hpproject/yolo/dataset/yolo/datasetm6c/images/val/0084.png,0,32-64,0.24899683892726898,ios,0.9747487902641296,0.0,0.0,0.9747487902641296,0.0,0.0,low_score,0,"253.00,119.00,292.00,159.00"
op3,val,/home/ubuntu/hpproject/yolo/dataset/yolo/datasetm6c/images/val/0094.png,1,32-64,0.10926587879657745,ios,1.0,0.0,0.0,1.0,0.0,0.0,low_score,0,"441.00,210.00,485.00,273.00"
op3,val,/home/ubuntu/hpproject/yolo/dataset/yolo/datasetm6c/images/val/0105.png,0,32-64,0.064845971763134,ios,1.0,0.0,0.0,1.0,0.0,0.0,low_score,0,"145.00,170.00,205.00,198.00"
op3,val,/home/ubuntu/hpproject/yolo/dataset/yolo/datasetm6c/images/val/0105.png,1,32-64,0.12941747903823853,ios,0.9959449768066406,0.0,0.0,0.9959449768066406,0.0,0.0,low_score,0,"171.00,83.00,210.00,139.00"
op3,val,/home/ubuntu/hpproject/yolo/dataset/yolo/datasetm6c/images/val/0143.png,0,>=64,0.7851950526237488,ios,1.0,0.5294946432113647,0.5125719308853149,1.0,0.5294946432113647,0.5125719308853149,regression_or_match_poor,0,"94.00,275.00,315.00,346.00"
op3,val,/home/ubuntu/hpproject/yolo/dataset/yolo/datasetm6c/images/val/0143.png,2,>=64,0.7851950526237488,ios,1.0,0.19362495839595795,0.15285003185272217,1.0,0.19362495839595795,0.15285003185272217,regression_or_match_poor,0,"108.00,194.00,308.00,263.00"
op3,val,/home/ubuntu/hpproject/yolo/dataset/yolo/datasetm6c/images/val/0144.png,0,32-64,0.036509908735752106,ios,1.0,0.0,0.0,1.0,0.0,0.0,low_score,0,"312.00,269.00,350.00,305.00"
op3,val,/home/ubuntu/hpproject/yolo/dataset/yolo/datasetm6c/images/val/0154.png,1,>=64,0.21500642597675323,ios,1.0,0.0,0.0,1.0,0.0,0.0,low_score,0,"202.00,136.00,309.00,188.00"
op3,val,/home/ubuntu/hpproject/yolo/dataset/yolo/datasetm6c/images/val/0188.png,1,32-64,0.22542478144168854,ios,1.0,0.0,0.0,1.0,0.0,0.0,low_score,0,"293.00,111.00,340.00,184.00"
op3,val,/home/ubuntu/hpproject/yolo/dataset/yolo/datasetm6c/images/val/0221.png,0,<16,0.549394965171814,ios,1.0,0.9245208501815796,0.0,1.0,0.9245208501815796,0.0,postproc_filtered,0,"200.00,228.00,201.00,229.00"
op3,val,/home/ubuntu/hpproject/yolo/dataset/yolo/datasetm6c/images/val/0221.png,2,16-32,0.2583756148815155,ios,1.0,0.0,0.0,1.0,0.0,0.0,low_score,0,"200.00,229.00,243.00,251.00"
op3,val,/home/ubuntu/hpproject/yolo/dataset/yolo/datasetm6c/images/val/0221.png,3,>=64,0.718290388584137,ios,1.0,0.2785625457763672,0.2585689127445221,1.0,0.2785625457763672,0.2585689127445221,regression_or_match_poor,0,"263.00,200.00,331.00,285.00"
op3,val,/home/ubuntu/hpproject/yolo/dataset/yolo/datasetm6c/images/val/0221.png,5,>=64,0.718290388584137,ios,1.0,1.0,1.0,1.0,1.0,1.0,regression_or_match_poor,0,"143.00,129.00,229.00,214.00"
op3,val,/home/ubuntu/hpproject/yolo/dataset/yolo/datasetm6c/images/val/0234.png,0,16-32,0.010179848410189152,ios,0.0003277770592831075,0.0,0.0,0.0003277770592831075,0.0,0.0,low_score,0,"212.04,221.24,272.37,247.89"
op3,val,/home/ubuntu/hpproject/yolo/dataset/yolo/datasetm6c/images/val/0234.png,1,16-32,0.0881851315498352,ios,1.0,0.0,0.0,1.0,0.0,0.0,low_score,0,"255.13,153.08,270.80,169.53"
op3,val,/home/ubuntu/hpproject/yolo/dataset/yolo/datasetm6c/images/val/0234.png,2,32-64,0.0,ios,0.0,0.0,0.0,0.0,0.0,0.0,no_response,0,"361.70,260.42,396.96,297.25"
op3,val,/home/ubuntu/hpproject/yolo/dataset/yolo/datasetm6c/images/val/0262.png,0,16-32,0.12001106142997742,ios,1.0,0.0,0.0,1.0,0.0,0.0,low_score,0,"309.00,219.00,345.00,249.00"
op3,val,/home/ubuntu/hpproject/yolo/dataset/yolo/datasetm6c/images/val/0262.png,2,32-64,0.12001106142997742,ios,0.8550240397453308,0.0,0.0,0.8550240397453308,0.0,0.0,low_score,0,"323.00,186.00,399.00,231.00"
op3,val,/home/ubuntu/hpproject/yolo/dataset/yolo/datasetm6c/images/val/0324.png,0,32-64,0.07023034244775772,ios,1.0,0.0,0.0,1.0,0.0,0.0,low_score,0,"216.00,230.00,251.00,269.00"
op3,val,/home/ubuntu/hpproject/yolo/dataset/yolo/datasetm6c/images/val/0349.png,0,16-32,0.012662702240049839,ios,1.0,0.0,0.0,1.0,0.0,0.0,low_score,0,"411.00,225.00,442.00,250.00"
op3,val,/home/ubuntu/hpproject/yolo/dataset/yolo/datasetm6c/images/val/0351.png,1,>=64,0.35655900835990906,ios,1.0,0.1232551634311676,0.11490291357040405,1.0,0.1232551634311676,0.11490291357040405,regression_or_match_poor,0,"175.00,126.00,304.00,252.00"
op3,val,/home/ubuntu/hpproject/yolo/dataset/yolo/datasetm6c/images/val/0359.png,2,32-64,0.11058084666728973,ios,1.0,0.0,0.0,1.0,0.0,0.0,low_score,0,"245.00,225.00,281.00,252.00"
op3,val,/home/ubuntu/hpproject/yolo/dataset/yolo/datasetm6c/images/val/0359.png,3,16-32,0.1539117693901062,ios,1.0,0.0,0.0,1.0,0.0,0.0,low_score,0,"367.00,178.00,390.00,207.00"
op3,val,/home/ubuntu/hpproject/yolo/dataset/yolo/datasetm6c/images/val/0363.png,1,16-32,0.08935027569532394,ios,0.8602094054222107,0.0,0.0,0.8602094054222107,0.0,0.0,low_score,0,"185.00,118.00,209.00,168.00"
op3,val,/home/ubuntu/hpproject/yolo/dataset/yolo/datasetm6c/images/val/0363.png,2,32-64,0.6492133736610413,ios,0.7659562230110168,0.20474043488502502,0.01377884577959776,0.7659562230110168,0.20474043488502502,0.01377884577959776,postproc_filtered,0,"264.00,90.00,290.00,117.00"
op3,val,/home/ubuntu/hpproject/yolo/dataset/yolo/datasetm6c/images/val/0376.png,0,<16,0.0,ios,0.0,0.0,0.0,0.0,0.0,0.0,no_response,0,"423.00,339.00,436.00,384.00"
op3,val,/home/ubuntu/hpproject/yolo/dataset/yolo/datasetm6c/images/val/0376.png,1,16-32,0.0,ios,0.0,0.0,0.0,0.0,0.0,0.0,no_response,0,"456.00,174.00,473.00,212.00"
op3,val,/home/ubuntu/hpproject/yolo/dataset/yolo/datasetm6c/images/val/0376.png,3,16-32,0.11528684198856354,ios,1.0,0.0,0.0,1.0,0.0,0.0,low_score,0,"360.00,131.00,395.00,157.00"
op3,val,/home/ubuntu/hpproject/yolo/dataset/yolo/datasetm6c/images/val/0380.png,0,32-64,0.14313575625419617,ios,1.0,0.0,0.0,1.0,0.0,0.0,low_score,0,"330.00,350.00,376.00,383.00"
op3,val,/home/ubuntu/hpproject/yolo/dataset/yolo/datasetm6c/images/val/0380.png,1,32-64,0.014510280452668667,ios,1.0,0.0,0.0,1.0,0.0,0.0,low_score,0,"389.00,302.00,419.00,333.00"
op3,val,/home/ubuntu/hpproject/yolo/dataset/yolo/datasetm6c/images/val/0380.png,3,32-64,0.0,ios,0.0,0.0,0.0,0.0,0.0,0.0,no_response,0,"399.00,163.00,431.00,203.00"
op3,val,/home/ubuntu/hpproject/yolo/dataset/yolo/datasetm6c/images/val/0414.png,0,32-64,0.29686540365219116,ios,0.9952372312545776,0.0,0.0,0.9952372312545776,0.0,0.0,low_score,0,"398.58,233.47,442.18,314.29"
op3,val,/home/ubuntu/hpproject/yolo/dataset/yolo/datasetm6c/images/val/0428.png,0,16-32,0.0,ios,0.0,0.0,0.0,0.0,0.0,0.0,no_response,0,"206.00,154.00,227.00,179.00"
op3,val,/home/ubuntu/hpproject/yolo/dataset/yolo/datasetm6c/images/val/0428.png,1,32-64,0.0,ios,0.0,0.0,0.0,0.0,0.0,0.0,no_response,0,"223.00,172.00,251.00,237.00"
op3,val,/home/ubuntu/hpproject/yolo/dataset/yolo/datasetm6c/images/val/0433.png,0,32-64,0.0,ios,0.0,0.0,0.0,0.0,0.0,0.0,no_response,0,"286.00,326.00,332.00,374.00"
op3,val,/home/ubuntu/hpproject/yolo/dataset/yolo/datasetm6c/images/val/0433.png,1,32-64,0.015321807935833931,ios,0.8470271229743958,0.0,0.0,0.8470271229743958,0.0,0.0,low_score,0,"357.00,289.00,391.00,333.00"
op3,val,/home/ubuntu/hpproject/yolo/dataset/yolo/datasetm6c/images/val/0433.png,2,>=64,0.015321807935833931,ios,0.8950701951980591,0.0,0.0,0.8950701951980591,0.0,0.0,low_score,0,"344.00,198.00,423.00,294.00"
op3,val,/home/ubuntu/hpproject/yolo/dataset/yolo/datasetm6c/images/val/0433.png,3,32-64,0.0,ios,0.0,0.0,0.0,0.0,0.0,0.0,no_response,0,"272.00,146.00,305.00,177.00"
op3,val,/home/ubuntu/hpproject/yolo/dataset/yolo/datasetm6c/images/val/0433.png,5,16-32,0.0,ios,0.0,0.0,0.0,0.0,0.0,0.0,no_response,0,"291.00,112.00,314.00,138.00"
op3,val,/home/ubuntu/hpproject/yolo/dataset/yolo/datasetm6c/images/val/0433.png,6,32-64,0.05025913938879967,ios,1.0,0.0,0.0,1.0,0.0,0.0,low_score,0,"232.00,84.00,269.00,119.00"
op3,test,/home/ubuntu/hpproject/yolo/dataset/yolo/datasetm6c/images/test/0049.png,0,32-64,0.27518773078918457,ios,0.9233863353729248,0.0,0.0,0.9233863353729248,0.0,0.0,low_score,0,"135.00,177.00,237.00,203.00"
op3,test,/home/ubuntu/hpproject/yolo/dataset/yolo/datasetm6c/images/test/0127.png,1,32-64,0.6913124322891235,ios,0.8130397200584412,0.8130397200584412,0.8103782534599304,0.8130397200584412,0.8130397200584412,0.8103782534599304,regression_or_match_poor,0,"173.00,129.00,230.00,177.00"
op3,test,/home/ubuntu/hpproject/yolo/dataset/yolo/datasetm6c/images/test/0140.png,0,32-64,0.22903501987457275,ios,1.0,0.0,0.0,1.0,0.0,0.0,low_score,0,"324.00,143.00,355.00,183.00"
op3,test,/home/ubuntu/hpproject/yolo/dataset/yolo/datasetm6c/images/test/0149.png,1,32-64,0.6198592185974121,ios,0.02163279987871647,0.003719685599207878,0.0009230641881003976,0.02163279987871647,0.003719685599207878,0.0009230641881003976,regression_or_match_poor,0,"284.00,132.00,311.00,161.00"
op3,test,/home/ubuntu/hpproject/yolo/dataset/yolo/datasetm6c/images/test/0161.png,1,>=64,0.06887181848287582,ios,0.9593515396118164,0.0,0.0,0.9593515396118164,0.0,0.0,low_score,0,"150.00,88.00,208.00,150.00"
op3,test,/home/ubuntu/hpproject/yolo/dataset/yolo/datasetm6c/images/test/0193.png,1,32-64,0.8226208090782166,ios,1.0,0.33604294061660767,0.33604294061660767,1.0,0.33604294061660767,0.33604294061660767,regression_or_match_poor,0,"245.00,152.00,275.00,189.00"
op3,test,/home/ubuntu/hpproject/yolo/dataset/yolo/datasetm6c/images/test/0204.png,0,32-64,0.06603386998176575,ios,1.0,0.0,0.0,1.0,0.0,0.0,low_score,0,"246.00,149.00,288.00,207.00"
op3,test,/home/ubuntu/hpproject/yolo/dataset/yolo/datasetm6c/images/test/0213.png,0,32-64,0.2284160852432251,ios,1.0,0.0,0.0,1.0,0.0,0.0,low_score,0,"163.00,243.00,189.00,288.00"
op3,test,/home/ubuntu/hpproject/yolo/dataset/yolo/datasetm6c/images/test/0213.png,1,32-64,0.035516880452632904,ios,1.0,0.0,0.0,1.0,0.0,0.0,low_score,0,"119.00,230.00,154.00,290.00"
op3,test,/home/ubuntu/hpproject/yolo/dataset/yolo/datasetm6c/images/test/0218.png,0,>=64,0.803007185459137,ios,1.0,0.9797788262367249,0.9241019487380981,1.0,0.9797788262367249,0.9241019487380981,regression_or_match_poor,0,"183.00,130.00,260.00,178.00"
op3,test,/home/ubuntu/hpproject/yolo/dataset/yolo/datasetm6c/images/test/0232.png,1,32-64,0.0,ios,0.0,0.0,0.0,0.0,0.0,0.0,no_response,0,"391.47,235.35,422.03,316.05"
op3,test,/home/ubuntu/hpproject/yolo/dataset/yolo/datasetm6c/images/test/0241.png,0,32-64,0.10555718094110489,ios,0.9458333253860474,0.0,0.0,0.9458333253860474,0.0,0.0,low_score,0,"188.00,142.00,307.00,195.00"
op3,test,/home/ubuntu/hpproject/yolo/dataset/yolo/datasetm6c/images/test/0295.png,0,32-64,0.21528758108615875,ios,1.0,0.0,0.0,1.0,0.0,0.0,low_score,0,"303.00,134.00,358.00,175.00"
op3,test,/home/ubuntu/hpproject/yolo/dataset/yolo/datasetm6c/images/test/0299.png,0,32-64,0.013936012051999569,ios,0.9651882648468018,0.0,0.0,0.9651882648468018,0.0,0.0,low_score,0,"246.00,168.00,282.00,216.00"
op3,test,/home/ubuntu/hpproject/yolo/dataset/yolo/datasetm6c/images/test/0299.png,1,32-64,0.0,ios,0.0,0.0,0.0,0.0,0.0,0.0,no_response,0,"241.00,109.00,283.00,150.00"
op3,test,/home/ubuntu/hpproject/yolo/dataset/yolo/datasetm6c/images/test/0299.png,2,32-64,0.283387690782547,ios,1.0,0.0,0.0,1.0,0.0,0.0,low_score,0,"450.00,388.00,505.00,442.00"
op3,test,/home/ubuntu/hpproject/yolo/dataset/yolo/datasetm6c/images/test/0308.png,0,32-64,0.0,ios,0.0,0.0,0.0,0.0,0.0,0.0,no_response,0,"201.00,159.00,239.00,214.00"
op3,test,/home/ubuntu/hpproject/yolo/dataset/yolo/datasetm6c/images/test/0308.png,1,16-32,0.0,ios,0.0,0.0,0.0,0.0,0.0,0.0,no_response,0,"197.00,120.00,217.00,142.00"
op3,test,/home/ubuntu/hpproject/yolo/dataset/yolo/datasetm6c/images/test/0340.png,0,<16,0.11634700745344162,ios,1.0,0.0,0.0,1.0,0.0,0.0,low_score,0,"225.00,357.00,239.00,376.00"
op3,test,/home/ubuntu/hpproject/yolo/dataset/yolo/datasetm6c/images/test/0340.png,2,16-32,0.0,ios,0.0,0.0,0.0,0.0,0.0,0.0,no_response,0,"227.96,250.75,246.03,270.45"
op3,test,/home/ubuntu/hpproject/yolo/dataset/yolo/datasetm6c/images/test/0365.png,1,32-64,0.4911796748638153,ios,0.9070554971694946,0.8501384854316711,0.80738765001297,0.9070554971694946,0.8501384854316711,0.80738765001297,regression_or_match_poor,0,"146.00,141.00,180.00,180.00"
op3,test,/home/ubuntu/hpproject/yolo/dataset/yolo/datasetm6c/images/test/0374.png,0,32-64,0.2629568874835968,ios,1.0,0.0,0.0,1.0,0.0,0.0,low_score,0,"290.00,192.00,350.00,220.00"
op3,test,/home/ubuntu/hpproject/yolo/dataset/yolo/datasetm6c/images/test/0374.png,1,32-64,0.19069024920463562,ios,1.0,0.0,0.0,1.0,0.0,0.0,low_score,0,"351.00,143.00,390.00,196.00"
op3,test,/home/ubuntu/hpproject/yolo/dataset/yolo/datasetm6c/images/test/0378.png,1,32-64,0.1352899670600891,ios,0.9524521231651306,0.0,0.0,0.9524521231651306,0.0,0.0,low_score,0,"263.00,327.00,313.00,359.00"
op3,test,/home/ubuntu/hpproject/yolo/dataset/yolo/datasetm6c/images/test/0407.png,0,16-32,0.050032470375299454,ios,0.16448865830898285,0.0,0.0,0.16448865830898285,0.0,0.0,low_score,0,"167.00,328.00,190.00,354.00"
op3,test,/home/ubuntu/hpproject/yolo/dataset/yolo/datasetm6c/images/test/0419.png,0,32-64,0.12759838998317719,ios,0.8584239482879639,0.0,0.0,0.8584239482879639,0.0,0.0,low_score,0,"139.42,142.89,183.31,203.62"
op3,test,/home/ubuntu/hpproject/yolo/dataset/yolo/datasetm6c/images/test/0419.png,1,32-64,0.18283137679100037,ios,0.7684704065322876,0.0,0.0,0.7684704065322876,0.0,0.0,low_score,0,"188.44,172.89,233.80,208.01"
op3,test,/home/ubuntu/hpproject/yolo/dataset/yolo/datasetm6c/images/test/0423.png,2,16-32,0.26895079016685486,ios,1.0,0.0,0.0,1.0,0.0,0.0,low_score,0,"95.00,275.00,116.00,302.00"
op3,test,/home/ubuntu/hpproject/yolo/dataset/yolo/datasetm6c/images/test/0423.png,5,32-64,0.667067289352417,ios,0.947720468044281,0.1085067093372345,0.056293338537216187,0.947720468044281,0.1085067093372345,0.056293338537216187,regression_or_match_poor,0,"228.00,97.00,263.00,123.00"
op3,test,/home/ubuntu/hpproject/yolo/dataset/yolo/datasetm6c/images/test/0426.png,0,16-32,0.13095128536224365,ios,0.9901507496833801,0.0,0.0,0.9901507496833801,0.0,0.0,low_score,0,"248.00,324.00,271.00,345.00"
op3,test,/home/ubuntu/hpproject/yolo/dataset/yolo/datasetm6c/images/test/0426.png,2,32-64,0.7711600661277771,ios,1.0,0.5112143158912659,0.4923759698867798,1.0,0.5112143158912659,0.4923759698867798,regression_or_match_poor,0,"190.00,260.00,237.00,295.00"
op3,test,/home/ubuntu/hpproject/yolo/dataset/yolo/datasetm6c/images/test/0426.png,4,32-64,0.08631303906440735,ios,0.7820560336112976,0.0,0.0,0.7820560336112976,0.0,0.0,low_score,0,"234.00,147.00,271.00,176.00"
op3,test,/home/ubuntu/hpproject/yolo/dataset/yolo/datasetm6c/images/test/0426.png,6,16-32,0.09046022593975067,ios,1.0,0.0,0.0,1.0,0.0,0.0,low_score,0,"214.00,126.00,235.00,159.00"
op3,test,/home/ubuntu/hpproject/yolo/dataset/yolo/datasetm6c/images/test/0426.png,7,32-64,0.189011350274086,ios,0.997954249382019,0.0,0.0,0.997954249382019,0.0,0.0,low_score,0,"281.00,122.00,312.00,158.00"
op3,test,/home/ubuntu/hpproject/yolo/dataset/yolo/datasetm6c/images/test/0426.png,8,32-64,0.189011350274086,ios,0.9845361113548279,0.0,0.0,0.9845361113548279,0.0,0.0,low_score,0,"248.00,108.00,285.00,138.00"
op3,test,/home/ubuntu/hpproject/yolo/dataset/yolo/datasetm6c/images/test/0426.png,9,32-64,0.1730482280254364,ios,0.9391130208969116,0.0,0.0,0.9391130208969116,0.0,0.0,low_score,0,"179.00,98.00,243.00,123.00"
op3,test,/home/ubuntu/hpproject/yolo/dataset/yolo/datasetm6c/images/test/0430.png,0,32-64,0.2892385423183441,ios,1.0,0.0,0.0,1.0,0.0,0.0,low_score,0,"194.00,163.00,254.00,189.00"
op3,test,/home/ubuntu/hpproject/yolo/dataset/yolo/datasetm6c/images/test/0432.png,2,32-64,0.030522555112838745,ios,1.0,0.0,0.0,1.0,0.0,0.0,low_score,0,"385.00,143.00,414.00,197.00"
op3,test,/home/ubuntu/hpproject/yolo/dataset/yolo/datasetm6c/images/test/0432.png,4,16-32,0.03271865472197533,ios,0.6916255354881287,0.0,0.0,0.6916255354881287,0.0,0.0,low_score,0,"340.00,102.00,364.00,133.00"
op3,test,/home/ubuntu/hpproject/yolo/dataset/yolo/datasetm6c/images/test/0436.png,0,32-64,0.0,ios,0.0,0.0,0.0,0.0,0.0,0.0,no_response,0,"135.00,286.00,174.00,328.00"
op3,test,/home/ubuntu/hpproject/yolo/dataset/yolo/datasetm6c/images/test/0450.png,1,32-64,0.0,ios,0.0,0.0,0.0,0.0,0.0,0.0,no_response,0,"207.00,119.00,282.00,154.00"
